ISO-10303-21;
HEADER;
/* Generated by software containing ST-Developer
 * from STEP Tools, Inc. (www.steptools.com) 
 */

FILE_DESCRIPTION(
/* description */ (''),
/* implementation_level */ '2;1');

FILE_NAME(
/* name */ 'Acuator Host-Join-modified.step',
/* time_stamp */ '2026-09-04T21:30:32+10:00',
/* author */ (''),
/* organization */ (''),
/* preprocessor_version */ 'ST-DEVELOPER v20.2',
/* originating_system */ 'Autodesk Translation Framework v15.15.0.0',
/* authorisation */ '');

FILE_SCHEMA (('AUTOMOTIVE_DESIGN { 1 0 10303 214 3 1 1 }'));
ENDSEC;

DATA;
#10=MECHANICAL_DESIGN_GEOMETRIC_PRESENTATION_REPRESENTATION('',(#13),#3103);
#11=SHAPE_REPRESENTATION_RELATIONSHIP('SRR','None',#3109,#12);
#12=ADVANCED_BREP_SHAPE_REPRESENTATION('',(#14),#3102);
#13=STYLED_ITEM('',(#3118),#14);
#14=MANIFOLD_SOLID_BREP('Body20',#1657);
#15=B_SPLINE_SURFACE_WITH_KNOTS('',3,3,((#2642,#2643,#2644,#2645,#2646,
#2647,#2648),(#2649,#2650,#2651,#2652,#2653,#2654,#2655),(#2656,#2657,#2658,
#2659,#2660,#2661,#2662),(#2663,#2664,#2665,#2666,#2667,#2668,#2669),(#2670,
#2671,#2672,#2673,#2674,#2675,#2676)),.UNSPECIFIED.,.F.,.F.,.F.,(4,1,4),
(4,1,1,1,4),(0.,0.571428571428571,1.),(0.,0.0857739448904958,0.128660917335744,
0.214434862226239,0.300208807116735),.UNSPECIFIED.);
#16=B_SPLINE_SURFACE_WITH_KNOTS('',3,3,((#2709,#2710,#2711,#2712,#2713,
#2714,#2715),(#2716,#2717,#2718,#2719,#2720,#2721,#2722),(#2723,#2724,#2725,
#2726,#2727,#2728,#2729),(#2730,#2731,#2732,#2733,#2734,#2735,#2736),(#2737,
#2738,#2739,#2740,#2741,#2742,#2743)),.UNSPECIFIED.,.F.,.F.,.F.,(4,1,4),
(4,1,1,1,4),(0.,0.571428571428571,1.),(4.75587110271925E-17,0.0857733455799379,
0.128660018369907,0.214433363949845,0.300206709529783),.UNSPECIFIED.);
#17=B_SPLINE_CURVE_WITH_KNOTS('',3,(#2463,#2464,#2465,#2466,#2467,#2468,
#2469,#2470,#2471,#2472,#2473,#2474,#2475,#2476),.UNSPECIFIED.,.F.,.F.,
(4,2,2,2,2,2,4),(-1.02263737079583,-1.0214182874341,-0.877912218877352,
-0.740429119570773,-0.639306204756456,-0.569699112447066,-0.510709143717154),
 .UNSPECIFIED.);
#18=B_SPLINE_CURVE_WITH_KNOTS('',3,(#2485,#2486,#2487,#2488,#2489,#2490,
#2491,#2492,#2493,#2494,#2495,#2496,#2497,#2498),.UNSPECIFIED.,.F.,.F.,
(4,2,2,2,2,2,4),(-0.0010305853265008,0.,0.11029656175505,0.210417484330595,
0.29534285722868,0.357333967103617,0.411153638264186),.UNSPECIFIED.);
#19=B_SPLINE_CURVE_WITH_KNOTS('',3,(#2507,#2508,#2509,#2510,#2511,#2512,
#2513,#2514,#2515,#2516,#2517,#2518,#2519,#2520),.UNSPECIFIED.,.F.,.F.,
(4,2,2,2,2,2,4),(-0.823337862053129,-0.822307276726546,-0.712010714948167,
-0.611889792347482,-0.526964419428069,-0.464973309537576,-0.411153638363521),
 .UNSPECIFIED.);
#20=B_SPLINE_CURVE_WITH_KNOTS('',3,(#2529,#2530,#2531,#2532,#2533,#2534,
#2535,#2536,#2537,#2538,#2539,#2540,#2541,#2542),.UNSPECIFIED.,.F.,.F.,
(4,2,2,2,2,2,4),(-0.00121908336151661,0.,0.143506068542513,0.280989167834344,
0.382112082638021,0.451719174940084,0.51070914366379),.UNSPECIFIED.);
#21=B_SPLINE_CURVE_WITH_KNOTS('',3,(#2551,#2552,#2553,#2554,#2555,#2556,
#2557,#2558,#2559,#2560,#2561,#2562,#2563,#2564),.UNSPECIFIED.,.F.,.F.,
(4,2,2,2,2,2,4),(-1.02263737097356,-1.02141828761186,-0.877912219032843,
-0.74042911970114,-0.639306204868293,-0.569699112546159,-0.510709143805467),
 .UNSPECIFIED.);
#22=B_SPLINE_CURVE_WITH_KNOTS('',3,(#2582,#2583,#2584,#2585,#2586,#2587,
#2588,#2589,#2590,#2591,#2592,#2593,#2594,#2595),.UNSPECIFIED.,.F.,.F.,
(4,2,2,2,2,2,4),(-0.00103058533749939,0.,0.110296561774069,0.210417484369387,
0.295342857284256,0.357333967171433,0.411153638342602),.UNSPECIFIED.);
#23=B_SPLINE_CURVE_WITH_KNOTS('',3,(#2622,#2623,#2624,#2625,#2626,#2627,
#2628,#2629,#2630,#2631,#2632,#2633,#2634,#2635),.UNSPECIFIED.,.F.,.F.,
(4,2,2,2,2,2,4),(-0.823337861852474,-0.822307276526191,-0.712010714771929,
-0.611889792196615,-0.526964419298717,-0.464973309423933,-0.411153638263491),
 .UNSPECIFIED.);
#24=B_SPLINE_CURVE_WITH_KNOTS('',3,(#2680,#2681,#2682,#2683,#2684,#2685,
#2686),.UNSPECIFIED.,.F.,.F.,(4,1,1,1,4),(-0.300208807116735,-0.214434862226239,
-0.128660917335744,-0.0857739448904958,0.),.UNSPECIFIED.);
#25=B_SPLINE_CURVE_WITH_KNOTS('',3,(#2687,#2688,#2689,#2690,#2691,#2692,
#2693),.UNSPECIFIED.,.F.,.F.,(4,1,1,1,4),(0.,0.0857739448904958,0.128660917335744,
0.214434862226239,0.300208807116735),.UNSPECIFIED.);
#26=B_SPLINE_CURVE_WITH_KNOTS('',3,(#2747,#2748,#2749,#2750,#2751,#2752,
#2753),.UNSPECIFIED.,.F.,.F.,(4,1,1,1,4),(-0.300206709529783,-0.214433363949845,
-0.128660018369907,-0.0857733455799379,-4.75587110271925E-17),
 .UNSPECIFIED.);
#27=B_SPLINE_CURVE_WITH_KNOTS('',3,(#2754,#2755,#2756,#2757,#2758,#2759,
#2760),.UNSPECIFIED.,.F.,.F.,(4,1,1,1,4),(4.75587110271925E-17,0.0857733455799379,
0.128660018369907,0.214433363949845,0.300206709529783),.UNSPECIFIED.);
#28=B_SPLINE_CURVE_WITH_KNOTS('',3,(#2778,#2779,#2780,#2781,#2782,#2783,
#2784,#2785,#2786,#2787,#2788,#2789,#2790,#2791),.UNSPECIFIED.,.F.,.F.,
(4,2,2,2,2,2,4),(-0.0012190833619598,0.,0.143506068580811,0.280989167913726,
0.382112082747566,0.451719175070414,0.510709143811718),.UNSPECIFIED.);
#29=TOROIDAL_SURFACE('',#1679,13.,2.);
#30=TOROIDAL_SURFACE('',#1685,13.,2.);
#31=TOROIDAL_SURFACE('',#1691,13.,2.);
#32=TOROIDAL_SURFACE('',#1697,13.,2.);
#33=TOROIDAL_SURFACE('',#1702,5.,2.);
#34=TOROIDAL_SURFACE('',#1707,5.,2.);
#35=TOROIDAL_SURFACE('',#1712,13.,2.);
#36=TOROIDAL_SURFACE('',#1721,13.,2.);
#37=TOROIDAL_SURFACE('',#1729,13.,2.);
#38=TOROIDAL_SURFACE('',#1734,5.,2.);
#39=TOROIDAL_SURFACE('',#1739,5.,2.);
#40=TOROIDAL_SURFACE('',#1746,13.,2.);
#41=TOROIDAL_SURFACE('',#1749,2.5,0.5);
#42=TOROIDAL_SURFACE('',#1776,14.,2.);
#43=TOROIDAL_SURFACE('',#1782,14.,2.);
#44=TOROIDAL_SURFACE('',#1788,14.,2.);
#45=TOROIDAL_SURFACE('',#1794,14.,2.);
#46=TOROIDAL_SURFACE('',#1810,2.5,0.5);
#47=TOROIDAL_SURFACE('',#1821,2.5,0.5);
#48=TOROIDAL_SURFACE('',#1827,2.5,0.5);
#49=FACE_BOUND('',#196,.T.);
#50=FACE_BOUND('',#199,.T.);
#51=FACE_BOUND('',#202,.T.);
#52=FACE_BOUND('',#205,.T.);
#53=FACE_BOUND('',#260,.T.);
#54=FACE_BOUND('',#261,.T.);
#55=FACE_BOUND('',#303,.T.);
#56=FACE_BOUND('',#304,.T.);
#57=FACE_BOUND('',#305,.T.);
#58=FACE_BOUND('',#306,.T.);
#59=FACE_BOUND('',#307,.T.);
#60=PLANE('',#1662);
#61=PLANE('',#1667);
#62=PLANE('',#1672);
#63=PLANE('',#1677);
#64=PLANE('',#1757);
#65=PLANE('',#1760);
#66=PLANE('',#1763);
#67=PLANE('',#1766);
#68=PLANE('',#1769);
#69=PLANE('',#1772);
#70=PLANE('',#1799);
#71=PLANE('',#1802);
#72=PLANE('',#1803);
#73=PLANE('',#1815);
#74=PLANE('',#1817);
#75=PLANE('',#1831);
#76=PLANE('',#1833);
#77=PLANE('',#1835);
#78=PLANE('',#1837);
#79=PLANE('',#1839);
#80=PLANE('',#1841);
#81=PLANE('',#1844);
#82=PLANE('',#1851);
#83=PLANE('',#1852);
#84=PLANE('',#1859);
#85=PLANE('',#1860);
#86=PLANE('',#1865);
#87=PLANE('',#1866);
#88=PLANE('',#1867);
#89=PLANE('',#1870);
#90=PLANE('',#1873);
#91=FACE_OUTER_BOUND('',#194,.T.);
#92=FACE_OUTER_BOUND('',#195,.T.);
#93=FACE_OUTER_BOUND('',#197,.T.);
#94=FACE_OUTER_BOUND('',#198,.T.);
#95=FACE_OUTER_BOUND('',#200,.T.);
#96=FACE_OUTER_BOUND('',#201,.T.);
#97=FACE_OUTER_BOUND('',#203,.T.);
#98=FACE_OUTER_BOUND('',#204,.T.);
#99=FACE_OUTER_BOUND('',#206,.T.);
#100=FACE_OUTER_BOUND('',#207,.T.);
#101=FACE_OUTER_BOUND('',#208,.T.);
#102=FACE_OUTER_BOUND('',#209,.T.);
#103=FACE_OUTER_BOUND('',#210,.T.);
#104=FACE_OUTER_BOUND('',#211,.T.);
#105=FACE_OUTER_BOUND('',#212,.T.);
#106=FACE_OUTER_BOUND('',#213,.T.);
#107=FACE_OUTER_BOUND('',#214,.T.);
#108=FACE_OUTER_BOUND('',#215,.T.);
#109=FACE_OUTER_BOUND('',#216,.T.);
#110=FACE_OUTER_BOUND('',#217,.T.);
#111=FACE_OUTER_BOUND('',#218,.T.);
#112=FACE_OUTER_BOUND('',#219,.T.);
#113=FACE_OUTER_BOUND('',#220,.T.);
#114=FACE_OUTER_BOUND('',#221,.T.);
#115=FACE_OUTER_BOUND('',#222,.T.);
#116=FACE_OUTER_BOUND('',#223,.T.);
#117=FACE_OUTER_BOUND('',#224,.T.);
#118=FACE_OUTER_BOUND('',#225,.T.);
#119=FACE_OUTER_BOUND('',#226,.T.);
#120=FACE_OUTER_BOUND('',#227,.T.);
#121=FACE_OUTER_BOUND('',#228,.T.);
#122=FACE_OUTER_BOUND('',#229,.T.);
#123=FACE_OUTER_BOUND('',#230,.T.);
#124=FACE_OUTER_BOUND('',#231,.T.);
#125=FACE_OUTER_BOUND('',#232,.T.);
#126=FACE_OUTER_BOUND('',#233,.T.);
#127=FACE_OUTER_BOUND('',#234,.T.);
#128=FACE_OUTER_BOUND('',#235,.T.);
#129=FACE_OUTER_BOUND('',#236,.T.);
#130=FACE_OUTER_BOUND('',#237,.T.);
#131=FACE_OUTER_BOUND('',#238,.T.);
#132=FACE_OUTER_BOUND('',#239,.T.);
#133=FACE_OUTER_BOUND('',#240,.T.);
#134=FACE_OUTER_BOUND('',#241,.T.);
#135=FACE_OUTER_BOUND('',#242,.T.);
#136=FACE_OUTER_BOUND('',#243,.T.);
#137=FACE_OUTER_BOUND('',#244,.T.);
#138=FACE_OUTER_BOUND('',#245,.T.);
#139=FACE_OUTER_BOUND('',#246,.T.);
#140=FACE_OUTER_BOUND('',#247,.T.);
#141=FACE_OUTER_BOUND('',#248,.T.);
#142=FACE_OUTER_BOUND('',#249,.T.);
#143=FACE_OUTER_BOUND('',#250,.T.);
#144=FACE_OUTER_BOUND('',#251,.T.);
#145=FACE_OUTER_BOUND('',#252,.T.);
#146=FACE_OUTER_BOUND('',#253,.T.);
#147=FACE_OUTER_BOUND('',#254,.T.);
#148=FACE_OUTER_BOUND('',#255,.T.);
#149=FACE_OUTER_BOUND('',#256,.T.);
#150=FACE_OUTER_BOUND('',#257,.T.);
#151=FACE_OUTER_BOUND('',#258,.T.);
#152=FACE_OUTER_BOUND('',#259,.T.);
#153=FACE_OUTER_BOUND('',#262,.T.);
#154=FACE_OUTER_BOUND('',#263,.T.);
#155=FACE_OUTER_BOUND('',#264,.T.);
#156=FACE_OUTER_BOUND('',#265,.T.);
#157=FACE_OUTER_BOUND('',#266,.T.);
#158=FACE_OUTER_BOUND('',#267,.T.);
#159=FACE_OUTER_BOUND('',#268,.T.);
#160=FACE_OUTER_BOUND('',#269,.T.);
#161=FACE_OUTER_BOUND('',#270,.T.);
#162=FACE_OUTER_BOUND('',#271,.T.);
#163=FACE_OUTER_BOUND('',#272,.T.);
#164=FACE_OUTER_BOUND('',#273,.T.);
#165=FACE_OUTER_BOUND('',#274,.T.);
#166=FACE_OUTER_BOUND('',#275,.T.);
#167=FACE_OUTER_BOUND('',#276,.T.);
#168=FACE_OUTER_BOUND('',#277,.T.);
#169=FACE_OUTER_BOUND('',#278,.T.);
#170=FACE_OUTER_BOUND('',#279,.T.);
#171=FACE_OUTER_BOUND('',#280,.T.);
#172=FACE_OUTER_BOUND('',#281,.T.);
#173=FACE_OUTER_BOUND('',#282,.T.);
#174=FACE_OUTER_BOUND('',#283,.T.);
#175=FACE_OUTER_BOUND('',#284,.T.);
#176=FACE_OUTER_BOUND('',#285,.T.);
#177=FACE_OUTER_BOUND('',#286,.T.);
#178=FACE_OUTER_BOUND('',#287,.T.);
#179=FACE_OUTER_BOUND('',#288,.T.);
#180=FACE_OUTER_BOUND('',#289,.T.);
#181=FACE_OUTER_BOUND('',#290,.T.);
#182=FACE_OUTER_BOUND('',#291,.T.);
#183=FACE_OUTER_BOUND('',#292,.T.);
#184=FACE_OUTER_BOUND('',#293,.T.);
#185=FACE_OUTER_BOUND('',#294,.T.);
#186=FACE_OUTER_BOUND('',#295,.T.);
#187=FACE_OUTER_BOUND('',#296,.T.);
#188=FACE_OUTER_BOUND('',#297,.T.);
#189=FACE_OUTER_BOUND('',#298,.T.);
#190=FACE_OUTER_BOUND('',#299,.T.);
#191=FACE_OUTER_BOUND('',#300,.T.);
#192=FACE_OUTER_BOUND('',#301,.T.);
#193=FACE_OUTER_BOUND('',#302,.T.);
#194=EDGE_LOOP('',(#1028,#1029,#1030,#1031));
#195=EDGE_LOOP('',(#1032));
#196=EDGE_LOOP('',(#1033));
#197=EDGE_LOOP('',(#1034,#1035,#1036,#1037));
#198=EDGE_LOOP('',(#1038));
#199=EDGE_LOOP('',(#1039));
#200=EDGE_LOOP('',(#1040,#1041,#1042,#1043));
#201=EDGE_LOOP('',(#1044));
#202=EDGE_LOOP('',(#1045));
#203=EDGE_LOOP('',(#1046,#1047,#1048,#1049));
#204=EDGE_LOOP('',(#1050));
#205=EDGE_LOOP('',(#1051));
#206=EDGE_LOOP('',(#1052,#1053,#1054,#1055));
#207=EDGE_LOOP('',(#1056,#1057,#1058,#1059));
#208=EDGE_LOOP('',(#1060,#1061,#1062,#1063));
#209=EDGE_LOOP('',(#1064,#1065,#1066,#1067));
#210=EDGE_LOOP('',(#1068,#1069,#1070,#1071));
#211=EDGE_LOOP('',(#1072,#1073,#1074,#1075));
#212=EDGE_LOOP('',(#1076,#1077,#1078,#1079));
#213=EDGE_LOOP('',(#1080,#1081,#1082,#1083));
#214=EDGE_LOOP('',(#1084,#1085,#1086,#1087));
#215=EDGE_LOOP('',(#1088,#1089,#1090,#1091));
#216=EDGE_LOOP('',(#1092,#1093,#1094,#1095));
#217=EDGE_LOOP('',(#1096,#1097,#1098,#1099));
#218=EDGE_LOOP('',(#1100,#1101,#1102,#1103));
#219=EDGE_LOOP('',(#1104,#1105,#1106,#1107));
#220=EDGE_LOOP('',(#1108,#1109,#1110,#1111));
#221=EDGE_LOOP('',(#1112,#1113,#1114,#1115));
#222=EDGE_LOOP('',(#1116,#1117,#1118,#1119));
#223=EDGE_LOOP('',(#1120,#1121,#1122,#1123));
#224=EDGE_LOOP('',(#1124,#1125,#1126,#1127));
#225=EDGE_LOOP('',(#1128,#1129,#1130,#1131));
#226=EDGE_LOOP('',(#1132,#1133,#1134,#1135));
#227=EDGE_LOOP('',(#1136,#1137,#1138,#1139));
#228=EDGE_LOOP('',(#1140,#1141,#1142,#1143));
#229=EDGE_LOOP('',(#1144,#1145,#1146,#1147));
#230=EDGE_LOOP('',(#1148,#1149,#1150,#1151));
#231=EDGE_LOOP('',(#1152,#1153,#1154,#1155));
#232=EDGE_LOOP('',(#1156,#1157,#1158,#1159));
#233=EDGE_LOOP('',(#1160,#1161,#1162,#1163));
#234=EDGE_LOOP('',(#1164,#1165,#1166,#1167,#1168,#1169));
#235=EDGE_LOOP('',(#1170,#1171,#1172,#1173));
#236=EDGE_LOOP('',(#1174,#1175,#1176,#1177));
#237=EDGE_LOOP('',(#1178,#1179,#1180,#1181));
#238=EDGE_LOOP('',(#1182,#1183,#1184,#1185));
#239=EDGE_LOOP('',(#1186,#1187,#1188,#1189));
#240=EDGE_LOOP('',(#1190,#1191,#1192,#1193));
#241=EDGE_LOOP('',(#1194,#1195,#1196,#1197));
#242=EDGE_LOOP('',(#1198,#1199,#1200,#1201,#1202,#1203));
#243=EDGE_LOOP('',(#1204,#1205,#1206,#1207));
#244=EDGE_LOOP('',(#1208,#1209,#1210,#1211));
#245=EDGE_LOOP('',(#1212,#1213,#1214,#1215));
#246=EDGE_LOOP('',(#1216,#1217,#1218,#1219));
#247=EDGE_LOOP('',(#1220,#1221,#1222,#1223));
#248=EDGE_LOOP('',(#1224,#1225,#1226,#1227));
#249=EDGE_LOOP('',(#1228,#1229,#1230,#1231));
#250=EDGE_LOOP('',(#1232,#1233,#1234,#1235));
#251=EDGE_LOOP('',(#1236,#1237,#1238,#1239));
#252=EDGE_LOOP('',(#1240,#1241,#1242,#1243));
#253=EDGE_LOOP('',(#1244,#1245,#1246,#1247));
#254=EDGE_LOOP('',(#1248,#1249,#1250,#1251));
#255=EDGE_LOOP('',(#1252,#1253,#1254,#1255));
#256=EDGE_LOOP('',(#1256,#1257,#1258,#1259));
#257=EDGE_LOOP('',(#1260,#1261,#1262,#1263));
#258=EDGE_LOOP('',(#1264,#1265,#1266,#1267));
#259=EDGE_LOOP('',(#1268,#1269,#1270,#1271,#1272,#1273,#1274,#1275));
#260=EDGE_LOOP('',(#1276,#1277,#1278,#1279));
#261=EDGE_LOOP('',(#1280,#1281,#1282,#1283));
#262=EDGE_LOOP('',(#1284,#1285,#1286,#1287));
#263=EDGE_LOOP('',(#1288,#1289,#1290,#1291));
#264=EDGE_LOOP('',(#1292,#1293,#1294,#1295));
#265=EDGE_LOOP('',(#1296,#1297,#1298,#1299));
#266=EDGE_LOOP('',(#1300,#1301,#1302,#1303));
#267=EDGE_LOOP('',(#1304,#1305,#1306,#1307,#1308,#1309,#1310,#1311,#1312,
#1313,#1314,#1315,#1316,#1317,#1318,#1319,#1320,#1321,#1322,#1323,#1324,
#1325,#1326,#1327,#1328,#1329,#1330,#1331,#1332,#1333,#1334,#1335,#1336,
#1337,#1338,#1339));
#268=EDGE_LOOP('',(#1340,#1341,#1342,#1343,#1344,#1345));
#269=EDGE_LOOP('',(#1346,#1347,#1348,#1349));
#270=EDGE_LOOP('',(#1350,#1351,#1352,#1353));
#271=EDGE_LOOP('',(#1354,#1355,#1356,#1357));
#272=EDGE_LOOP('',(#1358,#1359,#1360,#1361));
#273=EDGE_LOOP('',(#1362,#1363,#1364,#1365));
#274=EDGE_LOOP('',(#1366));
#275=EDGE_LOOP('',(#1367));
#276=EDGE_LOOP('',(#1368));
#277=EDGE_LOOP('',(#1369));
#278=EDGE_LOOP('',(#1370,#1371,#1372,#1373));
#279=EDGE_LOOP('',(#1374,#1375,#1376,#1377));
#280=EDGE_LOOP('',(#1378,#1379,#1380,#1381));
#281=EDGE_LOOP('',(#1382,#1383,#1384,#1385));
#282=EDGE_LOOP('',(#1386,#1387,#1388,#1389));
#283=EDGE_LOOP('',(#1390,#1391,#1392,#1393));
#284=EDGE_LOOP('',(#1394,#1395,#1396,#1397));
#285=EDGE_LOOP('',(#1398,#1399,#1400,#1401));
#286=EDGE_LOOP('',(#1402,#1403,#1404,#1405));
#287=EDGE_LOOP('',(#1406,#1407,#1408,#1409));
#288=EDGE_LOOP('',(#1410,#1411,#1412,#1413));
#289=EDGE_LOOP('',(#1414,#1415,#1416,#1417));
#290=EDGE_LOOP('',(#1418,#1419,#1420,#1421));
#291=EDGE_LOOP('',(#1422,#1423,#1424,#1425));
#292=EDGE_LOOP('',(#1426,#1427,#1428,#1429));
#293=EDGE_LOOP('',(#1430,#1431,#1432,#1433));
#294=EDGE_LOOP('',(#1434,#1435,#1436,#1437));
#295=EDGE_LOOP('',(#1438,#1439,#1440,#1441));
#296=EDGE_LOOP('',(#1442,#1443,#1444,#1445));
#297=EDGE_LOOP('',(#1446,#1447,#1448,#1449,#1450,#1451));
#298=EDGE_LOOP('',(#1452,#1453,#1454,#1455));
#299=EDGE_LOOP('',(#1456,#1457,#1458,#1459));
#300=EDGE_LOOP('',(#1460,#1461,#1462,#1463));
#301=EDGE_LOOP('',(#1464,#1465,#1466,#1467));
#302=EDGE_LOOP('',(#1468,#1469,#1470,#1471,#1472,#1473,#1474,#1475));
#303=EDGE_LOOP('',(#1476));
#304=EDGE_LOOP('',(#1477));
#305=EDGE_LOOP('',(#1478));
#306=EDGE_LOOP('',(#1479));
#307=EDGE_LOOP('',(#1480,#1481,#1482,#1483,#1484,#1485,#1486,#1487,#1488,
#1489,#1490,#1491,#1492,#1493,#1494,#1495,#1496,#1497,#1498,#1499,#1500,
#1501,#1502,#1503));
#308=LINE('',#2423,#420);
#309=LINE('',#2432,#421);
#310=LINE('',#2441,#422);
#311=LINE('',#2450,#423);
#312=LINE('',#2480,#424);
#313=LINE('',#2484,#425);
#314=LINE('',#2524,#426);
#315=LINE('',#2528,#427);
#316=LINE('',#2569,#428);
#317=LINE('',#2570,#429);
#318=LINE('',#2577,#430);
#319=LINE('',#2581,#431);
#320=LINE('',#2603,#432);
#321=LINE('',#2604,#433);
#322=LINE('',#2612,#434);
#323=LINE('',#2613,#435);
#324=LINE('',#2640,#436);
#325=LINE('',#2641,#437);
#326=LINE('',#2696,#438);
#327=LINE('',#2699,#439);
#328=LINE('',#2707,#440);
#329=LINE('',#2708,#441);
#330=LINE('',#2763,#442);
#331=LINE('',#2766,#443);
#332=LINE('',#2773,#444);
#333=LINE('',#2777,#445);
#334=LINE('',#2799,#446);
#335=LINE('',#2800,#447);
#336=LINE('',#2808,#448);
#337=LINE('',#2809,#449);
#338=LINE('',#2814,#450);
#339=LINE('',#2815,#451);
#340=LINE('',#2831,#452);
#341=LINE('',#2834,#453);
#342=LINE('',#2837,#454);
#343=LINE('',#2838,#455);
#344=LINE('',#2841,#456);
#345=LINE('',#2845,#457);
#346=LINE('',#2846,#458);
#347=LINE('',#2849,#459);
#348=LINE('',#2853,#460);
#349=LINE('',#2854,#461);
#350=LINE('',#2857,#462);
#351=LINE('',#2861,#463);
#352=LINE('',#2862,#464);
#353=LINE('',#2865,#465);
#354=LINE('',#2869,#466);
#355=LINE('',#2870,#467);
#356=LINE('',#2873,#468);
#357=LINE('',#2877,#469);
#358=LINE('',#2878,#470);
#359=LINE('',#2884,#471);
#360=LINE('',#2887,#472);
#361=LINE('',#2898,#473);
#362=LINE('',#2899,#474);
#363=LINE('',#2910,#475);
#364=LINE('',#2911,#476);
#365=LINE('',#2922,#477);
#366=LINE('',#2923,#478);
#367=LINE('',#2929,#479);
#368=LINE('',#2932,#480);
#369=LINE('',#2935,#481);
#370=LINE('',#2936,#482);
#371=LINE('',#2939,#483);
#372=LINE('',#2943,#484);
#373=LINE('',#2944,#485);
#374=LINE('',#2950,#486);
#375=LINE('',#2953,#487);
#376=LINE('',#2958,#488);
#377=LINE('',#2961,#489);
#378=LINE('',#2966,#490);
#379=LINE('',#2967,#491);
#380=LINE('',#2975,#492);
#381=LINE('',#2976,#493);
#382=LINE('',#2978,#494);
#383=LINE('',#2979,#495);
#384=LINE('',#2981,#496);
#385=LINE('',#2986,#497);
#386=LINE('',#2990,#498);
#387=LINE('',#3001,#499);
#388=LINE('',#3007,#500);
#389=LINE('',#3009,#501);
#390=LINE('',#3010,#502);
#391=LINE('',#3012,#503);
#392=LINE('',#3026,#504);
#393=LINE('',#3029,#505);
#394=LINE('',#3032,#506);
#395=LINE('',#3035,#507);
#396=LINE('',#3038,#508);
#397=LINE('',#3041,#509);
#398=LINE('',#3044,#510);
#399=LINE('',#3047,#511);
#400=LINE('',#3048,#512);
#401=LINE('',#3051,#513);
#402=LINE('',#3052,#514);
#403=LINE('',#3055,#515);
#404=LINE('',#3060,#516);
#405=LINE('',#3062,#517);
#406=LINE('',#3064,#518);
#407=LINE('',#3067,#519);
#408=LINE('',#3068,#520);
#409=LINE('',#3071,#521);
#410=LINE('',#3073,#522);
#411=LINE('',#3074,#523);
#412=LINE('',#3080,#524);
#413=LINE('',#3082,#525);
#414=LINE('',#3084,#526);
#415=LINE('',#3087,#527);
#416=LINE('',#3088,#528);
#417=LINE('',#3091,#529);
#418=LINE('',#3095,#530);
#419=LINE('',#3096,#531);
#420=VECTOR('',#1880,1.40000000000001);
#421=VECTOR('',#1891,1.40000000000001);
#422=VECTOR('',#1902,1.40000000000001);
#423=VECTOR('',#1913,1.40000000000001);
#424=VECTOR('',#1930,10.);
#425=VECTOR('',#1933,10.);
#426=VECTOR('',#1944,10.);
#427=VECTOR('',#1947,10.);
#428=VECTOR('',#1960,10.);
#429=VECTOR('',#1961,10.);
#430=VECTOR('',#1970,10.);
#431=VECTOR('',#1973,10.);
#432=VECTOR('',#1984,10.);
#433=VECTOR('',#1985,10.);
#434=VECTOR('',#1996,10.);
#435=VECTOR('',#1997,10.);
#436=VECTOR('',#2010,10.);
#437=VECTOR('',#2011,10.);
#438=VECTOR('',#2016,10.);
#439=VECTOR('',#2019,10.);
#440=VECTOR('',#2030,10.);
#441=VECTOR('',#2031,10.);
#442=VECTOR('',#2036,10.);
#443=VECTOR('',#2039,10.);
#444=VECTOR('',#2048,10.);
#445=VECTOR('',#2051,10.);
#446=VECTOR('',#2062,10.);
#447=VECTOR('',#2063,10.);
#448=VECTOR('',#2074,10.);
#449=VECTOR('',#2075,10.);
#450=VECTOR('',#2080,10.);
#451=VECTOR('',#2081,10.);
#452=VECTOR('',#2102,10.);
#453=VECTOR('',#2105,10.);
#454=VECTOR('',#2108,10.);
#455=VECTOR('',#2109,10.);
#456=VECTOR('',#2112,10.);
#457=VECTOR('',#2117,10.);
#458=VECTOR('',#2118,10.);
#459=VECTOR('',#2121,10.);
#460=VECTOR('',#2126,10.);
#461=VECTOR('',#2127,10.);
#462=VECTOR('',#2130,10.);
#463=VECTOR('',#2135,10.);
#464=VECTOR('',#2136,10.);
#465=VECTOR('',#2139,10.);
#466=VECTOR('',#2144,10.);
#467=VECTOR('',#2145,10.);
#468=VECTOR('',#2148,10.);
#469=VECTOR('',#2153,10.);
#470=VECTOR('',#2154,10.);
#471=VECTOR('',#2159,10.);
#472=VECTOR('',#2162,10.);
#473=VECTOR('',#2175,10.);
#474=VECTOR('',#2176,10.);
#475=VECTOR('',#2189,10.);
#476=VECTOR('',#2190,10.);
#477=VECTOR('',#2203,10.);
#478=VECTOR('',#2204,10.);
#479=VECTOR('',#2213,10.);
#480=VECTOR('',#2216,10.);
#481=VECTOR('',#2219,10.);
#482=VECTOR('',#2220,10.);
#483=VECTOR('',#2223,10.);
#484=VECTOR('',#2228,10.);
#485=VECTOR('',#2229,10.);
#486=VECTOR('',#2234,10.);
#487=VECTOR('',#2237,10.);
#488=VECTOR('',#2240,10.);
#489=VECTOR('',#2243,10.);
#490=VECTOR('',#2248,10.);
#491=VECTOR('',#2249,10.);
#492=VECTOR('',#2260,10.);
#493=VECTOR('',#2261,10.);
#494=VECTOR('',#2264,10.);
#495=VECTOR('',#2265,10.);
#496=VECTOR('',#2268,10.);
#497=VECTOR('',#2273,10.);
#498=VECTOR('',#2276,10.);
#499=VECTOR('',#2291,10.);
#500=VECTOR('',#2300,10.);
#501=VECTOR('',#2303,10.);
#502=VECTOR('',#2304,10.);
#503=VECTOR('',#2307,10.);
#504=VECTOR('',#2326,10.);
#505=VECTOR('',#2331,10.);
#506=VECTOR('',#2336,1.6);
#507=VECTOR('',#2339,10.);
#508=VECTOR('',#2344,1.6);
#509=VECTOR('',#2347,10.);
#510=VECTOR('',#2350,10.);
#511=VECTOR('',#2353,10.);
#512=VECTOR('',#2354,10.);
#513=VECTOR('',#2357,10.);
#514=VECTOR('',#2358,10.);
#515=VECTOR('',#2361,10.);
#516=VECTOR('',#2368,10.);
#517=VECTOR('',#2371,1.6);
#518=VECTOR('',#2374,1.6);
#519=VECTOR('',#2377,10.);
#520=VECTOR('',#2378,10.);
#521=VECTOR('',#2381,10.);
#522=VECTOR('',#2382,10.);
#523=VECTOR('',#2383,10.);
#524=VECTOR('',#2392,10.);
#525=VECTOR('',#2395,10.);
#526=VECTOR('',#2398,10.);
#527=VECTOR('',#2401,10.);
#528=VECTOR('',#2402,10.);
#529=VECTOR('',#2405,10.);
#530=VECTOR('',#2410,10.);
#531=VECTOR('',#2411,10.);
#532=CIRCLE('',#1660,1.40000000000001);
#533=CIRCLE('',#1661,1.40000000000001);
#534=CIRCLE('',#1663,1.6);
#535=CIRCLE('',#1665,1.40000000000001);
#536=CIRCLE('',#1666,1.40000000000001);
#537=CIRCLE('',#1668,1.6);
#538=CIRCLE('',#1670,1.40000000000001);
#539=CIRCLE('',#1671,1.40000000000001);
#540=CIRCLE('',#1673,1.6);
#541=CIRCLE('',#1675,1.40000000000001);
#542=CIRCLE('',#1676,1.40000000000001);
#543=CIRCLE('',#1678,1.6);
#544=CIRCLE('',#1680,15.);
#545=CIRCLE('',#1681,2.);
#546=CIRCLE('',#1682,13.);
#547=CIRCLE('',#1684,2.);
#548=CIRCLE('',#1686,15.);
#549=CIRCLE('',#1687,2.);
#550=CIRCLE('',#1688,13.);
#551=CIRCLE('',#1690,2.);
#552=CIRCLE('',#1692,15.);
#553=CIRCLE('',#1693,2.);
#554=CIRCLE('',#1694,13.);
#555=CIRCLE('',#1696,2.);
#556=CIRCLE('',#1698,13.);
#557=CIRCLE('',#1699,15.);
#558=CIRCLE('',#1701,2.);
#559=CIRCLE('',#1703,2.00000059005584);
#560=CIRCLE('',#1704,5.);
#561=CIRCLE('',#1705,3.);
#562=CIRCLE('',#1708,1.99999940994408);
#563=CIRCLE('',#1709,5.);
#564=CIRCLE('',#1710,3.);
#565=CIRCLE('',#1713,15.);
#566=CIRCLE('',#1714,2.);
#567=CIRCLE('',#1715,13.);
#568=CIRCLE('',#1717,2.);
#569=CIRCLE('',#1718,2.);
#570=CIRCLE('',#1720,2.);
#571=CIRCLE('',#1722,13.);
#572=CIRCLE('',#1723,15.);
#573=CIRCLE('',#1725,2.);
#574=CIRCLE('',#1726,2.);
#575=CIRCLE('',#1728,2.);
#576=CIRCLE('',#1730,13.);
#577=CIRCLE('',#1731,15.);
#578=CIRCLE('',#1733,2.);
#579=CIRCLE('',#1735,2.00000000000003);
#580=CIRCLE('',#1736,5.);
#581=CIRCLE('',#1737,3.);
#582=CIRCLE('',#1740,2.00000000000001);
#583=CIRCLE('',#1741,5.);
#584=CIRCLE('',#1742,3.);
#585=CIRCLE('',#1745,2.);
#586=CIRCLE('',#1747,13.);
#587=CIRCLE('',#1748,15.);
#588=CIRCLE('',#1750,2.5);
#589=CIRCLE('',#1751,0.499999999999998);
#590=CIRCLE('',#1752,2.);
#591=CIRCLE('',#1753,0.5);
#592=CIRCLE('',#1754,2.5);
#593=CIRCLE('',#1756,15.);
#594=CIRCLE('',#1759,15.);
#595=CIRCLE('',#1762,3.);
#596=CIRCLE('',#1765,15.);
#597=CIRCLE('',#1768,15.);
#598=CIRCLE('',#1771,3.);
#599=CIRCLE('',#1774,2.);
#600=CIRCLE('',#1775,2.);
#601=CIRCLE('',#1777,2.);
#602=CIRCLE('',#1778,14.);
#603=CIRCLE('',#1779,16.);
#604=CIRCLE('',#1781,2.);
#605=CIRCLE('',#1783,2.);
#606=CIRCLE('',#1784,14.);
#607=CIRCLE('',#1785,16.);
#608=CIRCLE('',#1787,2.00000000000001);
#609=CIRCLE('',#1789,2.);
#610=CIRCLE('',#1790,14.);
#611=CIRCLE('',#1791,16.);
#612=CIRCLE('',#1793,2.);
#613=CIRCLE('',#1795,14.);
#614=CIRCLE('',#1796,16.);
#615=CIRCLE('',#1798,16.);
#616=CIRCLE('',#1801,16.);
#617=CIRCLE('',#1804,2.);
#618=CIRCLE('',#1805,2.);
#619=CIRCLE('',#1806,2.);
#620=CIRCLE('',#1807,2.);
#621=CIRCLE('',#1809,0.499999999999998);
#622=CIRCLE('',#1811,0.499999999999998);
#623=CIRCLE('',#1812,2.);
#624=CIRCLE('',#1813,2.5);
#625=CIRCLE('',#1818,2.5);
#626=CIRCLE('',#1819,2.5);
#627=CIRCLE('',#1820,2.5);
#628=CIRCLE('',#1822,0.499999999999998);
#629=CIRCLE('',#1823,2.);
#630=CIRCLE('',#1824,0.5);
#631=CIRCLE('',#1826,0.499999999999998);
#632=CIRCLE('',#1828,0.499999999999998);
#633=CIRCLE('',#1829,2.);
#634=CIRCLE('',#1834,1.6);
#635=CIRCLE('',#1836,1.6);
#636=CIRCLE('',#1838,1.6);
#637=CIRCLE('',#1840,1.6);
#638=CIRCLE('',#1847,15.);
#639=CIRCLE('',#1850,3.);
#640=CIRCLE('',#1854,15.);
#641=CIRCLE('',#1856,15.);
#642=CIRCLE('',#1862,3.);
#643=CIRCLE('',#1864,15.);
#644=CIRCLE('',#1869,16.);
#645=CIRCLE('',#1872,16.);
#646=VERTEX_POINT('',#2420);
#647=VERTEX_POINT('',#2422);
#648=VERTEX_POINT('',#2426);
#649=VERTEX_POINT('',#2429);
#650=VERTEX_POINT('',#2431);
#651=VERTEX_POINT('',#2435);
#652=VERTEX_POINT('',#2438);
#653=VERTEX_POINT('',#2440);
#654=VERTEX_POINT('',#2444);
#655=VERTEX_POINT('',#2447);
#656=VERTEX_POINT('',#2449);
#657=VERTEX_POINT('',#2453);
#658=VERTEX_POINT('',#2456);
#659=VERTEX_POINT('',#2457);
#660=VERTEX_POINT('',#2459);
#661=VERTEX_POINT('',#2461);
#662=VERTEX_POINT('',#2478);
#663=VERTEX_POINT('',#2479);
#664=VERTEX_POINT('',#2481);
#665=VERTEX_POINT('',#2483);
#666=VERTEX_POINT('',#2500);
#667=VERTEX_POINT('',#2501);
#668=VERTEX_POINT('',#2503);
#669=VERTEX_POINT('',#2505);
#670=VERTEX_POINT('',#2522);
#671=VERTEX_POINT('',#2523);
#672=VERTEX_POINT('',#2525);
#673=VERTEX_POINT('',#2527);
#674=VERTEX_POINT('',#2544);
#675=VERTEX_POINT('',#2545);
#676=VERTEX_POINT('',#2547);
#677=VERTEX_POINT('',#2549);
#678=VERTEX_POINT('',#2566);
#679=VERTEX_POINT('',#2567);
#680=VERTEX_POINT('',#2575);
#681=VERTEX_POINT('',#2576);
#682=VERTEX_POINT('',#2578);
#683=VERTEX_POINT('',#2580);
#684=VERTEX_POINT('',#2597);
#685=VERTEX_POINT('',#2598);
#686=VERTEX_POINT('',#2606);
#687=VERTEX_POINT('',#2607);
#688=VERTEX_POINT('',#2615);
#689=VERTEX_POINT('',#2616);
#690=VERTEX_POINT('',#2618);
#691=VERTEX_POINT('',#2620);
#692=VERTEX_POINT('',#2637);
#693=VERTEX_POINT('',#2638);
#694=VERTEX_POINT('',#2677);
#695=VERTEX_POINT('',#2678);
#696=VERTEX_POINT('',#2695);
#697=VERTEX_POINT('',#2697);
#698=VERTEX_POINT('',#2704);
#699=VERTEX_POINT('',#2705);
#700=VERTEX_POINT('',#2744);
#701=VERTEX_POINT('',#2745);
#702=VERTEX_POINT('',#2762);
#703=VERTEX_POINT('',#2764);
#704=VERTEX_POINT('',#2771);
#705=VERTEX_POINT('',#2772);
#706=VERTEX_POINT('',#2774);
#707=VERTEX_POINT('',#2776);
#708=VERTEX_POINT('',#2793);
#709=VERTEX_POINT('',#2794);
#710=VERTEX_POINT('',#2802);
#711=VERTEX_POINT('',#2803);
#712=VERTEX_POINT('',#2811);
#713=VERTEX_POINT('',#2812);
#714=VERTEX_POINT('',#2820);
#715=VERTEX_POINT('',#2822);
#716=VERTEX_POINT('',#2824);
#717=VERTEX_POINT('',#2826);
#718=VERTEX_POINT('',#2830);
#719=VERTEX_POINT('',#2832);
#720=VERTEX_POINT('',#2836);
#721=VERTEX_POINT('',#2840);
#722=VERTEX_POINT('',#2844);
#723=VERTEX_POINT('',#2848);
#724=VERTEX_POINT('',#2852);
#725=VERTEX_POINT('',#2856);
#726=VERTEX_POINT('',#2860);
#727=VERTEX_POINT('',#2864);
#728=VERTEX_POINT('',#2868);
#729=VERTEX_POINT('',#2872);
#730=VERTEX_POINT('',#2876);
#731=VERTEX_POINT('',#2880);
#732=VERTEX_POINT('',#2881);
#733=VERTEX_POINT('',#2883);
#734=VERTEX_POINT('',#2885);
#735=VERTEX_POINT('',#2889);
#736=VERTEX_POINT('',#2890);
#737=VERTEX_POINT('',#2895);
#738=VERTEX_POINT('',#2896);
#739=VERTEX_POINT('',#2901);
#740=VERTEX_POINT('',#2902);
#741=VERTEX_POINT('',#2907);
#742=VERTEX_POINT('',#2908);
#743=VERTEX_POINT('',#2913);
#744=VERTEX_POINT('',#2914);
#745=VERTEX_POINT('',#2919);
#746=VERTEX_POINT('',#2920);
#747=VERTEX_POINT('',#2928);
#748=VERTEX_POINT('',#2930);
#749=VERTEX_POINT('',#2934);
#750=VERTEX_POINT('',#2938);
#751=VERTEX_POINT('',#2942);
#752=VERTEX_POINT('',#2946);
#753=VERTEX_POINT('',#2947);
#754=VERTEX_POINT('',#2949);
#755=VERTEX_POINT('',#2951);
#756=VERTEX_POINT('',#2954);
#757=VERTEX_POINT('',#2955);
#758=VERTEX_POINT('',#2957);
#759=VERTEX_POINT('',#2959);
#760=VERTEX_POINT('',#2963);
#761=VERTEX_POINT('',#2964);
#762=VERTEX_POINT('',#2969);
#763=VERTEX_POINT('',#2970);
#764=VERTEX_POINT('',#2983);
#765=VERTEX_POINT('',#2985);
#766=VERTEX_POINT('',#2987);
#767=VERTEX_POINT('',#2989);
#768=VERTEX_POINT('',#2993);
#769=VERTEX_POINT('',#2995);
#770=VERTEX_POINT('',#2999);
#771=VERTEX_POINT('',#3003);
#772=VERTEX_POINT('',#3014);
#773=VERTEX_POINT('',#3017);
#774=VERTEX_POINT('',#3020);
#775=VERTEX_POINT('',#3023);
#776=VERTEX_POINT('',#3034);
#777=VERTEX_POINT('',#3040);
#778=VERTEX_POINT('',#3042);
#779=VERTEX_POINT('',#3046);
#780=VERTEX_POINT('',#3050);
#781=VERTEX_POINT('',#3054);
#782=VERTEX_POINT('',#3058);
#783=VERTEX_POINT('',#3066);
#784=VERTEX_POINT('',#3070);
#785=VERTEX_POINT('',#3072);
#786=VERTEX_POINT('',#3078);
#787=VERTEX_POINT('',#3086);
#788=VERTEX_POINT('',#3090);
#789=VERTEX_POINT('',#3094);
#790=EDGE_CURVE('',#646,#646,#532,.T.);
#791=EDGE_CURVE('',#646,#647,#308,.T.);
#792=EDGE_CURVE('',#647,#647,#533,.T.);
#793=EDGE_CURVE('',#648,#648,#534,.T.);
#794=EDGE_CURVE('',#649,#649,#535,.T.);
#795=EDGE_CURVE('',#649,#650,#309,.T.);
#796=EDGE_CURVE('',#650,#650,#536,.T.);
#797=EDGE_CURVE('',#651,#651,#537,.T.);
#798=EDGE_CURVE('',#652,#652,#538,.T.);
#799=EDGE_CURVE('',#652,#653,#310,.T.);
#800=EDGE_CURVE('',#653,#653,#539,.T.);
#801=EDGE_CURVE('',#654,#654,#540,.T.);
#802=EDGE_CURVE('',#655,#655,#541,.T.);
#803=EDGE_CURVE('',#655,#656,#311,.T.);
#804=EDGE_CURVE('',#656,#656,#542,.T.);
#805=EDGE_CURVE('',#657,#657,#543,.T.);
#806=EDGE_CURVE('',#658,#659,#544,.T.);
#807=EDGE_CURVE('',#659,#660,#545,.T.);
#808=EDGE_CURVE('',#660,#661,#546,.T.);
#809=EDGE_CURVE('',#661,#658,#17,.T.);
#810=EDGE_CURVE('',#662,#663,#312,.T.);
#811=EDGE_CURVE('',#663,#664,#547,.T.);
#812=EDGE_CURVE('',#664,#665,#313,.T.);
#813=EDGE_CURVE('',#665,#662,#18,.T.);
#814=EDGE_CURVE('',#666,#667,#548,.T.);
#815=EDGE_CURVE('',#667,#668,#549,.T.);
#816=EDGE_CURVE('',#668,#669,#550,.T.);
#817=EDGE_CURVE('',#669,#666,#19,.T.);
#818=EDGE_CURVE('',#670,#671,#314,.T.);
#819=EDGE_CURVE('',#671,#672,#551,.T.);
#820=EDGE_CURVE('',#672,#673,#315,.T.);
#821=EDGE_CURVE('',#673,#670,#20,.T.);
#822=EDGE_CURVE('',#674,#675,#552,.T.);
#823=EDGE_CURVE('',#675,#676,#553,.T.);
#824=EDGE_CURVE('',#676,#677,#554,.T.);
#825=EDGE_CURVE('',#677,#674,#21,.T.);
#826=EDGE_CURVE('',#678,#679,#555,.T.);
#827=EDGE_CURVE('',#679,#676,#316,.T.);
#828=EDGE_CURVE('',#675,#678,#317,.T.);
#829=EDGE_CURVE('',#673,#679,#556,.T.);
#830=EDGE_CURVE('',#678,#670,#557,.T.);
#831=EDGE_CURVE('',#680,#681,#318,.T.);
#832=EDGE_CURVE('',#681,#682,#558,.T.);
#833=EDGE_CURVE('',#682,#683,#319,.T.);
#834=EDGE_CURVE('',#683,#680,#22,.T.);
#835=EDGE_CURVE('',#684,#685,#559,.T.);
#836=EDGE_CURVE('',#685,#682,#560,.T.);
#837=EDGE_CURVE('',#681,#684,#561,.T.);
#838=EDGE_CURVE('',#677,#685,#320,.T.);
#839=EDGE_CURVE('',#684,#674,#321,.T.);
#840=EDGE_CURVE('',#686,#687,#562,.T.);
#841=EDGE_CURVE('',#687,#672,#563,.T.);
#842=EDGE_CURVE('',#671,#686,#564,.T.);
#843=EDGE_CURVE('',#669,#687,#322,.T.);
#844=EDGE_CURVE('',#686,#666,#323,.T.);
#845=EDGE_CURVE('',#688,#689,#565,.T.);
#846=EDGE_CURVE('',#689,#690,#566,.T.);
#847=EDGE_CURVE('',#690,#691,#567,.T.);
#848=EDGE_CURVE('',#691,#688,#23,.T.);
#849=EDGE_CURVE('',#692,#693,#568,.T.);
#850=EDGE_CURVE('',#693,#690,#324,.T.);
#851=EDGE_CURVE('',#689,#692,#325,.T.);
#852=EDGE_CURVE('',#694,#695,#569,.T.);
#853=EDGE_CURVE('',#695,#693,#24,.T.);
#854=EDGE_CURVE('',#692,#694,#25,.T.);
#855=EDGE_CURVE('',#694,#696,#326,.T.);
#856=EDGE_CURVE('',#696,#697,#570,.T.);
#857=EDGE_CURVE('',#697,#695,#327,.T.);
#858=EDGE_CURVE('',#683,#697,#571,.T.);
#859=EDGE_CURVE('',#696,#680,#572,.T.);
#860=EDGE_CURVE('',#698,#699,#573,.T.);
#861=EDGE_CURVE('',#699,#668,#328,.T.);
#862=EDGE_CURVE('',#667,#698,#329,.T.);
#863=EDGE_CURVE('',#700,#701,#574,.T.);
#864=EDGE_CURVE('',#701,#699,#26,.T.);
#865=EDGE_CURVE('',#698,#700,#27,.T.);
#866=EDGE_CURVE('',#700,#702,#330,.T.);
#867=EDGE_CURVE('',#702,#703,#575,.T.);
#868=EDGE_CURVE('',#703,#701,#331,.T.);
#869=EDGE_CURVE('',#665,#703,#576,.T.);
#870=EDGE_CURVE('',#702,#662,#577,.T.);
#871=EDGE_CURVE('',#704,#705,#332,.T.);
#872=EDGE_CURVE('',#705,#706,#578,.T.);
#873=EDGE_CURVE('',#706,#707,#333,.T.);
#874=EDGE_CURVE('',#707,#704,#28,.T.);
#875=EDGE_CURVE('',#708,#709,#579,.T.);
#876=EDGE_CURVE('',#709,#706,#580,.T.);
#877=EDGE_CURVE('',#705,#708,#581,.T.);
#878=EDGE_CURVE('',#691,#709,#334,.T.);
#879=EDGE_CURVE('',#708,#688,#335,.T.);
#880=EDGE_CURVE('',#710,#711,#582,.T.);
#881=EDGE_CURVE('',#711,#664,#583,.T.);
#882=EDGE_CURVE('',#663,#710,#584,.T.);
#883=EDGE_CURVE('',#661,#711,#336,.T.);
#884=EDGE_CURVE('',#710,#658,#337,.T.);
#885=EDGE_CURVE('',#712,#713,#585,.T.);
#886=EDGE_CURVE('',#713,#660,#338,.T.);
#887=EDGE_CURVE('',#659,#712,#339,.T.);
#888=EDGE_CURVE('',#707,#713,#586,.T.);
#889=EDGE_CURVE('',#712,#704,#587,.T.);
#890=EDGE_CURVE('',#701,#714,#588,.T.);
#891=EDGE_CURVE('',#714,#715,#589,.T.);
#892=EDGE_CURVE('',#715,#716,#590,.T.);
#893=EDGE_CURVE('',#716,#717,#591,.T.);
#894=EDGE_CURVE('',#717,#699,#592,.T.);
#895=EDGE_CURVE('',#718,#678,#340,.T.);
#896=EDGE_CURVE('',#718,#719,#593,.T.);
#897=EDGE_CURVE('',#719,#670,#341,.T.);
#898=EDGE_CURVE('',#720,#675,#342,.T.);
#899=EDGE_CURVE('',#720,#718,#343,.T.);
#900=EDGE_CURVE('',#674,#721,#344,.T.);
#901=EDGE_CURVE('',#721,#720,#594,.T.);
#902=EDGE_CURVE('',#722,#684,#345,.T.);
#903=EDGE_CURVE('',#722,#721,#346,.T.);
#904=EDGE_CURVE('',#723,#681,#347,.T.);
#905=EDGE_CURVE('',#723,#722,#595,.T.);
#906=EDGE_CURVE('',#724,#680,#348,.T.);
#907=EDGE_CURVE('',#723,#724,#349,.T.);
#908=EDGE_CURVE('',#725,#696,#350,.T.);
#909=EDGE_CURVE('',#725,#724,#596,.T.);
#910=EDGE_CURVE('',#726,#689,#351,.T.);
#911=EDGE_CURVE('',#726,#725,#352,.T.);
#912=EDGE_CURVE('',#688,#727,#353,.T.);
#913=EDGE_CURVE('',#727,#726,#597,.T.);
#914=EDGE_CURVE('',#728,#708,#354,.T.);
#915=EDGE_CURVE('',#728,#727,#355,.T.);
#916=EDGE_CURVE('',#729,#705,#356,.T.);
#917=EDGE_CURVE('',#729,#728,#598,.T.);
#918=EDGE_CURVE('',#730,#704,#357,.T.);
#919=EDGE_CURVE('',#729,#730,#358,.T.);
#920=EDGE_CURVE('',#731,#732,#599,.T.);
#921=EDGE_CURVE('',#732,#733,#359,.T.);
#922=EDGE_CURVE('',#733,#734,#600,.T.);
#923=EDGE_CURVE('',#734,#731,#360,.T.);
#924=EDGE_CURVE('',#735,#736,#601,.T.);
#925=EDGE_CURVE('',#736,#734,#602,.T.);
#926=EDGE_CURVE('',#733,#735,#603,.T.);
#927=EDGE_CURVE('',#737,#738,#604,.T.);
#928=EDGE_CURVE('',#738,#736,#361,.T.);
#929=EDGE_CURVE('',#735,#737,#362,.T.);
#930=EDGE_CURVE('',#739,#740,#605,.T.);
#931=EDGE_CURVE('',#740,#738,#606,.T.);
#932=EDGE_CURVE('',#737,#739,#607,.T.);
#933=EDGE_CURVE('',#741,#742,#608,.T.);
#934=EDGE_CURVE('',#742,#740,#363,.T.);
#935=EDGE_CURVE('',#739,#741,#364,.T.);
#936=EDGE_CURVE('',#743,#744,#609,.T.);
#937=EDGE_CURVE('',#744,#742,#610,.T.);
#938=EDGE_CURVE('',#741,#743,#611,.T.);
#939=EDGE_CURVE('',#745,#746,#612,.T.);
#940=EDGE_CURVE('',#746,#744,#365,.T.);
#941=EDGE_CURVE('',#743,#745,#366,.T.);
#942=EDGE_CURVE('',#731,#746,#613,.T.);
#943=EDGE_CURVE('',#745,#732,#614,.T.);
#944=EDGE_CURVE('',#747,#737,#367,.T.);
#945=EDGE_CURVE('',#747,#748,#615,.T.);
#946=EDGE_CURVE('',#748,#739,#368,.T.);
#947=EDGE_CURVE('',#749,#735,#369,.T.);
#948=EDGE_CURVE('',#749,#747,#370,.T.);
#949=EDGE_CURVE('',#750,#733,#371,.T.);
#950=EDGE_CURVE('',#750,#749,#616,.T.);
#951=EDGE_CURVE('',#751,#732,#372,.T.);
#952=EDGE_CURVE('',#751,#750,#373,.T.);
#953=EDGE_CURVE('',#752,#753,#617,.T.);
#954=EDGE_CURVE('',#753,#754,#374,.T.);
#955=EDGE_CURVE('',#754,#755,#618,.T.);
#956=EDGE_CURVE('',#755,#752,#375,.T.);
#957=EDGE_CURVE('',#756,#757,#619,.T.);
#958=EDGE_CURVE('',#757,#758,#376,.T.);
#959=EDGE_CURVE('',#758,#759,#620,.T.);
#960=EDGE_CURVE('',#759,#756,#377,.T.);
#961=EDGE_CURVE('',#760,#761,#621,.T.);
#962=EDGE_CURVE('',#761,#715,#378,.T.);
#963=EDGE_CURVE('',#714,#760,#379,.T.);
#964=EDGE_CURVE('',#762,#763,#622,.T.);
#965=EDGE_CURVE('',#763,#761,#623,.T.);
#966=EDGE_CURVE('',#760,#762,#624,.T.);
#967=EDGE_CURVE('',#716,#763,#380,.T.);
#968=EDGE_CURVE('',#762,#717,#381,.T.);
#969=EDGE_CURVE('',#716,#756,#382,.T.);
#970=EDGE_CURVE('',#763,#759,#383,.T.);
#971=EDGE_CURVE('',#715,#757,#384,.T.);
#972=EDGE_CURVE('',#764,#693,#625,.T.);
#973=EDGE_CURVE('',#765,#764,#385,.T.);
#974=EDGE_CURVE('',#766,#765,#626,.T.);
#975=EDGE_CURVE('',#767,#766,#386,.T.);
#976=EDGE_CURVE('',#695,#767,#627,.T.);
#977=EDGE_CURVE('',#767,#768,#628,.T.);
#978=EDGE_CURVE('',#768,#769,#629,.T.);
#979=EDGE_CURVE('',#769,#764,#630,.T.);
#980=EDGE_CURVE('',#766,#770,#631,.T.);
#981=EDGE_CURVE('',#770,#768,#387,.T.);
#982=EDGE_CURVE('',#765,#771,#632,.T.);
#983=EDGE_CURVE('',#771,#770,#633,.T.);
#984=EDGE_CURVE('',#769,#771,#388,.T.);
#985=EDGE_CURVE('',#769,#754,#389,.T.);
#986=EDGE_CURVE('',#771,#753,#390,.T.);
#987=EDGE_CURVE('',#768,#755,#391,.T.);
#988=EDGE_CURVE('',#772,#772,#634,.T.);
#989=EDGE_CURVE('',#773,#773,#635,.T.);
#990=EDGE_CURVE('',#774,#774,#636,.T.);
#991=EDGE_CURVE('',#775,#775,#637,.T.);
#992=EDGE_CURVE('',#770,#752,#392,.T.);
#993=EDGE_CURVE('',#761,#758,#393,.T.);
#994=EDGE_CURVE('',#775,#648,#394,.T.);
#995=EDGE_CURVE('',#776,#712,#395,.T.);
#996=EDGE_CURVE('',#776,#730,#638,.T.);
#997=EDGE_CURVE('',#774,#654,#396,.T.);
#998=EDGE_CURVE('',#777,#663,#397,.T.);
#999=EDGE_CURVE('',#777,#778,#639,.T.);
#1000=EDGE_CURVE('',#778,#710,#398,.T.);
#1001=EDGE_CURVE('',#779,#662,#399,.T.);
#1002=EDGE_CURVE('',#777,#779,#400,.T.);
#1003=EDGE_CURVE('',#778,#780,#401,.T.);
#1004=EDGE_CURVE('',#658,#780,#402,.T.);
#1005=EDGE_CURVE('',#781,#702,#403,.T.);
#1006=EDGE_CURVE('',#781,#779,#640,.T.);
#1007=EDGE_CURVE('',#780,#782,#641,.T.);
#1008=EDGE_CURVE('',#782,#659,#404,.T.);
#1009=EDGE_CURVE('',#773,#651,#405,.T.);
#1010=EDGE_CURVE('',#772,#657,#406,.T.);
#1011=EDGE_CURVE('',#783,#719,#407,.T.);
#1012=EDGE_CURVE('',#783,#671,#408,.T.);
#1013=EDGE_CURVE('',#784,#686,#409,.T.);
#1014=EDGE_CURVE('',#784,#785,#410,.T.);
#1015=EDGE_CURVE('',#666,#785,#411,.T.);
#1016=EDGE_CURVE('',#783,#784,#642,.T.);
#1017=EDGE_CURVE('',#785,#786,#643,.T.);
#1018=EDGE_CURVE('',#786,#667,#412,.T.);
#1019=EDGE_CURVE('',#782,#776,#413,.T.);
#1020=EDGE_CURVE('',#786,#781,#414,.T.);
#1021=EDGE_CURVE('',#748,#787,#415,.T.);
#1022=EDGE_CURVE('',#787,#741,#416,.T.);
#1023=EDGE_CURVE('',#788,#745,#417,.T.);
#1024=EDGE_CURVE('',#788,#751,#644,.T.);
#1025=EDGE_CURVE('',#789,#743,#418,.T.);
#1026=EDGE_CURVE('',#789,#788,#419,.T.);
#1027=EDGE_CURVE('',#787,#789,#645,.T.);
#1028=ORIENTED_EDGE('',*,*,#790,.F.);
#1029=ORIENTED_EDGE('',*,*,#791,.T.);
#1030=ORIENTED_EDGE('',*,*,#792,.F.);
#1031=ORIENTED_EDGE('',*,*,#791,.F.);
#1032=ORIENTED_EDGE('',*,*,#793,.F.);
#1033=ORIENTED_EDGE('',*,*,#790,.T.);
#1034=ORIENTED_EDGE('',*,*,#794,.F.);
#1035=ORIENTED_EDGE('',*,*,#795,.T.);
#1036=ORIENTED_EDGE('',*,*,#796,.F.);
#1037=ORIENTED_EDGE('',*,*,#795,.F.);
#1038=ORIENTED_EDGE('',*,*,#797,.F.);
#1039=ORIENTED_EDGE('',*,*,#794,.T.);
#1040=ORIENTED_EDGE('',*,*,#798,.F.);
#1041=ORIENTED_EDGE('',*,*,#799,.T.);
#1042=ORIENTED_EDGE('',*,*,#800,.F.);
#1043=ORIENTED_EDGE('',*,*,#799,.F.);
#1044=ORIENTED_EDGE('',*,*,#801,.F.);
#1045=ORIENTED_EDGE('',*,*,#798,.T.);
#1046=ORIENTED_EDGE('',*,*,#802,.F.);
#1047=ORIENTED_EDGE('',*,*,#803,.T.);
#1048=ORIENTED_EDGE('',*,*,#804,.F.);
#1049=ORIENTED_EDGE('',*,*,#803,.F.);
#1050=ORIENTED_EDGE('',*,*,#805,.F.);
#1051=ORIENTED_EDGE('',*,*,#802,.T.);
#1052=ORIENTED_EDGE('',*,*,#806,.T.);
#1053=ORIENTED_EDGE('',*,*,#807,.T.);
#1054=ORIENTED_EDGE('',*,*,#808,.T.);
#1055=ORIENTED_EDGE('',*,*,#809,.T.);
#1056=ORIENTED_EDGE('',*,*,#810,.T.);
#1057=ORIENTED_EDGE('',*,*,#811,.T.);
#1058=ORIENTED_EDGE('',*,*,#812,.T.);
#1059=ORIENTED_EDGE('',*,*,#813,.T.);
#1060=ORIENTED_EDGE('',*,*,#814,.T.);
#1061=ORIENTED_EDGE('',*,*,#815,.T.);
#1062=ORIENTED_EDGE('',*,*,#816,.T.);
#1063=ORIENTED_EDGE('',*,*,#817,.T.);
#1064=ORIENTED_EDGE('',*,*,#818,.T.);
#1065=ORIENTED_EDGE('',*,*,#819,.T.);
#1066=ORIENTED_EDGE('',*,*,#820,.T.);
#1067=ORIENTED_EDGE('',*,*,#821,.T.);
#1068=ORIENTED_EDGE('',*,*,#822,.T.);
#1069=ORIENTED_EDGE('',*,*,#823,.T.);
#1070=ORIENTED_EDGE('',*,*,#824,.T.);
#1071=ORIENTED_EDGE('',*,*,#825,.T.);
#1072=ORIENTED_EDGE('',*,*,#826,.T.);
#1073=ORIENTED_EDGE('',*,*,#827,.T.);
#1074=ORIENTED_EDGE('',*,*,#823,.F.);
#1075=ORIENTED_EDGE('',*,*,#828,.T.);
#1076=ORIENTED_EDGE('',*,*,#829,.T.);
#1077=ORIENTED_EDGE('',*,*,#826,.F.);
#1078=ORIENTED_EDGE('',*,*,#830,.T.);
#1079=ORIENTED_EDGE('',*,*,#821,.F.);
#1080=ORIENTED_EDGE('',*,*,#831,.T.);
#1081=ORIENTED_EDGE('',*,*,#832,.T.);
#1082=ORIENTED_EDGE('',*,*,#833,.T.);
#1083=ORIENTED_EDGE('',*,*,#834,.T.);
#1084=ORIENTED_EDGE('',*,*,#835,.T.);
#1085=ORIENTED_EDGE('',*,*,#836,.T.);
#1086=ORIENTED_EDGE('',*,*,#832,.F.);
#1087=ORIENTED_EDGE('',*,*,#837,.T.);
#1088=ORIENTED_EDGE('',*,*,#838,.T.);
#1089=ORIENTED_EDGE('',*,*,#835,.F.);
#1090=ORIENTED_EDGE('',*,*,#839,.T.);
#1091=ORIENTED_EDGE('',*,*,#825,.F.);
#1092=ORIENTED_EDGE('',*,*,#840,.T.);
#1093=ORIENTED_EDGE('',*,*,#841,.T.);
#1094=ORIENTED_EDGE('',*,*,#819,.F.);
#1095=ORIENTED_EDGE('',*,*,#842,.T.);
#1096=ORIENTED_EDGE('',*,*,#843,.T.);
#1097=ORIENTED_EDGE('',*,*,#840,.F.);
#1098=ORIENTED_EDGE('',*,*,#844,.T.);
#1099=ORIENTED_EDGE('',*,*,#817,.F.);
#1100=ORIENTED_EDGE('',*,*,#845,.T.);
#1101=ORIENTED_EDGE('',*,*,#846,.T.);
#1102=ORIENTED_EDGE('',*,*,#847,.T.);
#1103=ORIENTED_EDGE('',*,*,#848,.T.);
#1104=ORIENTED_EDGE('',*,*,#849,.T.);
#1105=ORIENTED_EDGE('',*,*,#850,.T.);
#1106=ORIENTED_EDGE('',*,*,#846,.F.);
#1107=ORIENTED_EDGE('',*,*,#851,.T.);
#1108=ORIENTED_EDGE('',*,*,#852,.T.);
#1109=ORIENTED_EDGE('',*,*,#853,.T.);
#1110=ORIENTED_EDGE('',*,*,#849,.F.);
#1111=ORIENTED_EDGE('',*,*,#854,.T.);
#1112=ORIENTED_EDGE('',*,*,#852,.F.);
#1113=ORIENTED_EDGE('',*,*,#855,.T.);
#1114=ORIENTED_EDGE('',*,*,#856,.T.);
#1115=ORIENTED_EDGE('',*,*,#857,.T.);
#1116=ORIENTED_EDGE('',*,*,#858,.T.);
#1117=ORIENTED_EDGE('',*,*,#856,.F.);
#1118=ORIENTED_EDGE('',*,*,#859,.T.);
#1119=ORIENTED_EDGE('',*,*,#834,.F.);
#1120=ORIENTED_EDGE('',*,*,#860,.T.);
#1121=ORIENTED_EDGE('',*,*,#861,.T.);
#1122=ORIENTED_EDGE('',*,*,#815,.F.);
#1123=ORIENTED_EDGE('',*,*,#862,.T.);
#1124=ORIENTED_EDGE('',*,*,#863,.T.);
#1125=ORIENTED_EDGE('',*,*,#864,.T.);
#1126=ORIENTED_EDGE('',*,*,#860,.F.);
#1127=ORIENTED_EDGE('',*,*,#865,.T.);
#1128=ORIENTED_EDGE('',*,*,#863,.F.);
#1129=ORIENTED_EDGE('',*,*,#866,.T.);
#1130=ORIENTED_EDGE('',*,*,#867,.T.);
#1131=ORIENTED_EDGE('',*,*,#868,.T.);
#1132=ORIENTED_EDGE('',*,*,#869,.T.);
#1133=ORIENTED_EDGE('',*,*,#867,.F.);
#1134=ORIENTED_EDGE('',*,*,#870,.T.);
#1135=ORIENTED_EDGE('',*,*,#813,.F.);
#1136=ORIENTED_EDGE('',*,*,#871,.T.);
#1137=ORIENTED_EDGE('',*,*,#872,.T.);
#1138=ORIENTED_EDGE('',*,*,#873,.T.);
#1139=ORIENTED_EDGE('',*,*,#874,.T.);
#1140=ORIENTED_EDGE('',*,*,#875,.T.);
#1141=ORIENTED_EDGE('',*,*,#876,.T.);
#1142=ORIENTED_EDGE('',*,*,#872,.F.);
#1143=ORIENTED_EDGE('',*,*,#877,.T.);
#1144=ORIENTED_EDGE('',*,*,#878,.T.);
#1145=ORIENTED_EDGE('',*,*,#875,.F.);
#1146=ORIENTED_EDGE('',*,*,#879,.T.);
#1147=ORIENTED_EDGE('',*,*,#848,.F.);
#1148=ORIENTED_EDGE('',*,*,#880,.T.);
#1149=ORIENTED_EDGE('',*,*,#881,.T.);
#1150=ORIENTED_EDGE('',*,*,#811,.F.);
#1151=ORIENTED_EDGE('',*,*,#882,.T.);
#1152=ORIENTED_EDGE('',*,*,#883,.T.);
#1153=ORIENTED_EDGE('',*,*,#880,.F.);
#1154=ORIENTED_EDGE('',*,*,#884,.T.);
#1155=ORIENTED_EDGE('',*,*,#809,.F.);
#1156=ORIENTED_EDGE('',*,*,#885,.T.);
#1157=ORIENTED_EDGE('',*,*,#886,.T.);
#1158=ORIENTED_EDGE('',*,*,#807,.F.);
#1159=ORIENTED_EDGE('',*,*,#887,.T.);
#1160=ORIENTED_EDGE('',*,*,#888,.T.);
#1161=ORIENTED_EDGE('',*,*,#885,.F.);
#1162=ORIENTED_EDGE('',*,*,#889,.T.);
#1163=ORIENTED_EDGE('',*,*,#874,.F.);
#1164=ORIENTED_EDGE('',*,*,#864,.F.);
#1165=ORIENTED_EDGE('',*,*,#890,.T.);
#1166=ORIENTED_EDGE('',*,*,#891,.T.);
#1167=ORIENTED_EDGE('',*,*,#892,.T.);
#1168=ORIENTED_EDGE('',*,*,#893,.T.);
#1169=ORIENTED_EDGE('',*,*,#894,.T.);
#1170=ORIENTED_EDGE('',*,*,#830,.F.);
#1171=ORIENTED_EDGE('',*,*,#895,.F.);
#1172=ORIENTED_EDGE('',*,*,#896,.T.);
#1173=ORIENTED_EDGE('',*,*,#897,.T.);
#1174=ORIENTED_EDGE('',*,*,#828,.F.);
#1175=ORIENTED_EDGE('',*,*,#898,.F.);
#1176=ORIENTED_EDGE('',*,*,#899,.T.);
#1177=ORIENTED_EDGE('',*,*,#895,.T.);
#1178=ORIENTED_EDGE('',*,*,#822,.F.);
#1179=ORIENTED_EDGE('',*,*,#900,.T.);
#1180=ORIENTED_EDGE('',*,*,#901,.T.);
#1181=ORIENTED_EDGE('',*,*,#898,.T.);
#1182=ORIENTED_EDGE('',*,*,#839,.F.);
#1183=ORIENTED_EDGE('',*,*,#902,.F.);
#1184=ORIENTED_EDGE('',*,*,#903,.T.);
#1185=ORIENTED_EDGE('',*,*,#900,.F.);
#1186=ORIENTED_EDGE('',*,*,#837,.F.);
#1187=ORIENTED_EDGE('',*,*,#904,.F.);
#1188=ORIENTED_EDGE('',*,*,#905,.T.);
#1189=ORIENTED_EDGE('',*,*,#902,.T.);
#1190=ORIENTED_EDGE('',*,*,#831,.F.);
#1191=ORIENTED_EDGE('',*,*,#906,.F.);
#1192=ORIENTED_EDGE('',*,*,#907,.F.);
#1193=ORIENTED_EDGE('',*,*,#904,.T.);
#1194=ORIENTED_EDGE('',*,*,#859,.F.);
#1195=ORIENTED_EDGE('',*,*,#908,.F.);
#1196=ORIENTED_EDGE('',*,*,#909,.T.);
#1197=ORIENTED_EDGE('',*,*,#906,.T.);
#1198=ORIENTED_EDGE('',*,*,#855,.F.);
#1199=ORIENTED_EDGE('',*,*,#854,.F.);
#1200=ORIENTED_EDGE('',*,*,#851,.F.);
#1201=ORIENTED_EDGE('',*,*,#910,.F.);
#1202=ORIENTED_EDGE('',*,*,#911,.T.);
#1203=ORIENTED_EDGE('',*,*,#908,.T.);
#1204=ORIENTED_EDGE('',*,*,#845,.F.);
#1205=ORIENTED_EDGE('',*,*,#912,.T.);
#1206=ORIENTED_EDGE('',*,*,#913,.T.);
#1207=ORIENTED_EDGE('',*,*,#910,.T.);
#1208=ORIENTED_EDGE('',*,*,#879,.F.);
#1209=ORIENTED_EDGE('',*,*,#914,.F.);
#1210=ORIENTED_EDGE('',*,*,#915,.T.);
#1211=ORIENTED_EDGE('',*,*,#912,.F.);
#1212=ORIENTED_EDGE('',*,*,#877,.F.);
#1213=ORIENTED_EDGE('',*,*,#916,.F.);
#1214=ORIENTED_EDGE('',*,*,#917,.T.);
#1215=ORIENTED_EDGE('',*,*,#914,.T.);
#1216=ORIENTED_EDGE('',*,*,#871,.F.);
#1217=ORIENTED_EDGE('',*,*,#918,.F.);
#1218=ORIENTED_EDGE('',*,*,#919,.F.);
#1219=ORIENTED_EDGE('',*,*,#916,.T.);
#1220=ORIENTED_EDGE('',*,*,#920,.T.);
#1221=ORIENTED_EDGE('',*,*,#921,.T.);
#1222=ORIENTED_EDGE('',*,*,#922,.T.);
#1223=ORIENTED_EDGE('',*,*,#923,.T.);
#1224=ORIENTED_EDGE('',*,*,#924,.T.);
#1225=ORIENTED_EDGE('',*,*,#925,.T.);
#1226=ORIENTED_EDGE('',*,*,#922,.F.);
#1227=ORIENTED_EDGE('',*,*,#926,.T.);
#1228=ORIENTED_EDGE('',*,*,#927,.T.);
#1229=ORIENTED_EDGE('',*,*,#928,.T.);
#1230=ORIENTED_EDGE('',*,*,#924,.F.);
#1231=ORIENTED_EDGE('',*,*,#929,.T.);
#1232=ORIENTED_EDGE('',*,*,#930,.T.);
#1233=ORIENTED_EDGE('',*,*,#931,.T.);
#1234=ORIENTED_EDGE('',*,*,#927,.F.);
#1235=ORIENTED_EDGE('',*,*,#932,.T.);
#1236=ORIENTED_EDGE('',*,*,#933,.T.);
#1237=ORIENTED_EDGE('',*,*,#934,.T.);
#1238=ORIENTED_EDGE('',*,*,#930,.F.);
#1239=ORIENTED_EDGE('',*,*,#935,.T.);
#1240=ORIENTED_EDGE('',*,*,#936,.T.);
#1241=ORIENTED_EDGE('',*,*,#937,.T.);
#1242=ORIENTED_EDGE('',*,*,#933,.F.);
#1243=ORIENTED_EDGE('',*,*,#938,.T.);
#1244=ORIENTED_EDGE('',*,*,#939,.T.);
#1245=ORIENTED_EDGE('',*,*,#940,.T.);
#1246=ORIENTED_EDGE('',*,*,#936,.F.);
#1247=ORIENTED_EDGE('',*,*,#941,.T.);
#1248=ORIENTED_EDGE('',*,*,#920,.F.);
#1249=ORIENTED_EDGE('',*,*,#942,.T.);
#1250=ORIENTED_EDGE('',*,*,#939,.F.);
#1251=ORIENTED_EDGE('',*,*,#943,.T.);
#1252=ORIENTED_EDGE('',*,*,#932,.F.);
#1253=ORIENTED_EDGE('',*,*,#944,.F.);
#1254=ORIENTED_EDGE('',*,*,#945,.T.);
#1255=ORIENTED_EDGE('',*,*,#946,.T.);
#1256=ORIENTED_EDGE('',*,*,#929,.F.);
#1257=ORIENTED_EDGE('',*,*,#947,.F.);
#1258=ORIENTED_EDGE('',*,*,#948,.T.);
#1259=ORIENTED_EDGE('',*,*,#944,.T.);
#1260=ORIENTED_EDGE('',*,*,#926,.F.);
#1261=ORIENTED_EDGE('',*,*,#949,.F.);
#1262=ORIENTED_EDGE('',*,*,#950,.T.);
#1263=ORIENTED_EDGE('',*,*,#947,.T.);
#1264=ORIENTED_EDGE('',*,*,#921,.F.);
#1265=ORIENTED_EDGE('',*,*,#951,.F.);
#1266=ORIENTED_EDGE('',*,*,#952,.T.);
#1267=ORIENTED_EDGE('',*,*,#949,.T.);
#1268=ORIENTED_EDGE('',*,*,#923,.F.);
#1269=ORIENTED_EDGE('',*,*,#925,.F.);
#1270=ORIENTED_EDGE('',*,*,#928,.F.);
#1271=ORIENTED_EDGE('',*,*,#931,.F.);
#1272=ORIENTED_EDGE('',*,*,#934,.F.);
#1273=ORIENTED_EDGE('',*,*,#937,.F.);
#1274=ORIENTED_EDGE('',*,*,#940,.F.);
#1275=ORIENTED_EDGE('',*,*,#942,.F.);
#1276=ORIENTED_EDGE('',*,*,#953,.T.);
#1277=ORIENTED_EDGE('',*,*,#954,.T.);
#1278=ORIENTED_EDGE('',*,*,#955,.T.);
#1279=ORIENTED_EDGE('',*,*,#956,.T.);
#1280=ORIENTED_EDGE('',*,*,#957,.T.);
#1281=ORIENTED_EDGE('',*,*,#958,.T.);
#1282=ORIENTED_EDGE('',*,*,#959,.T.);
#1283=ORIENTED_EDGE('',*,*,#960,.T.);
#1284=ORIENTED_EDGE('',*,*,#961,.T.);
#1285=ORIENTED_EDGE('',*,*,#962,.T.);
#1286=ORIENTED_EDGE('',*,*,#891,.F.);
#1287=ORIENTED_EDGE('',*,*,#963,.T.);
#1288=ORIENTED_EDGE('',*,*,#964,.T.);
#1289=ORIENTED_EDGE('',*,*,#965,.T.);
#1290=ORIENTED_EDGE('',*,*,#961,.F.);
#1291=ORIENTED_EDGE('',*,*,#966,.T.);
#1292=ORIENTED_EDGE('',*,*,#893,.F.);
#1293=ORIENTED_EDGE('',*,*,#967,.T.);
#1294=ORIENTED_EDGE('',*,*,#964,.F.);
#1295=ORIENTED_EDGE('',*,*,#968,.T.);
#1296=ORIENTED_EDGE('',*,*,#967,.F.);
#1297=ORIENTED_EDGE('',*,*,#969,.T.);
#1298=ORIENTED_EDGE('',*,*,#960,.F.);
#1299=ORIENTED_EDGE('',*,*,#970,.F.);
#1300=ORIENTED_EDGE('',*,*,#892,.F.);
#1301=ORIENTED_EDGE('',*,*,#971,.T.);
#1302=ORIENTED_EDGE('',*,*,#957,.F.);
#1303=ORIENTED_EDGE('',*,*,#969,.F.);
#1304=ORIENTED_EDGE('',*,*,#861,.F.);
#1305=ORIENTED_EDGE('',*,*,#894,.F.);
#1306=ORIENTED_EDGE('',*,*,#968,.F.);
#1307=ORIENTED_EDGE('',*,*,#966,.F.);
#1308=ORIENTED_EDGE('',*,*,#963,.F.);
#1309=ORIENTED_EDGE('',*,*,#890,.F.);
#1310=ORIENTED_EDGE('',*,*,#868,.F.);
#1311=ORIENTED_EDGE('',*,*,#869,.F.);
#1312=ORIENTED_EDGE('',*,*,#812,.F.);
#1313=ORIENTED_EDGE('',*,*,#881,.F.);
#1314=ORIENTED_EDGE('',*,*,#883,.F.);
#1315=ORIENTED_EDGE('',*,*,#808,.F.);
#1316=ORIENTED_EDGE('',*,*,#886,.F.);
#1317=ORIENTED_EDGE('',*,*,#888,.F.);
#1318=ORIENTED_EDGE('',*,*,#873,.F.);
#1319=ORIENTED_EDGE('',*,*,#876,.F.);
#1320=ORIENTED_EDGE('',*,*,#878,.F.);
#1321=ORIENTED_EDGE('',*,*,#847,.F.);
#1322=ORIENTED_EDGE('',*,*,#850,.F.);
#1323=ORIENTED_EDGE('',*,*,#972,.F.);
#1324=ORIENTED_EDGE('',*,*,#973,.F.);
#1325=ORIENTED_EDGE('',*,*,#974,.F.);
#1326=ORIENTED_EDGE('',*,*,#975,.F.);
#1327=ORIENTED_EDGE('',*,*,#976,.F.);
#1328=ORIENTED_EDGE('',*,*,#857,.F.);
#1329=ORIENTED_EDGE('',*,*,#858,.F.);
#1330=ORIENTED_EDGE('',*,*,#833,.F.);
#1331=ORIENTED_EDGE('',*,*,#836,.F.);
#1332=ORIENTED_EDGE('',*,*,#838,.F.);
#1333=ORIENTED_EDGE('',*,*,#824,.F.);
#1334=ORIENTED_EDGE('',*,*,#827,.F.);
#1335=ORIENTED_EDGE('',*,*,#829,.F.);
#1336=ORIENTED_EDGE('',*,*,#820,.F.);
#1337=ORIENTED_EDGE('',*,*,#841,.F.);
#1338=ORIENTED_EDGE('',*,*,#843,.F.);
#1339=ORIENTED_EDGE('',*,*,#816,.F.);
#1340=ORIENTED_EDGE('',*,*,#853,.F.);
#1341=ORIENTED_EDGE('',*,*,#976,.T.);
#1342=ORIENTED_EDGE('',*,*,#977,.T.);
#1343=ORIENTED_EDGE('',*,*,#978,.T.);
#1344=ORIENTED_EDGE('',*,*,#979,.T.);
#1345=ORIENTED_EDGE('',*,*,#972,.T.);
#1346=ORIENTED_EDGE('',*,*,#980,.T.);
#1347=ORIENTED_EDGE('',*,*,#981,.T.);
#1348=ORIENTED_EDGE('',*,*,#977,.F.);
#1349=ORIENTED_EDGE('',*,*,#975,.T.);
#1350=ORIENTED_EDGE('',*,*,#982,.T.);
#1351=ORIENTED_EDGE('',*,*,#983,.T.);
#1352=ORIENTED_EDGE('',*,*,#980,.F.);
#1353=ORIENTED_EDGE('',*,*,#974,.T.);
#1354=ORIENTED_EDGE('',*,*,#979,.F.);
#1355=ORIENTED_EDGE('',*,*,#984,.T.);
#1356=ORIENTED_EDGE('',*,*,#982,.F.);
#1357=ORIENTED_EDGE('',*,*,#973,.T.);
#1358=ORIENTED_EDGE('',*,*,#984,.F.);
#1359=ORIENTED_EDGE('',*,*,#985,.T.);
#1360=ORIENTED_EDGE('',*,*,#954,.F.);
#1361=ORIENTED_EDGE('',*,*,#986,.F.);
#1362=ORIENTED_EDGE('',*,*,#978,.F.);
#1363=ORIENTED_EDGE('',*,*,#987,.T.);
#1364=ORIENTED_EDGE('',*,*,#955,.F.);
#1365=ORIENTED_EDGE('',*,*,#985,.F.);
#1366=ORIENTED_EDGE('',*,*,#988,.T.);
#1367=ORIENTED_EDGE('',*,*,#989,.T.);
#1368=ORIENTED_EDGE('',*,*,#990,.T.);
#1369=ORIENTED_EDGE('',*,*,#991,.T.);
#1370=ORIENTED_EDGE('',*,*,#981,.F.);
#1371=ORIENTED_EDGE('',*,*,#992,.T.);
#1372=ORIENTED_EDGE('',*,*,#956,.F.);
#1373=ORIENTED_EDGE('',*,*,#987,.F.);
#1374=ORIENTED_EDGE('',*,*,#983,.F.);
#1375=ORIENTED_EDGE('',*,*,#986,.T.);
#1376=ORIENTED_EDGE('',*,*,#953,.F.);
#1377=ORIENTED_EDGE('',*,*,#992,.F.);
#1378=ORIENTED_EDGE('',*,*,#965,.F.);
#1379=ORIENTED_EDGE('',*,*,#970,.T.);
#1380=ORIENTED_EDGE('',*,*,#959,.F.);
#1381=ORIENTED_EDGE('',*,*,#993,.F.);
#1382=ORIENTED_EDGE('',*,*,#962,.F.);
#1383=ORIENTED_EDGE('',*,*,#993,.T.);
#1384=ORIENTED_EDGE('',*,*,#958,.F.);
#1385=ORIENTED_EDGE('',*,*,#971,.F.);
#1386=ORIENTED_EDGE('',*,*,#991,.F.);
#1387=ORIENTED_EDGE('',*,*,#994,.T.);
#1388=ORIENTED_EDGE('',*,*,#793,.T.);
#1389=ORIENTED_EDGE('',*,*,#994,.F.);
#1390=ORIENTED_EDGE('',*,*,#889,.F.);
#1391=ORIENTED_EDGE('',*,*,#995,.F.);
#1392=ORIENTED_EDGE('',*,*,#996,.T.);
#1393=ORIENTED_EDGE('',*,*,#918,.T.);
#1394=ORIENTED_EDGE('',*,*,#990,.F.);
#1395=ORIENTED_EDGE('',*,*,#997,.T.);
#1396=ORIENTED_EDGE('',*,*,#801,.T.);
#1397=ORIENTED_EDGE('',*,*,#997,.F.);
#1398=ORIENTED_EDGE('',*,*,#882,.F.);
#1399=ORIENTED_EDGE('',*,*,#998,.F.);
#1400=ORIENTED_EDGE('',*,*,#999,.T.);
#1401=ORIENTED_EDGE('',*,*,#1000,.T.);
#1402=ORIENTED_EDGE('',*,*,#810,.F.);
#1403=ORIENTED_EDGE('',*,*,#1001,.F.);
#1404=ORIENTED_EDGE('',*,*,#1002,.F.);
#1405=ORIENTED_EDGE('',*,*,#998,.T.);
#1406=ORIENTED_EDGE('',*,*,#884,.F.);
#1407=ORIENTED_EDGE('',*,*,#1000,.F.);
#1408=ORIENTED_EDGE('',*,*,#1003,.T.);
#1409=ORIENTED_EDGE('',*,*,#1004,.F.);
#1410=ORIENTED_EDGE('',*,*,#870,.F.);
#1411=ORIENTED_EDGE('',*,*,#1005,.F.);
#1412=ORIENTED_EDGE('',*,*,#1006,.T.);
#1413=ORIENTED_EDGE('',*,*,#1001,.T.);
#1414=ORIENTED_EDGE('',*,*,#806,.F.);
#1415=ORIENTED_EDGE('',*,*,#1004,.T.);
#1416=ORIENTED_EDGE('',*,*,#1007,.T.);
#1417=ORIENTED_EDGE('',*,*,#1008,.T.);
#1418=ORIENTED_EDGE('',*,*,#989,.F.);
#1419=ORIENTED_EDGE('',*,*,#1009,.T.);
#1420=ORIENTED_EDGE('',*,*,#797,.T.);
#1421=ORIENTED_EDGE('',*,*,#1009,.F.);
#1422=ORIENTED_EDGE('',*,*,#988,.F.);
#1423=ORIENTED_EDGE('',*,*,#1010,.T.);
#1424=ORIENTED_EDGE('',*,*,#805,.T.);
#1425=ORIENTED_EDGE('',*,*,#1010,.F.);
#1426=ORIENTED_EDGE('',*,*,#818,.F.);
#1427=ORIENTED_EDGE('',*,*,#897,.F.);
#1428=ORIENTED_EDGE('',*,*,#1011,.F.);
#1429=ORIENTED_EDGE('',*,*,#1012,.T.);
#1430=ORIENTED_EDGE('',*,*,#844,.F.);
#1431=ORIENTED_EDGE('',*,*,#1013,.F.);
#1432=ORIENTED_EDGE('',*,*,#1014,.T.);
#1433=ORIENTED_EDGE('',*,*,#1015,.F.);
#1434=ORIENTED_EDGE('',*,*,#842,.F.);
#1435=ORIENTED_EDGE('',*,*,#1012,.F.);
#1436=ORIENTED_EDGE('',*,*,#1016,.T.);
#1437=ORIENTED_EDGE('',*,*,#1013,.T.);
#1438=ORIENTED_EDGE('',*,*,#814,.F.);
#1439=ORIENTED_EDGE('',*,*,#1015,.T.);
#1440=ORIENTED_EDGE('',*,*,#1017,.T.);
#1441=ORIENTED_EDGE('',*,*,#1018,.T.);
#1442=ORIENTED_EDGE('',*,*,#887,.F.);
#1443=ORIENTED_EDGE('',*,*,#1008,.F.);
#1444=ORIENTED_EDGE('',*,*,#1019,.T.);
#1445=ORIENTED_EDGE('',*,*,#995,.T.);
#1446=ORIENTED_EDGE('',*,*,#862,.F.);
#1447=ORIENTED_EDGE('',*,*,#1018,.F.);
#1448=ORIENTED_EDGE('',*,*,#1020,.T.);
#1449=ORIENTED_EDGE('',*,*,#1005,.T.);
#1450=ORIENTED_EDGE('',*,*,#866,.F.);
#1451=ORIENTED_EDGE('',*,*,#865,.F.);
#1452=ORIENTED_EDGE('',*,*,#935,.F.);
#1453=ORIENTED_EDGE('',*,*,#946,.F.);
#1454=ORIENTED_EDGE('',*,*,#1021,.T.);
#1455=ORIENTED_EDGE('',*,*,#1022,.T.);
#1456=ORIENTED_EDGE('',*,*,#943,.F.);
#1457=ORIENTED_EDGE('',*,*,#1023,.F.);
#1458=ORIENTED_EDGE('',*,*,#1024,.T.);
#1459=ORIENTED_EDGE('',*,*,#951,.T.);
#1460=ORIENTED_EDGE('',*,*,#941,.F.);
#1461=ORIENTED_EDGE('',*,*,#1025,.F.);
#1462=ORIENTED_EDGE('',*,*,#1026,.T.);
#1463=ORIENTED_EDGE('',*,*,#1023,.T.);
#1464=ORIENTED_EDGE('',*,*,#938,.F.);
#1465=ORIENTED_EDGE('',*,*,#1022,.F.);
#1466=ORIENTED_EDGE('',*,*,#1027,.T.);
#1467=ORIENTED_EDGE('',*,*,#1025,.T.);
#1468=ORIENTED_EDGE('',*,*,#1027,.F.);
#1469=ORIENTED_EDGE('',*,*,#1021,.F.);
#1470=ORIENTED_EDGE('',*,*,#945,.F.);
#1471=ORIENTED_EDGE('',*,*,#948,.F.);
#1472=ORIENTED_EDGE('',*,*,#950,.F.);
#1473=ORIENTED_EDGE('',*,*,#952,.F.);
#1474=ORIENTED_EDGE('',*,*,#1024,.F.);
#1475=ORIENTED_EDGE('',*,*,#1026,.F.);
#1476=ORIENTED_EDGE('',*,*,#792,.T.);
#1477=ORIENTED_EDGE('',*,*,#796,.T.);
#1478=ORIENTED_EDGE('',*,*,#800,.T.);
#1479=ORIENTED_EDGE('',*,*,#804,.T.);
#1480=ORIENTED_EDGE('',*,*,#1020,.F.);
#1481=ORIENTED_EDGE('',*,*,#1017,.F.);
#1482=ORIENTED_EDGE('',*,*,#1014,.F.);
#1483=ORIENTED_EDGE('',*,*,#1016,.F.);
#1484=ORIENTED_EDGE('',*,*,#1011,.T.);
#1485=ORIENTED_EDGE('',*,*,#896,.F.);
#1486=ORIENTED_EDGE('',*,*,#899,.F.);
#1487=ORIENTED_EDGE('',*,*,#901,.F.);
#1488=ORIENTED_EDGE('',*,*,#903,.F.);
#1489=ORIENTED_EDGE('',*,*,#905,.F.);
#1490=ORIENTED_EDGE('',*,*,#907,.T.);
#1491=ORIENTED_EDGE('',*,*,#909,.F.);
#1492=ORIENTED_EDGE('',*,*,#911,.F.);
#1493=ORIENTED_EDGE('',*,*,#913,.F.);
#1494=ORIENTED_EDGE('',*,*,#915,.F.);
#1495=ORIENTED_EDGE('',*,*,#917,.F.);
#1496=ORIENTED_EDGE('',*,*,#919,.T.);
#1497=ORIENTED_EDGE('',*,*,#996,.F.);
#1498=ORIENTED_EDGE('',*,*,#1019,.F.);
#1499=ORIENTED_EDGE('',*,*,#1007,.F.);
#1500=ORIENTED_EDGE('',*,*,#1003,.F.);
#1501=ORIENTED_EDGE('',*,*,#999,.F.);
#1502=ORIENTED_EDGE('',*,*,#1002,.T.);
#1503=ORIENTED_EDGE('',*,*,#1006,.F.);
#1504=CYLINDRICAL_SURFACE('',#1659,1.40000000000001);
#1505=CYLINDRICAL_SURFACE('',#1664,1.40000000000001);
#1506=CYLINDRICAL_SURFACE('',#1669,1.40000000000001);
#1507=CYLINDRICAL_SURFACE('',#1674,1.40000000000001);
#1508=CYLINDRICAL_SURFACE('',#1683,2.);
#1509=CYLINDRICAL_SURFACE('',#1689,2.);
#1510=CYLINDRICAL_SURFACE('',#1695,2.);
#1511=CYLINDRICAL_SURFACE('',#1700,2.);
#1512=CYLINDRICAL_SURFACE('',#1706,2.);
#1513=CYLINDRICAL_SURFACE('',#1711,2.);
#1514=CYLINDRICAL_SURFACE('',#1716,2.);
#1515=CYLINDRICAL_SURFACE('',#1719,2.);
#1516=CYLINDRICAL_SURFACE('',#1724,2.);
#1517=CYLINDRICAL_SURFACE('',#1727,2.);
#1518=CYLINDRICAL_SURFACE('',#1732,2.);
#1519=CYLINDRICAL_SURFACE('',#1738,2.);
#1520=CYLINDRICAL_SURFACE('',#1743,2.);
#1521=CYLINDRICAL_SURFACE('',#1744,2.);
#1522=CYLINDRICAL_SURFACE('',#1755,15.);
#1523=CYLINDRICAL_SURFACE('',#1758,15.);
#1524=CYLINDRICAL_SURFACE('',#1761,3.);
#1525=CYLINDRICAL_SURFACE('',#1764,15.);
#1526=CYLINDRICAL_SURFACE('',#1767,15.);
#1527=CYLINDRICAL_SURFACE('',#1770,3.);
#1528=CYLINDRICAL_SURFACE('',#1773,2.);
#1529=CYLINDRICAL_SURFACE('',#1780,2.);
#1530=CYLINDRICAL_SURFACE('',#1786,2.);
#1531=CYLINDRICAL_SURFACE('',#1792,2.);
#1532=CYLINDRICAL_SURFACE('',#1797,16.);
#1533=CYLINDRICAL_SURFACE('',#1800,16.);
#1534=CYLINDRICAL_SURFACE('',#1808,0.5);
#1535=CYLINDRICAL_SURFACE('',#1814,0.5);
#1536=CYLINDRICAL_SURFACE('',#1816,2.);
#1537=CYLINDRICAL_SURFACE('',#1825,0.5);
#1538=CYLINDRICAL_SURFACE('',#1830,0.5);
#1539=CYLINDRICAL_SURFACE('',#1832,2.);
#1540=CYLINDRICAL_SURFACE('',#1842,2.);
#1541=CYLINDRICAL_SURFACE('',#1843,2.);
#1542=CYLINDRICAL_SURFACE('',#1845,1.6);
#1543=CYLINDRICAL_SURFACE('',#1846,15.);
#1544=CYLINDRICAL_SURFACE('',#1848,1.6);
#1545=CYLINDRICAL_SURFACE('',#1849,3.);
#1546=CYLINDRICAL_SURFACE('',#1853,15.);
#1547=CYLINDRICAL_SURFACE('',#1855,15.);
#1548=CYLINDRICAL_SURFACE('',#1857,1.6);
#1549=CYLINDRICAL_SURFACE('',#1858,1.6);
#1550=CYLINDRICAL_SURFACE('',#1861,3.);
#1551=CYLINDRICAL_SURFACE('',#1863,15.);
#1552=CYLINDRICAL_SURFACE('',#1868,16.);
#1553=CYLINDRICAL_SURFACE('',#1871,16.);
#1554=ADVANCED_FACE('',(#91),#1504,.F.);
#1555=ADVANCED_FACE('',(#92,#49),#60,.F.);
#1556=ADVANCED_FACE('',(#93),#1505,.F.);
#1557=ADVANCED_FACE('',(#94,#50),#61,.F.);
#1558=ADVANCED_FACE('',(#95),#1506,.F.);
#1559=ADVANCED_FACE('',(#96,#51),#62,.F.);
#1560=ADVANCED_FACE('',(#97),#1507,.F.);
#1561=ADVANCED_FACE('',(#98,#52),#63,.F.);
#1562=ADVANCED_FACE('',(#99),#29,.F.);
#1563=ADVANCED_FACE('',(#100),#1508,.F.);
#1564=ADVANCED_FACE('',(#101),#30,.F.);
#1565=ADVANCED_FACE('',(#102),#1509,.F.);
#1566=ADVANCED_FACE('',(#103),#31,.F.);
#1567=ADVANCED_FACE('',(#104),#1510,.F.);
#1568=ADVANCED_FACE('',(#105),#32,.F.);
#1569=ADVANCED_FACE('',(#106),#1511,.F.);
#1570=ADVANCED_FACE('',(#107),#33,.F.);
#1571=ADVANCED_FACE('',(#108),#1512,.F.);
#1572=ADVANCED_FACE('',(#109),#34,.F.);
#1573=ADVANCED_FACE('',(#110),#1513,.F.);
#1574=ADVANCED_FACE('',(#111),#35,.F.);
#1575=ADVANCED_FACE('',(#112),#1514,.F.);
#1576=ADVANCED_FACE('',(#113),#15,.T.);
#1577=ADVANCED_FACE('',(#114),#1515,.F.);
#1578=ADVANCED_FACE('',(#115),#36,.F.);
#1579=ADVANCED_FACE('',(#116),#1516,.F.);
#1580=ADVANCED_FACE('',(#117),#16,.T.);
#1581=ADVANCED_FACE('',(#118),#1517,.F.);
#1582=ADVANCED_FACE('',(#119),#37,.F.);
#1583=ADVANCED_FACE('',(#120),#1518,.F.);
#1584=ADVANCED_FACE('',(#121),#38,.F.);
#1585=ADVANCED_FACE('',(#122),#1519,.F.);
#1586=ADVANCED_FACE('',(#123),#39,.F.);
#1587=ADVANCED_FACE('',(#124),#1520,.F.);
#1588=ADVANCED_FACE('',(#125),#1521,.F.);
#1589=ADVANCED_FACE('',(#126),#40,.F.);
#1590=ADVANCED_FACE('',(#127),#41,.T.);
#1591=ADVANCED_FACE('',(#128),#1522,.F.);
#1592=ADVANCED_FACE('',(#129),#64,.T.);
#1593=ADVANCED_FACE('',(#130),#1523,.F.);
#1594=ADVANCED_FACE('',(#131),#65,.T.);
#1595=ADVANCED_FACE('',(#132),#1524,.T.);
#1596=ADVANCED_FACE('',(#133),#66,.T.);
#1597=ADVANCED_FACE('',(#134),#1525,.F.);
#1598=ADVANCED_FACE('',(#135),#67,.T.);
#1599=ADVANCED_FACE('',(#136),#1526,.F.);
#1600=ADVANCED_FACE('',(#137),#68,.T.);
#1601=ADVANCED_FACE('',(#138),#1527,.T.);
#1602=ADVANCED_FACE('',(#139),#69,.T.);
#1603=ADVANCED_FACE('',(#140),#1528,.T.);
#1604=ADVANCED_FACE('',(#141),#42,.T.);
#1605=ADVANCED_FACE('',(#142),#1529,.T.);
#1606=ADVANCED_FACE('',(#143),#43,.T.);
#1607=ADVANCED_FACE('',(#144),#1530,.T.);
#1608=ADVANCED_FACE('',(#145),#44,.T.);
#1609=ADVANCED_FACE('',(#146),#1531,.T.);
#1610=ADVANCED_FACE('',(#147),#45,.T.);
#1611=ADVANCED_FACE('',(#148),#1532,.T.);
#1612=ADVANCED_FACE('',(#149),#70,.T.);
#1613=ADVANCED_FACE('',(#150),#1533,.T.);
#1614=ADVANCED_FACE('',(#151),#71,.T.);
#1615=ADVANCED_FACE('',(#152,#53,#54),#72,.T.);
#1616=ADVANCED_FACE('',(#153),#1534,.T.);
#1617=ADVANCED_FACE('',(#154),#46,.T.);
#1618=ADVANCED_FACE('',(#155),#1535,.T.);
#1619=ADVANCED_FACE('',(#156),#73,.T.);
#1620=ADVANCED_FACE('',(#157),#1536,.F.);
#1621=ADVANCED_FACE('',(#158),#74,.F.);
#1622=ADVANCED_FACE('',(#159),#47,.T.);
#1623=ADVANCED_FACE('',(#160),#1537,.T.);
#1624=ADVANCED_FACE('',(#161),#48,.T.);
#1625=ADVANCED_FACE('',(#162),#1538,.T.);
#1626=ADVANCED_FACE('',(#163),#75,.T.);
#1627=ADVANCED_FACE('',(#164),#1539,.F.);
#1628=ADVANCED_FACE('',(#165),#76,.F.);
#1629=ADVANCED_FACE('',(#166),#77,.F.);
#1630=ADVANCED_FACE('',(#167),#78,.F.);
#1631=ADVANCED_FACE('',(#168),#79,.F.);
#1632=ADVANCED_FACE('',(#169),#80,.T.);
#1633=ADVANCED_FACE('',(#170),#1540,.F.);
#1634=ADVANCED_FACE('',(#171),#1541,.F.);
#1635=ADVANCED_FACE('',(#172),#81,.T.);
#1636=ADVANCED_FACE('',(#173),#1542,.F.);
#1637=ADVANCED_FACE('',(#174),#1543,.F.);
#1638=ADVANCED_FACE('',(#175),#1544,.F.);
#1639=ADVANCED_FACE('',(#176),#1545,.T.);
#1640=ADVANCED_FACE('',(#177),#82,.T.);
#1641=ADVANCED_FACE('',(#178),#83,.T.);
#1642=ADVANCED_FACE('',(#179),#1546,.F.);
#1643=ADVANCED_FACE('',(#180),#1547,.F.);
#1644=ADVANCED_FACE('',(#181),#1548,.F.);
#1645=ADVANCED_FACE('',(#182),#1549,.F.);
#1646=ADVANCED_FACE('',(#183),#84,.T.);
#1647=ADVANCED_FACE('',(#184),#85,.T.);
#1648=ADVANCED_FACE('',(#185),#1550,.T.);
#1649=ADVANCED_FACE('',(#186),#1551,.F.);
#1650=ADVANCED_FACE('',(#187),#86,.T.);
#1651=ADVANCED_FACE('',(#188),#87,.T.);
#1652=ADVANCED_FACE('',(#189),#88,.T.);
#1653=ADVANCED_FACE('',(#190),#1552,.T.);
#1654=ADVANCED_FACE('',(#191),#89,.T.);
#1655=ADVANCED_FACE('',(#192),#1553,.T.);
#1656=ADVANCED_FACE('',(#193,#55,#56,#57,#58,#59),#90,.F.);
#1657=CLOSED_SHELL('',(#1554,#1555,#1556,#1557,#1558,#1559,#1560,#1561,
#1562,#1563,#1564,#1565,#1566,#1567,#1568,#1569,#1570,#1571,#1572,#1573,
#1574,#1575,#1576,#1577,#1578,#1579,#1580,#1581,#1582,#1583,#1584,#1585,
#1586,#1587,#1588,#1589,#1590,#1591,#1592,#1593,#1594,#1595,#1596,#1597,
#1598,#1599,#1600,#1601,#1602,#1603,#1604,#1605,#1606,#1607,#1608,#1609,
#1610,#1611,#1612,#1613,#1614,#1615,#1616,#1617,#1618,#1619,#1620,#1621,
#1622,#1623,#1624,#1625,#1626,#1627,#1628,#1629,#1630,#1631,#1632,#1633,
#1634,#1635,#1636,#1637,#1638,#1639,#1640,#1641,#1642,#1643,#1644,#1645,
#1646,#1647,#1648,#1649,#1650,#1651,#1652,#1653,#1654,#1655,#1656));
#1658=AXIS2_PLACEMENT_3D('',#2418,#1874,#1875);
#1659=AXIS2_PLACEMENT_3D('',#2419,#1876,#1877);
#1660=AXIS2_PLACEMENT_3D('',#2421,#1878,#1879);
#1661=AXIS2_PLACEMENT_3D('',#2424,#1881,#1882);
#1662=AXIS2_PLACEMENT_3D('',#2425,#1883,#1884);
#1663=AXIS2_PLACEMENT_3D('',#2427,#1885,#1886);
#1664=AXIS2_PLACEMENT_3D('',#2428,#1887,#1888);
#1665=AXIS2_PLACEMENT_3D('',#2430,#1889,#1890);
#1666=AXIS2_PLACEMENT_3D('',#2433,#1892,#1893);
#1667=AXIS2_PLACEMENT_3D('',#2434,#1894,#1895);
#1668=AXIS2_PLACEMENT_3D('',#2436,#1896,#1897);
#1669=AXIS2_PLACEMENT_3D('',#2437,#1898,#1899);
#1670=AXIS2_PLACEMENT_3D('',#2439,#1900,#1901);
#1671=AXIS2_PLACEMENT_3D('',#2442,#1903,#1904);
#1672=AXIS2_PLACEMENT_3D('',#2443,#1905,#1906);
#1673=AXIS2_PLACEMENT_3D('',#2445,#1907,#1908);
#1674=AXIS2_PLACEMENT_3D('',#2446,#1909,#1910);
#1675=AXIS2_PLACEMENT_3D('',#2448,#1911,#1912);
#1676=AXIS2_PLACEMENT_3D('',#2451,#1914,#1915);
#1677=AXIS2_PLACEMENT_3D('',#2452,#1916,#1917);
#1678=AXIS2_PLACEMENT_3D('',#2454,#1918,#1919);
#1679=AXIS2_PLACEMENT_3D('',#2455,#1920,#1921);
#1680=AXIS2_PLACEMENT_3D('',#2458,#1922,#1923);
#1681=AXIS2_PLACEMENT_3D('',#2460,#1924,#1925);
#1682=AXIS2_PLACEMENT_3D('',#2462,#1926,#1927);
#1683=AXIS2_PLACEMENT_3D('',#2477,#1928,#1929);
#1684=AXIS2_PLACEMENT_3D('',#2482,#1931,#1932);
#1685=AXIS2_PLACEMENT_3D('',#2499,#1934,#1935);
#1686=AXIS2_PLACEMENT_3D('',#2502,#1936,#1937);
#1687=AXIS2_PLACEMENT_3D('',#2504,#1938,#1939);
#1688=AXIS2_PLACEMENT_3D('',#2506,#1940,#1941);
#1689=AXIS2_PLACEMENT_3D('',#2521,#1942,#1943);
#1690=AXIS2_PLACEMENT_3D('',#2526,#1945,#1946);
#1691=AXIS2_PLACEMENT_3D('',#2543,#1948,#1949);
#1692=AXIS2_PLACEMENT_3D('',#2546,#1950,#1951);
#1693=AXIS2_PLACEMENT_3D('',#2548,#1952,#1953);
#1694=AXIS2_PLACEMENT_3D('',#2550,#1954,#1955);
#1695=AXIS2_PLACEMENT_3D('',#2565,#1956,#1957);
#1696=AXIS2_PLACEMENT_3D('',#2568,#1958,#1959);
#1697=AXIS2_PLACEMENT_3D('',#2571,#1962,#1963);
#1698=AXIS2_PLACEMENT_3D('',#2572,#1964,#1965);
#1699=AXIS2_PLACEMENT_3D('',#2573,#1966,#1967);
#1700=AXIS2_PLACEMENT_3D('',#2574,#1968,#1969);
#1701=AXIS2_PLACEMENT_3D('',#2579,#1971,#1972);
#1702=AXIS2_PLACEMENT_3D('',#2596,#1974,#1975);
#1703=AXIS2_PLACEMENT_3D('',#2599,#1976,#1977);
#1704=AXIS2_PLACEMENT_3D('',#2600,#1978,#1979);
#1705=AXIS2_PLACEMENT_3D('',#2601,#1980,#1981);
#1706=AXIS2_PLACEMENT_3D('',#2602,#1982,#1983);
#1707=AXIS2_PLACEMENT_3D('',#2605,#1986,#1987);
#1708=AXIS2_PLACEMENT_3D('',#2608,#1988,#1989);
#1709=AXIS2_PLACEMENT_3D('',#2609,#1990,#1991);
#1710=AXIS2_PLACEMENT_3D('',#2610,#1992,#1993);
#1711=AXIS2_PLACEMENT_3D('',#2611,#1994,#1995);
#1712=AXIS2_PLACEMENT_3D('',#2614,#1998,#1999);
#1713=AXIS2_PLACEMENT_3D('',#2617,#2000,#2001);
#1714=AXIS2_PLACEMENT_3D('',#2619,#2002,#2003);
#1715=AXIS2_PLACEMENT_3D('',#2621,#2004,#2005);
#1716=AXIS2_PLACEMENT_3D('',#2636,#2006,#2007);
#1717=AXIS2_PLACEMENT_3D('',#2639,#2008,#2009);
#1718=AXIS2_PLACEMENT_3D('',#2679,#2012,#2013);
#1719=AXIS2_PLACEMENT_3D('',#2694,#2014,#2015);
#1720=AXIS2_PLACEMENT_3D('',#2698,#2017,#2018);
#1721=AXIS2_PLACEMENT_3D('',#2700,#2020,#2021);
#1722=AXIS2_PLACEMENT_3D('',#2701,#2022,#2023);
#1723=AXIS2_PLACEMENT_3D('',#2702,#2024,#2025);
#1724=AXIS2_PLACEMENT_3D('',#2703,#2026,#2027);
#1725=AXIS2_PLACEMENT_3D('',#2706,#2028,#2029);
#1726=AXIS2_PLACEMENT_3D('',#2746,#2032,#2033);
#1727=AXIS2_PLACEMENT_3D('',#2761,#2034,#2035);
#1728=AXIS2_PLACEMENT_3D('',#2765,#2037,#2038);
#1729=AXIS2_PLACEMENT_3D('',#2767,#2040,#2041);
#1730=AXIS2_PLACEMENT_3D('',#2768,#2042,#2043);
#1731=AXIS2_PLACEMENT_3D('',#2769,#2044,#2045);
#1732=AXIS2_PLACEMENT_3D('',#2770,#2046,#2047);
#1733=AXIS2_PLACEMENT_3D('',#2775,#2049,#2050);
#1734=AXIS2_PLACEMENT_3D('',#2792,#2052,#2053);
#1735=AXIS2_PLACEMENT_3D('',#2795,#2054,#2055);
#1736=AXIS2_PLACEMENT_3D('',#2796,#2056,#2057);
#1737=AXIS2_PLACEMENT_3D('',#2797,#2058,#2059);
#1738=AXIS2_PLACEMENT_3D('',#2798,#2060,#2061);
#1739=AXIS2_PLACEMENT_3D('',#2801,#2064,#2065);
#1740=AXIS2_PLACEMENT_3D('',#2804,#2066,#2067);
#1741=AXIS2_PLACEMENT_3D('',#2805,#2068,#2069);
#1742=AXIS2_PLACEMENT_3D('',#2806,#2070,#2071);
#1743=AXIS2_PLACEMENT_3D('',#2807,#2072,#2073);
#1744=AXIS2_PLACEMENT_3D('',#2810,#2076,#2077);
#1745=AXIS2_PLACEMENT_3D('',#2813,#2078,#2079);
#1746=AXIS2_PLACEMENT_3D('',#2816,#2082,#2083);
#1747=AXIS2_PLACEMENT_3D('',#2817,#2084,#2085);
#1748=AXIS2_PLACEMENT_3D('',#2818,#2086,#2087);
#1749=AXIS2_PLACEMENT_3D('',#2819,#2088,#2089);
#1750=AXIS2_PLACEMENT_3D('',#2821,#2090,#2091);
#1751=AXIS2_PLACEMENT_3D('',#2823,#2092,#2093);
#1752=AXIS2_PLACEMENT_3D('',#2825,#2094,#2095);
#1753=AXIS2_PLACEMENT_3D('',#2827,#2096,#2097);
#1754=AXIS2_PLACEMENT_3D('',#2828,#2098,#2099);
#1755=AXIS2_PLACEMENT_3D('',#2829,#2100,#2101);
#1756=AXIS2_PLACEMENT_3D('',#2833,#2103,#2104);
#1757=AXIS2_PLACEMENT_3D('',#2835,#2106,#2107);
#1758=AXIS2_PLACEMENT_3D('',#2839,#2110,#2111);
#1759=AXIS2_PLACEMENT_3D('',#2842,#2113,#2114);
#1760=AXIS2_PLACEMENT_3D('',#2843,#2115,#2116);
#1761=AXIS2_PLACEMENT_3D('',#2847,#2119,#2120);
#1762=AXIS2_PLACEMENT_3D('',#2850,#2122,#2123);
#1763=AXIS2_PLACEMENT_3D('',#2851,#2124,#2125);
#1764=AXIS2_PLACEMENT_3D('',#2855,#2128,#2129);
#1765=AXIS2_PLACEMENT_3D('',#2858,#2131,#2132);
#1766=AXIS2_PLACEMENT_3D('',#2859,#2133,#2134);
#1767=AXIS2_PLACEMENT_3D('',#2863,#2137,#2138);
#1768=AXIS2_PLACEMENT_3D('',#2866,#2140,#2141);
#1769=AXIS2_PLACEMENT_3D('',#2867,#2142,#2143);
#1770=AXIS2_PLACEMENT_3D('',#2871,#2146,#2147);
#1771=AXIS2_PLACEMENT_3D('',#2874,#2149,#2150);
#1772=AXIS2_PLACEMENT_3D('',#2875,#2151,#2152);
#1773=AXIS2_PLACEMENT_3D('',#2879,#2155,#2156);
#1774=AXIS2_PLACEMENT_3D('',#2882,#2157,#2158);
#1775=AXIS2_PLACEMENT_3D('',#2886,#2160,#2161);
#1776=AXIS2_PLACEMENT_3D('',#2888,#2163,#2164);
#1777=AXIS2_PLACEMENT_3D('',#2891,#2165,#2166);
#1778=AXIS2_PLACEMENT_3D('',#2892,#2167,#2168);
#1779=AXIS2_PLACEMENT_3D('',#2893,#2169,#2170);
#1780=AXIS2_PLACEMENT_3D('',#2894,#2171,#2172);
#1781=AXIS2_PLACEMENT_3D('',#2897,#2173,#2174);
#1782=AXIS2_PLACEMENT_3D('',#2900,#2177,#2178);
#1783=AXIS2_PLACEMENT_3D('',#2903,#2179,#2180);
#1784=AXIS2_PLACEMENT_3D('',#2904,#2181,#2182);
#1785=AXIS2_PLACEMENT_3D('',#2905,#2183,#2184);
#1786=AXIS2_PLACEMENT_3D('',#2906,#2185,#2186);
#1787=AXIS2_PLACEMENT_3D('',#2909,#2187,#2188);
#1788=AXIS2_PLACEMENT_3D('',#2912,#2191,#2192);
#1789=AXIS2_PLACEMENT_3D('',#2915,#2193,#2194);
#1790=AXIS2_PLACEMENT_3D('',#2916,#2195,#2196);
#1791=AXIS2_PLACEMENT_3D('',#2917,#2197,#2198);
#1792=AXIS2_PLACEMENT_3D('',#2918,#2199,#2200);
#1793=AXIS2_PLACEMENT_3D('',#2921,#2201,#2202);
#1794=AXIS2_PLACEMENT_3D('',#2924,#2205,#2206);
#1795=AXIS2_PLACEMENT_3D('',#2925,#2207,#2208);
#1796=AXIS2_PLACEMENT_3D('',#2926,#2209,#2210);
#1797=AXIS2_PLACEMENT_3D('',#2927,#2211,#2212);
#1798=AXIS2_PLACEMENT_3D('',#2931,#2214,#2215);
#1799=AXIS2_PLACEMENT_3D('',#2933,#2217,#2218);
#1800=AXIS2_PLACEMENT_3D('',#2937,#2221,#2222);
#1801=AXIS2_PLACEMENT_3D('',#2940,#2224,#2225);
#1802=AXIS2_PLACEMENT_3D('',#2941,#2226,#2227);
#1803=AXIS2_PLACEMENT_3D('',#2945,#2230,#2231);
#1804=AXIS2_PLACEMENT_3D('',#2948,#2232,#2233);
#1805=AXIS2_PLACEMENT_3D('',#2952,#2235,#2236);
#1806=AXIS2_PLACEMENT_3D('',#2956,#2238,#2239);
#1807=AXIS2_PLACEMENT_3D('',#2960,#2241,#2242);
#1808=AXIS2_PLACEMENT_3D('',#2962,#2244,#2245);
#1809=AXIS2_PLACEMENT_3D('',#2965,#2246,#2247);
#1810=AXIS2_PLACEMENT_3D('',#2968,#2250,#2251);
#1811=AXIS2_PLACEMENT_3D('',#2971,#2252,#2253);
#1812=AXIS2_PLACEMENT_3D('',#2972,#2254,#2255);
#1813=AXIS2_PLACEMENT_3D('',#2973,#2256,#2257);
#1814=AXIS2_PLACEMENT_3D('',#2974,#2258,#2259);
#1815=AXIS2_PLACEMENT_3D('',#2977,#2262,#2263);
#1816=AXIS2_PLACEMENT_3D('',#2980,#2266,#2267);
#1817=AXIS2_PLACEMENT_3D('',#2982,#2269,#2270);
#1818=AXIS2_PLACEMENT_3D('',#2984,#2271,#2272);
#1819=AXIS2_PLACEMENT_3D('',#2988,#2274,#2275);
#1820=AXIS2_PLACEMENT_3D('',#2991,#2277,#2278);
#1821=AXIS2_PLACEMENT_3D('',#2992,#2279,#2280);
#1822=AXIS2_PLACEMENT_3D('',#2994,#2281,#2282);
#1823=AXIS2_PLACEMENT_3D('',#2996,#2283,#2284);
#1824=AXIS2_PLACEMENT_3D('',#2997,#2285,#2286);
#1825=AXIS2_PLACEMENT_3D('',#2998,#2287,#2288);
#1826=AXIS2_PLACEMENT_3D('',#3000,#2289,#2290);
#1827=AXIS2_PLACEMENT_3D('',#3002,#2292,#2293);
#1828=AXIS2_PLACEMENT_3D('',#3004,#2294,#2295);
#1829=AXIS2_PLACEMENT_3D('',#3005,#2296,#2297);
#1830=AXIS2_PLACEMENT_3D('',#3006,#2298,#2299);
#1831=AXIS2_PLACEMENT_3D('',#3008,#2301,#2302);
#1832=AXIS2_PLACEMENT_3D('',#3011,#2305,#2306);
#1833=AXIS2_PLACEMENT_3D('',#3013,#2308,#2309);
#1834=AXIS2_PLACEMENT_3D('',#3015,#2310,#2311);
#1835=AXIS2_PLACEMENT_3D('',#3016,#2312,#2313);
#1836=AXIS2_PLACEMENT_3D('',#3018,#2314,#2315);
#1837=AXIS2_PLACEMENT_3D('',#3019,#2316,#2317);
#1838=AXIS2_PLACEMENT_3D('',#3021,#2318,#2319);
#1839=AXIS2_PLACEMENT_3D('',#3022,#2320,#2321);
#1840=AXIS2_PLACEMENT_3D('',#3024,#2322,#2323);
#1841=AXIS2_PLACEMENT_3D('',#3025,#2324,#2325);
#1842=AXIS2_PLACEMENT_3D('',#3027,#2327,#2328);
#1843=AXIS2_PLACEMENT_3D('',#3028,#2329,#2330);
#1844=AXIS2_PLACEMENT_3D('',#3030,#2332,#2333);
#1845=AXIS2_PLACEMENT_3D('',#3031,#2334,#2335);
#1846=AXIS2_PLACEMENT_3D('',#3033,#2337,#2338);
#1847=AXIS2_PLACEMENT_3D('',#3036,#2340,#2341);
#1848=AXIS2_PLACEMENT_3D('',#3037,#2342,#2343);
#1849=AXIS2_PLACEMENT_3D('',#3039,#2345,#2346);
#1850=AXIS2_PLACEMENT_3D('',#3043,#2348,#2349);
#1851=AXIS2_PLACEMENT_3D('',#3045,#2351,#2352);
#1852=AXIS2_PLACEMENT_3D('',#3049,#2355,#2356);
#1853=AXIS2_PLACEMENT_3D('',#3053,#2359,#2360);
#1854=AXIS2_PLACEMENT_3D('',#3056,#2362,#2363);
#1855=AXIS2_PLACEMENT_3D('',#3057,#2364,#2365);
#1856=AXIS2_PLACEMENT_3D('',#3059,#2366,#2367);
#1857=AXIS2_PLACEMENT_3D('',#3061,#2369,#2370);
#1858=AXIS2_PLACEMENT_3D('',#3063,#2372,#2373);
#1859=AXIS2_PLACEMENT_3D('',#3065,#2375,#2376);
#1860=AXIS2_PLACEMENT_3D('',#3069,#2379,#2380);
#1861=AXIS2_PLACEMENT_3D('',#3075,#2384,#2385);
#1862=AXIS2_PLACEMENT_3D('',#3076,#2386,#2387);
#1863=AXIS2_PLACEMENT_3D('',#3077,#2388,#2389);
#1864=AXIS2_PLACEMENT_3D('',#3079,#2390,#2391);
#1865=AXIS2_PLACEMENT_3D('',#3081,#2393,#2394);
#1866=AXIS2_PLACEMENT_3D('',#3083,#2396,#2397);
#1867=AXIS2_PLACEMENT_3D('',#3085,#2399,#2400);
#1868=AXIS2_PLACEMENT_3D('',#3089,#2403,#2404);
#1869=AXIS2_PLACEMENT_3D('',#3092,#2406,#2407);
#1870=AXIS2_PLACEMENT_3D('',#3093,#2408,#2409);
#1871=AXIS2_PLACEMENT_3D('',#3097,#2412,#2413);
#1872=AXIS2_PLACEMENT_3D('',#3098,#2414,#2415);
#1873=AXIS2_PLACEMENT_3D('',#3099,#2416,#2417);
#1874=DIRECTION('axis',(0.,0.,1.));
#1875=DIRECTION('refdir',(1.,0.,0.));
#1876=DIRECTION('center_axis',(0.,0.,1.));
#1877=DIRECTION('ref_axis',(1.,0.,0.));
#1878=DIRECTION('center_axis',(0.,0.,-1.));
#1879=DIRECTION('ref_axis',(1.,0.,0.));
#1880=DIRECTION('',(0.,0.,-1.));
#1881=DIRECTION('center_axis',(0.,0.,1.));
#1882=DIRECTION('ref_axis',(1.,0.,0.));
#1883=DIRECTION('center_axis',(0.,0.,-1.));
#1884=DIRECTION('ref_axis',(1.,0.,0.));
#1885=DIRECTION('center_axis',(0.,0.,-1.));
#1886=DIRECTION('ref_axis',(-1.,0.,0.));
#1887=DIRECTION('center_axis',(0.,0.,1.));
#1888=DIRECTION('ref_axis',(1.,0.,0.));
#1889=DIRECTION('center_axis',(0.,0.,-1.));
#1890=DIRECTION('ref_axis',(1.,0.,0.));
#1891=DIRECTION('',(0.,0.,-1.));
#1892=DIRECTION('center_axis',(0.,0.,1.));
#1893=DIRECTION('ref_axis',(1.,0.,0.));
#1894=DIRECTION('center_axis',(0.,0.,-1.));
#1895=DIRECTION('ref_axis',(1.,0.,0.));
#1896=DIRECTION('center_axis',(0.,0.,-1.));
#1897=DIRECTION('ref_axis',(-1.,0.,0.));
#1898=DIRECTION('center_axis',(0.,0.,1.));
#1899=DIRECTION('ref_axis',(1.,0.,0.));
#1900=DIRECTION('center_axis',(0.,0.,-1.));
#1901=DIRECTION('ref_axis',(1.,0.,0.));
#1902=DIRECTION('',(0.,0.,-1.));
#1903=DIRECTION('center_axis',(0.,0.,1.));
#1904=DIRECTION('ref_axis',(1.,0.,0.));
#1905=DIRECTION('center_axis',(0.,0.,-1.));
#1906=DIRECTION('ref_axis',(1.,0.,0.));
#1907=DIRECTION('center_axis',(0.,0.,-1.));
#1908=DIRECTION('ref_axis',(-1.,0.,0.));
#1909=DIRECTION('center_axis',(0.,0.,1.));
#1910=DIRECTION('ref_axis',(1.,0.,0.));
#1911=DIRECTION('center_axis',(0.,0.,-1.));
#1912=DIRECTION('ref_axis',(1.,0.,0.));
#1913=DIRECTION('',(0.,0.,-1.));
#1914=DIRECTION('center_axis',(0.,0.,1.));
#1915=DIRECTION('ref_axis',(1.,0.,0.));
#1916=DIRECTION('center_axis',(0.,0.,-1.));
#1917=DIRECTION('ref_axis',(1.,0.,0.));
#1918=DIRECTION('center_axis',(0.,0.,-1.));
#1919=DIRECTION('ref_axis',(-1.,0.,0.));
#1920=DIRECTION('center_axis',(0.,0.,-1.));
#1921=DIRECTION('ref_axis',(-1.,0.,0.));
#1922=DIRECTION('center_axis',(0.,0.,-1.));
#1923=DIRECTION('ref_axis',(-0.240952930770784,0.97053680257524,0.));
#1924=DIRECTION('center_axis',(1.,4.44089209850063E-15,0.));
#1925=DIRECTION('ref_axis',(-4.44089209850063E-15,1.,0.));
#1926=DIRECTION('center_axis',(0.,0.,1.));
#1927=DIRECTION('ref_axis',(-0.240952930770784,0.970536802575239,0.));
#1928=DIRECTION('center_axis',(0.707106751683627,-0.707106810689467,0.));
#1929=DIRECTION('ref_axis',(0.500000020861713,0.499999979138286,0.707106781186547));
#1930=DIRECTION('',(0.707106751683627,-0.707106810689467,0.));
#1931=DIRECTION('center_axis',(0.707106751683625,-0.707106810689469,0.));
#1932=DIRECTION('ref_axis',(0.707106810689469,0.707106751683625,0.));
#1933=DIRECTION('',(-0.707106751683627,0.707106810689467,0.));
#1934=DIRECTION('center_axis',(0.,0.,-1.));
#1935=DIRECTION('ref_axis',(-1.,0.,0.));
#1936=DIRECTION('center_axis',(0.,0.,-1.));
#1937=DIRECTION('ref_axis',(-0.942841155661651,-0.333242487073006,0.));
#1938=DIRECTION('center_axis',(0.,1.,0.));
#1939=DIRECTION('ref_axis',(-1.,0.,0.));
#1940=DIRECTION('center_axis',(0.,0.,1.));
#1941=DIRECTION('ref_axis',(-0.942841155661651,-0.333242487073006,0.));
#1942=DIRECTION('center_axis',(0.707106751683761,0.707106810689333,0.));
#1943=DIRECTION('ref_axis',(-0.50000002086162,0.499999979138378,0.707106781186548));
#1944=DIRECTION('',(0.707106751683761,0.707106810689333,0.));
#1945=DIRECTION('center_axis',(0.70710675168376,0.707106810689334,0.));
#1946=DIRECTION('ref_axis',(-0.707106810689334,0.70710675168376,0.));
#1947=DIRECTION('',(-0.707106751683761,-0.707106810689333,0.));
#1948=DIRECTION('center_axis',(0.,0.,-1.));
#1949=DIRECTION('ref_axis',(-1.,0.,0.));
#1950=DIRECTION('center_axis',(0.,0.,-1.));
#1951=DIRECTION('ref_axis',(0.240952930770786,-0.970536802575239,0.));
#1952=DIRECTION('center_axis',(-1.,0.,0.));
#1953=DIRECTION('ref_axis',(0.,-1.,0.));
#1954=DIRECTION('center_axis',(0.,0.,1.));
#1955=DIRECTION('ref_axis',(0.240952930770786,-0.970536802575239,0.));
#1956=DIRECTION('center_axis',(-1.,-1.66533453693774E-16,0.));
#1957=DIRECTION('ref_axis',(0.,-0.707106781186548,0.707106781186548));
#1958=DIRECTION('center_axis',(-1.,0.,0.));
#1959=DIRECTION('ref_axis',(0.,-1.,0.));
#1960=DIRECTION('',(1.,1.66533453693774E-16,0.));
#1961=DIRECTION('',(-1.,-1.66533453693774E-16,0.));
#1962=DIRECTION('center_axis',(0.,0.,-1.));
#1963=DIRECTION('ref_axis',(-1.,0.,0.));
#1964=DIRECTION('center_axis',(0.,0.,1.));
#1965=DIRECTION('ref_axis',(-0.240952930770784,-0.97053680257524,0.));
#1966=DIRECTION('center_axis',(0.,0.,-1.));
#1967=DIRECTION('ref_axis',(-0.240952930770784,-0.97053680257524,0.));
#1968=DIRECTION('center_axis',(-0.707106751683627,0.707106810689467,0.));
#1969=DIRECTION('ref_axis',(-0.500000020861714,-0.499999979138285,0.707106781186548));
#1970=DIRECTION('',(-0.707106751683627,0.707106810689467,0.));
#1971=DIRECTION('center_axis',(-0.707106751683627,0.707106810689467,0.));
#1972=DIRECTION('ref_axis',(-0.707106810689467,-0.707106751683627,0.));
#1973=DIRECTION('',(0.707106751683627,-0.707106810689467,0.));
#1974=DIRECTION('center_axis',(0.,0.,1.));
#1975=DIRECTION('ref_axis',(-0.707106723868208,0.707106838504882,0.));
#1976=DIRECTION('center_axis',(0.707106612606198,-0.707106949766857,0.));
#1977=DIRECTION('ref_axis',(0.707106949766857,0.707106612606198,0.));
#1978=DIRECTION('center_axis',(0.,0.,-1.));
#1979=DIRECTION('ref_axis',(-0.707106751683743,0.707106810689351,0.));
#1980=DIRECTION('center_axis',(0.,0.,1.));
#1981=DIRECTION('ref_axis',(-0.707106751683743,0.707106810689351,0.));
#1982=DIRECTION('center_axis',(0.707106751683761,-0.707106810689333,0.));
#1983=DIRECTION('ref_axis',(0.500000020861619,0.499999979138381,0.707106781186547));
#1984=DIRECTION('',(-0.707106751683761,0.707106810689333,0.));
#1985=DIRECTION('',(0.707106751683761,-0.707106810689333,0.));
#1986=DIRECTION('center_axis',(0.,0.,1.));
#1987=DIRECTION('ref_axis',(1.,0.,0.));
#1988=DIRECTION('center_axis',(-0.707106890761231,-0.707106671611847,0.));
#1989=DIRECTION('ref_axis',(0.707106671611847,-0.707106890761231,0.));
#1990=DIRECTION('center_axis',(0.,0.,-1.));
#1991=DIRECTION('ref_axis',(0.707106751683743,0.707106810689351,0.));
#1992=DIRECTION('center_axis',(0.,0.,1.));
#1993=DIRECTION('ref_axis',(0.707106751683743,0.707106810689351,0.));
#1994=DIRECTION('center_axis',(-0.707106751683627,-0.707106810689467,0.));
#1995=DIRECTION('ref_axis',(0.500000020861716,-0.499999979138285,0.707106781186546));
#1996=DIRECTION('',(0.707106751683627,0.707106810689467,0.));
#1997=DIRECTION('',(-0.707106751683627,-0.707106810689467,0.));
#1998=DIRECTION('center_axis',(0.,0.,-1.));
#1999=DIRECTION('ref_axis',(-1.,0.,0.));
#2000=DIRECTION('center_axis',(0.,0.,-1.));
#2001=DIRECTION('ref_axis',(0.94284115566165,0.333242487073008,0.));
#2002=DIRECTION('center_axis',(0.,-1.,0.));
#2003=DIRECTION('ref_axis',(1.,0.,0.));
#2004=DIRECTION('center_axis',(0.,0.,1.));
#2005=DIRECTION('ref_axis',(0.94284115566165,0.333242487073008,0.));
#2006=DIRECTION('center_axis',(0.,-1.,0.));
#2007=DIRECTION('ref_axis',(0.707106781186549,0.,0.707106781186546));
#2008=DIRECTION('center_axis',(0.,-1.,-2.77555756156289E-16));
#2009=DIRECTION('ref_axis',(1.,0.,0.));
#2010=DIRECTION('',(0.,1.,0.));
#2011=DIRECTION('',(0.,-1.,0.));
#2012=DIRECTION('center_axis',(2.77555756156289E-16,-1.,0.));
#2013=DIRECTION('ref_axis',(1.,2.77555756156289E-16,0.));
#2014=DIRECTION('center_axis',(0.,-1.,0.));
#2015=DIRECTION('ref_axis',(0.707106781186549,0.,0.707106781186546));
#2016=DIRECTION('',(0.,-1.,0.));
#2017=DIRECTION('center_axis',(-2.22044604925031E-15,-1.,0.));
#2018=DIRECTION('ref_axis',(1.,-2.22044604925031E-15,0.));
#2019=DIRECTION('',(0.,1.,0.));
#2020=DIRECTION('center_axis',(0.,0.,-1.));
#2021=DIRECTION('ref_axis',(-1.,0.,0.));
#2022=DIRECTION('center_axis',(0.,0.,1.));
#2023=DIRECTION('ref_axis',(0.942841155661651,-0.333242487073006,0.));
#2024=DIRECTION('center_axis',(0.,0.,-1.));
#2025=DIRECTION('ref_axis',(0.942841155661651,-0.333242487073006,0.));
#2026=DIRECTION('center_axis',(0.,1.,0.));
#2027=DIRECTION('ref_axis',(-0.707106781186549,0.,0.707106781186546));
#2028=DIRECTION('center_axis',(0.,1.,-2.77555756156289E-16));
#2029=DIRECTION('ref_axis',(-1.,0.,0.));
#2030=DIRECTION('',(0.,-1.,0.));
#2031=DIRECTION('',(0.,1.,0.));
#2032=DIRECTION('center_axis',(0.,1.,0.));
#2033=DIRECTION('ref_axis',(-1.,0.,0.));
#2034=DIRECTION('center_axis',(0.,1.,0.));
#2035=DIRECTION('ref_axis',(-0.707106781186549,0.,0.707106781186546));
#2036=DIRECTION('',(0.,1.,0.));
#2037=DIRECTION('center_axis',(-2.22044604925031E-15,1.,0.));
#2038=DIRECTION('ref_axis',(-1.,-2.22044604925031E-15,0.));
#2039=DIRECTION('',(0.,-1.,0.));
#2040=DIRECTION('center_axis',(0.,0.,-1.));
#2041=DIRECTION('ref_axis',(-1.,0.,0.));
#2042=DIRECTION('center_axis',(0.,0.,1.));
#2043=DIRECTION('ref_axis',(-0.942841155661651,0.333242487073007,0.));
#2044=DIRECTION('center_axis',(0.,0.,-1.));
#2045=DIRECTION('ref_axis',(-0.942841155661651,0.333242487073007,0.));
#2046=DIRECTION('center_axis',(-0.70710675168376,-0.707106810689333,0.));
#2047=DIRECTION('ref_axis',(0.500000020861619,-0.49999997913838,0.707106781186548));
#2048=DIRECTION('',(-0.70710675168376,-0.707106810689333,0.));
#2049=DIRECTION('center_axis',(-0.707106751683761,-0.707106810689333,0.));
#2050=DIRECTION('ref_axis',(0.707106810689333,-0.707106751683761,0.));
#2051=DIRECTION('',(0.70710675168376,0.707106810689333,0.));
#2052=DIRECTION('center_axis',(0.,0.,1.));
#2053=DIRECTION('ref_axis',(-0.707106751683756,-0.707106810689338,0.));
#2054=DIRECTION('center_axis',(0.707106751683754,0.707106810689339,0.));
#2055=DIRECTION('ref_axis',(-0.707106810689339,0.707106751683754,0.));
#2056=DIRECTION('center_axis',(0.,0.,-1.));
#2057=DIRECTION('ref_axis',(-0.707106751683756,-0.707106810689338,0.));
#2058=DIRECTION('center_axis',(0.,0.,1.));
#2059=DIRECTION('ref_axis',(-0.707106751683756,-0.707106810689338,0.));
#2060=DIRECTION('center_axis',(0.707106751683627,0.707106810689467,0.));
#2061=DIRECTION('ref_axis',(-0.500000020861714,0.499999979138285,0.707106781186548));
#2062=DIRECTION('',(-0.707106751683627,-0.707106810689467,0.));
#2063=DIRECTION('',(0.707106751683627,0.707106810689467,0.));
#2064=DIRECTION('center_axis',(0.,0.,1.));
#2065=DIRECTION('ref_axis',(1.,0.,0.));
#2066=DIRECTION('center_axis',(-0.707106751683759,0.707106810689335,0.));
#2067=DIRECTION('ref_axis',(-0.707106810689335,-0.707106751683759,0.));
#2068=DIRECTION('center_axis',(0.,0.,-1.));
#2069=DIRECTION('ref_axis',(0.707106751683756,-0.707106810689338,0.));
#2070=DIRECTION('center_axis',(0.,0.,1.));
#2071=DIRECTION('ref_axis',(0.707106751683756,-0.707106810689338,0.));
#2072=DIRECTION('center_axis',(-0.707106751683761,0.707106810689333,0.));
#2073=DIRECTION('ref_axis',(-0.50000002086162,-0.499999979138378,0.707106781186548));
#2074=DIRECTION('',(0.707106751683761,-0.707106810689333,0.));
#2075=DIRECTION('',(-0.707106751683761,0.707106810689333,0.));
#2076=DIRECTION('center_axis',(1.,1.66533453693773E-16,0.));
#2077=DIRECTION('ref_axis',(0.,0.707106781186548,0.707106781186548));
#2078=DIRECTION('center_axis',(1.,-2.22044604925031E-15,0.));
#2079=DIRECTION('ref_axis',(2.22044604925031E-15,1.,0.));
#2080=DIRECTION('',(-1.,-1.66533453693773E-16,0.));
#2081=DIRECTION('',(1.,1.66533453693773E-16,0.));
#2082=DIRECTION('center_axis',(0.,0.,-1.));
#2083=DIRECTION('ref_axis',(-1.,0.,0.));
#2084=DIRECTION('center_axis',(0.,0.,1.));
#2085=DIRECTION('ref_axis',(0.240952930770783,0.97053680257524,0.));
#2086=DIRECTION('center_axis',(0.,0.,-1.));
#2087=DIRECTION('ref_axis',(0.240952930770783,0.97053680257524,0.));
#2088=DIRECTION('center_axis',(0.,0.,-1.));
#2089=DIRECTION('ref_axis',(-1.,0.,0.));
#2090=DIRECTION('center_axis',(0.,0.,-1.));
#2091=DIRECTION('ref_axis',(-1.,-6.66133814775094E-15,0.));
#2092=DIRECTION('center_axis',(-1.,-2.11236539371385E-8,0.));
#2093=DIRECTION('ref_axis',(0.,0.,-1.));
#2094=DIRECTION('center_axis',(0.,0.,1.));
#2095=DIRECTION('ref_axis',(-1.,-6.66133814775094E-15,0.));
#2096=DIRECTION('center_axis',(-1.,2.112363617357E-8,0.));
#2097=DIRECTION('ref_axis',(2.112363617357E-8,1.,0.));
#2098=DIRECTION('center_axis',(0.,0.,-1.));
#2099=DIRECTION('ref_axis',(-1.,-6.66133814775094E-15,0.));
#2100=DIRECTION('center_axis',(0.,0.,1.));
#2101=DIRECTION('ref_axis',(-1.,0.,0.));
#2102=DIRECTION('',(0.,0.,1.));
#2103=DIRECTION('center_axis',(0.,0.,-1.));
#2104=DIRECTION('ref_axis',(-1.,0.,0.));
#2105=DIRECTION('',(0.,0.,1.));
#2106=DIRECTION('center_axis',(-1.66533453693774E-16,1.,0.));
#2107=DIRECTION('ref_axis',(-1.,-1.66533453693774E-16,0.));
#2108=DIRECTION('',(0.,0.,1.));
#2109=DIRECTION('',(-1.,-1.66533453693774E-16,0.));
#2110=DIRECTION('center_axis',(0.,0.,1.));
#2111=DIRECTION('ref_axis',(8.88178419700124E-16,-1.,0.));
#2112=DIRECTION('',(0.,0.,-1.));
#2113=DIRECTION('center_axis',(0.,0.,-1.));
#2114=DIRECTION('ref_axis',(8.88178419700124E-16,-1.,0.));
#2115=DIRECTION('center_axis',(-0.707106810689333,-0.707106751683761,0.));
#2116=DIRECTION('ref_axis',(0.707106751683761,-0.707106810689333,0.));
#2117=DIRECTION('',(0.,0.,1.));
#2118=DIRECTION('',(0.707106751683761,-0.707106810689333,0.));
#2119=DIRECTION('center_axis',(0.,0.,1.));
#2120=DIRECTION('ref_axis',(-1.,0.,0.));
#2121=DIRECTION('',(0.,0.,1.));
#2122=DIRECTION('center_axis',(0.,0.,1.));
#2123=DIRECTION('ref_axis',(-1.,0.,0.));
#2124=DIRECTION('center_axis',(0.707106810689467,0.707106751683627,0.));
#2125=DIRECTION('ref_axis',(-0.707106751683627,0.707106810689467,0.));
#2126=DIRECTION('',(0.,0.,1.));
#2127=DIRECTION('',(0.707106751683627,-0.707106810689467,0.));
#2128=DIRECTION('center_axis',(0.,0.,1.));
#2129=DIRECTION('ref_axis',(8.88178419700124E-16,-1.,0.));
#2130=DIRECTION('',(0.,0.,1.));
#2131=DIRECTION('center_axis',(0.,0.,-1.));
#2132=DIRECTION('ref_axis',(8.88178419700124E-16,-1.,0.));
#2133=DIRECTION('center_axis',(-1.,0.,0.));
#2134=DIRECTION('ref_axis',(0.,-1.,0.));
#2135=DIRECTION('',(0.,0.,1.));
#2136=DIRECTION('',(0.,-1.,0.));
#2137=DIRECTION('center_axis',(0.,0.,1.));
#2138=DIRECTION('ref_axis',(1.,0.,0.));
#2139=DIRECTION('',(0.,0.,-1.));
#2140=DIRECTION('center_axis',(0.,0.,-1.));
#2141=DIRECTION('ref_axis',(1.,0.,0.));
#2142=DIRECTION('center_axis',(0.707106810689467,-0.707106751683627,0.));
#2143=DIRECTION('ref_axis',(0.707106751683627,0.707106810689467,0.));
#2144=DIRECTION('',(0.,0.,1.));
#2145=DIRECTION('',(0.707106751683627,0.707106810689467,0.));
#2146=DIRECTION('center_axis',(0.,0.,1.));
#2147=DIRECTION('ref_axis',(-1.,0.,0.));
#2148=DIRECTION('',(0.,0.,1.));
#2149=DIRECTION('center_axis',(0.,0.,1.));
#2150=DIRECTION('ref_axis',(-1.,0.,0.));
#2151=DIRECTION('center_axis',(-0.707106810689333,0.70710675168376,0.));
#2152=DIRECTION('ref_axis',(-0.70710675168376,-0.707106810689333,0.));
#2153=DIRECTION('',(0.,0.,1.));
#2154=DIRECTION('',(0.70710675168376,0.707106810689333,0.));
#2155=DIRECTION('center_axis',(0.,1.,0.));
#2156=DIRECTION('ref_axis',(0.707106781186549,0.,0.707106781186546));
#2157=DIRECTION('center_axis',(0.,1.,0.));
#2158=DIRECTION('ref_axis',(0.,0.,1.));
#2159=DIRECTION('',(0.,1.,0.));
#2160=DIRECTION('center_axis',(0.,-1.,0.));
#2161=DIRECTION('ref_axis',(1.,0.,0.));
#2162=DIRECTION('',(0.,-1.,0.));
#2163=DIRECTION('center_axis',(0.,0.,1.));
#2164=DIRECTION('ref_axis',(1.,0.,0.));
#2165=DIRECTION('center_axis',(1.,0.,0.));
#2166=DIRECTION('ref_axis',(0.,1.,0.));
#2167=DIRECTION('center_axis',(0.,0.,-1.));
#2168=DIRECTION('ref_axis',(0.707106781186547,0.707106781186548,0.));
#2169=DIRECTION('center_axis',(0.,0.,1.));
#2170=DIRECTION('ref_axis',(0.707106781186547,0.707106781186548,0.));
#2171=DIRECTION('center_axis',(-1.,-1.66533453693773E-16,0.));
#2172=DIRECTION('ref_axis',(0.,0.707106781186548,0.707106781186548));
#2173=DIRECTION('center_axis',(1.,0.,0.));
#2174=DIRECTION('ref_axis',(0.,1.,0.));
#2175=DIRECTION('',(1.,1.66533453693773E-16,0.));
#2176=DIRECTION('',(-1.,-1.66533453693773E-16,0.));
#2177=DIRECTION('center_axis',(0.,0.,1.));
#2178=DIRECTION('ref_axis',(1.,0.,0.));
#2179=DIRECTION('center_axis',(0.,1.,0.));
#2180=DIRECTION('ref_axis',(-1.,0.,0.));
#2181=DIRECTION('center_axis',(0.,0.,-1.));
#2182=DIRECTION('ref_axis',(-0.707106781186549,0.707106781186546,0.));
#2183=DIRECTION('center_axis',(0.,0.,1.));
#2184=DIRECTION('ref_axis',(-0.707106781186549,0.707106781186546,0.));
#2185=DIRECTION('center_axis',(0.,-1.,0.));
#2186=DIRECTION('ref_axis',(-0.707106781186549,0.,0.707106781186546));
#2187=DIRECTION('center_axis',(0.,1.,0.));
#2188=DIRECTION('ref_axis',(-1.,0.,0.));
#2189=DIRECTION('',(0.,1.,0.));
#2190=DIRECTION('',(0.,-1.,0.));
#2191=DIRECTION('center_axis',(0.,0.,1.));
#2192=DIRECTION('ref_axis',(1.,0.,0.));
#2193=DIRECTION('center_axis',(-1.,2.22044604925031E-15,0.));
#2194=DIRECTION('ref_axis',(-2.22044604925031E-15,-1.,0.));
#2195=DIRECTION('center_axis',(0.,0.,-1.));
#2196=DIRECTION('ref_axis',(-0.707106781186547,-0.707106781186548,0.));
#2197=DIRECTION('center_axis',(0.,0.,1.));
#2198=DIRECTION('ref_axis',(-0.707106781186547,-0.707106781186548,0.));
#2199=DIRECTION('center_axis',(1.,1.66533453693774E-16,0.));
#2200=DIRECTION('ref_axis',(0.,-0.707106781186548,0.707106781186548));
#2201=DIRECTION('center_axis',(-1.,0.,0.));
#2202=DIRECTION('ref_axis',(0.,-1.,0.));
#2203=DIRECTION('',(-1.,-1.66533453693774E-16,0.));
#2204=DIRECTION('',(1.,1.66533453693774E-16,0.));
#2205=DIRECTION('center_axis',(0.,0.,1.));
#2206=DIRECTION('ref_axis',(1.,0.,0.));
#2207=DIRECTION('center_axis',(0.,0.,-1.));
#2208=DIRECTION('ref_axis',(0.707106781186548,-0.707106781186547,0.));
#2209=DIRECTION('center_axis',(0.,0.,1.));
#2210=DIRECTION('ref_axis',(0.707106781186548,-0.707106781186547,0.));
#2211=DIRECTION('center_axis',(0.,0.,1.));
#2212=DIRECTION('ref_axis',(-1.11022302462516E-15,1.,0.));
#2213=DIRECTION('',(0.,0.,1.));
#2214=DIRECTION('center_axis',(0.,0.,1.));
#2215=DIRECTION('ref_axis',(-1.11022302462516E-15,1.,0.));
#2216=DIRECTION('',(0.,0.,1.));
#2217=DIRECTION('center_axis',(-1.66533453693773E-16,1.,0.));
#2218=DIRECTION('ref_axis',(-1.,-1.66533453693773E-16,0.));
#2219=DIRECTION('',(0.,0.,1.));
#2220=DIRECTION('',(-1.,-1.66533453693773E-16,0.));
#2221=DIRECTION('center_axis',(0.,0.,1.));
#2222=DIRECTION('ref_axis',(1.,0.,0.));
#2223=DIRECTION('',(0.,0.,1.));
#2224=DIRECTION('center_axis',(0.,0.,1.));
#2225=DIRECTION('ref_axis',(1.,0.,0.));
#2226=DIRECTION('center_axis',(1.,0.,0.));
#2227=DIRECTION('ref_axis',(0.,1.,0.));
#2228=DIRECTION('',(0.,0.,1.));
#2229=DIRECTION('',(0.,1.,0.));
#2230=DIRECTION('center_axis',(0.,0.,1.));
#2231=DIRECTION('ref_axis',(-1.,0.,0.));
#2232=DIRECTION('center_axis',(0.,0.,-1.));
#2233=DIRECTION('ref_axis',(-1.,0.,0.));
#2234=DIRECTION('',(1.,4.03717463500057E-17,0.));
#2235=DIRECTION('center_axis',(0.,0.,-1.));
#2236=DIRECTION('ref_axis',(-1.,0.,0.));
#2237=DIRECTION('',(-1.,-4.03717463500057E-17,0.));
#2238=DIRECTION('center_axis',(0.,0.,-1.));
#2239=DIRECTION('ref_axis',(-1.,0.,0.));
#2240=DIRECTION('',(1.,4.03717463500057E-17,0.));
#2241=DIRECTION('center_axis',(0.,0.,-1.));
#2242=DIRECTION('ref_axis',(-1.,0.,0.));
#2243=DIRECTION('',(-1.,-4.03717463500057E-17,0.));
#2244=DIRECTION('center_axis',(1.,4.03717463500057E-17,0.));
#2245=DIRECTION('ref_axis',(0.,-0.707106781186549,-0.707106781186546));
#2246=DIRECTION('center_axis',(-1.,4.44089209850062E-15,0.));
#2247=DIRECTION('ref_axis',(0.,0.,-1.));
#2248=DIRECTION('',(-1.,-4.03717463500057E-17,0.));
#2249=DIRECTION('',(1.,4.03717463500057E-17,0.));
#2250=DIRECTION('center_axis',(0.,0.,-1.));
#2251=DIRECTION('ref_axis',(1.,-1.22464679914735E-16,0.));
#2252=DIRECTION('center_axis',(1.,-1.11022302462516E-15,0.));
#2253=DIRECTION('ref_axis',(0.,0.,-1.));
#2254=DIRECTION('center_axis',(0.,0.,1.));
#2255=DIRECTION('ref_axis',(1.,-1.22464679914735E-16,0.));
#2256=DIRECTION('center_axis',(0.,0.,-1.));
#2257=DIRECTION('ref_axis',(1.,-1.22464679914735E-16,0.));
#2258=DIRECTION('center_axis',(-1.,-4.03717463500057E-17,0.));
#2259=DIRECTION('ref_axis',(0.,0.707106781186549,-0.707106781186546));
#2260=DIRECTION('',(1.,4.03717463500057E-17,0.));
#2261=DIRECTION('',(-1.,-4.03717463500057E-17,0.));
#2262=DIRECTION('center_axis',(-4.03717463500057E-17,1.,0.));
#2263=DIRECTION('ref_axis',(-1.,-4.03717463500057E-17,0.));
#2264=DIRECTION('',(0.,0.,1.));
#2265=DIRECTION('',(0.,0.,1.));
#2266=DIRECTION('center_axis',(0.,0.,1.));
#2267=DIRECTION('ref_axis',(-1.,0.,0.));
#2268=DIRECTION('',(0.,0.,1.));
#2269=DIRECTION('center_axis',(0.,0.,1.));
#2270=DIRECTION('ref_axis',(-1.,0.,0.));
#2271=DIRECTION('center_axis',(0.,0.,-1.));
#2272=DIRECTION('ref_axis',(1.,-2.12212182385611E-8,0.));
#2273=DIRECTION('',(1.,4.03717463500057E-17,0.));
#2274=DIRECTION('center_axis',(0.,0.,-1.));
#2275=DIRECTION('ref_axis',(-1.,-2.87289787515022E-8,0.));
#2276=DIRECTION('',(-1.,-4.03717463500057E-17,0.));
#2277=DIRECTION('center_axis',(0.,0.,-1.));
#2278=DIRECTION('ref_axis',(1.,-2.12212182385611E-8,0.));
#2279=DIRECTION('center_axis',(0.,0.,-1.));
#2280=DIRECTION('ref_axis',(1.,-2.1221218437721E-8,0.));
#2281=DIRECTION('center_axis',(1.,-2.10413908519058E-8,0.));
#2282=DIRECTION('ref_axis',(0.,0.,-1.));
#2283=DIRECTION('center_axis',(0.,0.,1.));
#2284=DIRECTION('ref_axis',(1.,-2.12212182385611E-8,0.));
#2285=DIRECTION('center_axis',(1.,-2.14010498211792E-8,0.));
#2286=DIRECTION('ref_axis',(-2.14010498211792E-8,-1.,0.));
#2287=DIRECTION('center_axis',(-1.,-4.03717463500057E-17,0.));
#2288=DIRECTION('ref_axis',(0.,0.707106781186549,-0.707106781186546));
#2289=DIRECTION('center_axis',(1.,-1.11022302462516E-15,0.));
#2290=DIRECTION('ref_axis',(0.,0.,-1.));
#2291=DIRECTION('',(1.,4.03717463500057E-17,0.));
#2292=DIRECTION('center_axis',(0.,0.,-1.));
#2293=DIRECTION('ref_axis',(-1.,0.,0.));
#2294=DIRECTION('center_axis',(-1.,-2.87636392481971E-8,0.));
#2295=DIRECTION('ref_axis',(0.,0.,-1.));
#2296=DIRECTION('center_axis',(0.,0.,1.));
#2297=DIRECTION('ref_axis',(-1.,-2.87289787515021E-8,0.));
#2298=DIRECTION('center_axis',(1.,4.03717463500057E-17,0.));
#2299=DIRECTION('ref_axis',(0.,-0.707106781186549,-0.707106781186546));
#2300=DIRECTION('',(-1.,-4.03717463500057E-17,0.));
#2301=DIRECTION('center_axis',(4.03717463500057E-17,-1.,0.));
#2302=DIRECTION('ref_axis',(1.,4.03717463500057E-17,0.));
#2303=DIRECTION('',(0.,0.,1.));
#2304=DIRECTION('',(0.,0.,1.));
#2305=DIRECTION('center_axis',(0.,0.,1.));
#2306=DIRECTION('ref_axis',(1.,-2.12212182385611E-8,0.));
#2307=DIRECTION('',(0.,0.,1.));
#2308=DIRECTION('center_axis',(0.,0.,1.));
#2309=DIRECTION('ref_axis',(-1.,0.,0.));
#2310=DIRECTION('center_axis',(0.,0.,-1.));
#2311=DIRECTION('ref_axis',(-1.,0.,0.));
#2312=DIRECTION('center_axis',(0.,0.,1.));
#2313=DIRECTION('ref_axis',(-1.,0.,0.));
#2314=DIRECTION('center_axis',(0.,0.,-1.));
#2315=DIRECTION('ref_axis',(-1.,0.,0.));
#2316=DIRECTION('center_axis',(0.,0.,1.));
#2317=DIRECTION('ref_axis',(-1.,0.,0.));
#2318=DIRECTION('center_axis',(0.,0.,-1.));
#2319=DIRECTION('ref_axis',(-1.,0.,0.));
#2320=DIRECTION('center_axis',(0.,0.,1.));
#2321=DIRECTION('ref_axis',(-1.,0.,0.));
#2322=DIRECTION('center_axis',(0.,0.,-1.));
#2323=DIRECTION('ref_axis',(-1.,0.,0.));
#2324=DIRECTION('center_axis',(-4.03717463500057E-17,1.,0.));
#2325=DIRECTION('ref_axis',(-1.,-4.03717463500057E-17,0.));
#2326=DIRECTION('',(0.,0.,1.));
#2327=DIRECTION('center_axis',(0.,0.,1.));
#2328=DIRECTION('ref_axis',(-1.,0.,0.));
#2329=DIRECTION('center_axis',(0.,0.,1.));
#2330=DIRECTION('ref_axis',(1.,-1.22464679914735E-16,0.));
#2331=DIRECTION('',(0.,0.,1.));
#2332=DIRECTION('center_axis',(4.03717463500057E-17,-1.,0.));
#2333=DIRECTION('ref_axis',(1.,4.03717463500057E-17,0.));
#2334=DIRECTION('center_axis',(0.,0.,1.));
#2335=DIRECTION('ref_axis',(-1.,0.,0.));
#2336=DIRECTION('',(0.,0.,-1.));
#2337=DIRECTION('center_axis',(0.,0.,1.));
#2338=DIRECTION('ref_axis',(1.,0.,0.));
#2339=DIRECTION('',(0.,0.,1.));
#2340=DIRECTION('center_axis',(0.,0.,-1.));
#2341=DIRECTION('ref_axis',(1.,0.,0.));
#2342=DIRECTION('center_axis',(0.,0.,1.));
#2343=DIRECTION('ref_axis',(-1.,0.,0.));
#2344=DIRECTION('',(0.,0.,-1.));
#2345=DIRECTION('center_axis',(0.,0.,1.));
#2346=DIRECTION('ref_axis',(0.707106751683756,-0.707106810689338,0.));
#2347=DIRECTION('',(0.,0.,1.));
#2348=DIRECTION('center_axis',(0.,0.,1.));
#2349=DIRECTION('ref_axis',(-1.,0.,0.));
#2350=DIRECTION('',(0.,0.,1.));
#2351=DIRECTION('center_axis',(-0.707106810689467,-0.707106751683627,0.));
#2352=DIRECTION('ref_axis',(0.707106751683627,-0.707106810689467,0.));
#2353=DIRECTION('',(0.,0.,1.));
#2354=DIRECTION('',(-0.707106751683627,0.707106810689467,0.));
#2355=DIRECTION('center_axis',(0.707106810689333,0.707106751683761,0.));
#2356=DIRECTION('ref_axis',(-0.707106751683761,0.707106810689333,0.));
#2357=DIRECTION('',(-0.707106751683761,0.707106810689333,0.));
#2358=DIRECTION('',(0.,0.,-1.));
#2359=DIRECTION('center_axis',(0.,0.,1.));
#2360=DIRECTION('ref_axis',(-1.1842378929335E-15,1.,0.));
#2361=DIRECTION('',(0.,0.,1.));
#2362=DIRECTION('center_axis',(0.,0.,-1.));
#2363=DIRECTION('ref_axis',(-1.1842378929335E-15,1.,0.));
#2364=DIRECTION('center_axis',(0.,0.,1.));
#2365=DIRECTION('ref_axis',(-1.1842378929335E-15,1.,0.));
#2366=DIRECTION('center_axis',(0.,0.,-1.));
#2367=DIRECTION('ref_axis',(-1.1842378929335E-15,1.,0.));
#2368=DIRECTION('',(0.,0.,1.));
#2369=DIRECTION('center_axis',(0.,0.,1.));
#2370=DIRECTION('ref_axis',(-1.,0.,0.));
#2371=DIRECTION('',(0.,0.,-1.));
#2372=DIRECTION('center_axis',(0.,0.,1.));
#2373=DIRECTION('ref_axis',(-1.,0.,0.));
#2374=DIRECTION('',(0.,0.,-1.));
#2375=DIRECTION('center_axis',(0.707106810689333,-0.707106751683761,0.));
#2376=DIRECTION('ref_axis',(0.707106751683761,0.707106810689333,0.));
#2377=DIRECTION('',(-0.707106751683761,-0.707106810689333,0.));
#2378=DIRECTION('',(0.,0.,1.));
#2379=DIRECTION('center_axis',(-0.707106810689467,0.707106751683627,0.));
#2380=DIRECTION('ref_axis',(-0.707106751683627,-0.707106810689467,0.));
#2381=DIRECTION('',(0.,0.,1.));
#2382=DIRECTION('',(-0.707106751683627,-0.707106810689467,0.));
#2383=DIRECTION('',(0.,0.,-1.));
#2384=DIRECTION('center_axis',(0.,0.,1.));
#2385=DIRECTION('ref_axis',(0.707106751683742,0.707106810689352,0.));
#2386=DIRECTION('center_axis',(0.,0.,1.));
#2387=DIRECTION('ref_axis',(-1.,0.,0.));
#2388=DIRECTION('center_axis',(0.,0.,1.));
#2389=DIRECTION('ref_axis',(-1.,0.,0.));
#2390=DIRECTION('center_axis',(0.,0.,-1.));
#2391=DIRECTION('ref_axis',(-1.,0.,0.));
#2392=DIRECTION('',(0.,0.,1.));
#2393=DIRECTION('center_axis',(1.66533453693773E-16,-1.,0.));
#2394=DIRECTION('ref_axis',(1.,1.66533453693773E-16,0.));
#2395=DIRECTION('',(1.,1.66533453693773E-16,0.));
#2396=DIRECTION('center_axis',(1.,0.,0.));
#2397=DIRECTION('ref_axis',(0.,1.,0.));
#2398=DIRECTION('',(0.,1.,0.));
#2399=DIRECTION('center_axis',(-1.,0.,0.));
#2400=DIRECTION('ref_axis',(0.,-1.,0.));
#2401=DIRECTION('',(0.,-1.,0.));
#2402=DIRECTION('',(0.,0.,1.));
#2403=DIRECTION('center_axis',(0.,0.,1.));
#2404=DIRECTION('ref_axis',(8.32667268468867E-16,-1.,0.));
#2405=DIRECTION('',(0.,0.,1.));
#2406=DIRECTION('center_axis',(0.,0.,1.));
#2407=DIRECTION('ref_axis',(8.32667268468867E-16,-1.,0.));
#2408=DIRECTION('center_axis',(1.66533453693774E-16,-1.,0.));
#2409=DIRECTION('ref_axis',(1.,1.66533453693774E-16,0.));
#2410=DIRECTION('',(0.,0.,1.));
#2411=DIRECTION('',(1.,1.66533453693774E-16,0.));
#2412=DIRECTION('center_axis',(0.,0.,1.));
#2413=DIRECTION('ref_axis',(-1.,0.,0.));
#2414=DIRECTION('center_axis',(0.,0.,1.));
#2415=DIRECTION('ref_axis',(-1.,0.,0.));
#2416=DIRECTION('center_axis',(0.,0.,1.));
#2417=DIRECTION('ref_axis',(-1.,0.,0.));
#2418=CARTESIAN_POINT('',(0.,0.,0.));
#2419=CARTESIAN_POINT('Origin',(45.0000006705523,27.9999995827675,3.5));
#2420=CARTESIAN_POINT('',(43.6000006705522,27.9999995827675,23.5));
#2421=CARTESIAN_POINT('Origin',(45.0000006705523,27.9999995827675,23.5));
#2422=CARTESIAN_POINT('',(43.6000006705522,27.9999995827675,3.5));
#2423=CARTESIAN_POINT('',(43.6000006705522,27.9999995827675,3.5));
#2424=CARTESIAN_POINT('Origin',(45.0000006705523,27.9999995827675,3.5));
#2425=CARTESIAN_POINT('Origin',(45.0000006705523,27.9999995827675,23.5));
#2426=CARTESIAN_POINT('',(46.6000006705523,27.9999995827675,23.5));
#2427=CARTESIAN_POINT('Origin',(45.0000006705523,27.9999995827675,23.5));
#2428=CARTESIAN_POINT('Origin',(45.0000006705523,-28.0000004172325,3.5));
#2429=CARTESIAN_POINT('',(43.6000006705522,-28.0000004172325,23.5));
#2430=CARTESIAN_POINT('Origin',(45.0000006705523,-28.0000004172325,23.5));
#2431=CARTESIAN_POINT('',(43.6000006705522,-28.0000004172325,3.5));
#2432=CARTESIAN_POINT('',(43.6000006705522,-28.0000004172325,3.5));
#2433=CARTESIAN_POINT('Origin',(45.0000006705523,-28.0000004172325,3.5));
#2434=CARTESIAN_POINT('Origin',(45.0000006705523,-28.0000004172325,23.5));
#2435=CARTESIAN_POINT('',(46.6000006705523,-28.0000004172325,23.5));
#2436=CARTESIAN_POINT('Origin',(45.0000006705523,-28.0000004172325,23.5));
#2437=CARTESIAN_POINT('Origin',(-45.0000006705523,27.9999995827675,3.5));
#2438=CARTESIAN_POINT('',(-46.4000006705523,27.9999995827675,23.5));
#2439=CARTESIAN_POINT('Origin',(-45.0000006705523,27.9999995827675,23.5));
#2440=CARTESIAN_POINT('',(-46.4000006705523,27.9999995827675,3.5));
#2441=CARTESIAN_POINT('',(-46.4000006705523,27.9999995827675,3.5));
#2442=CARTESIAN_POINT('Origin',(-45.0000006705523,27.9999995827675,3.5));
#2443=CARTESIAN_POINT('Origin',(-45.0000006705523,27.9999995827675,23.5));
#2444=CARTESIAN_POINT('',(-43.4000006705523,27.9999995827675,23.5));
#2445=CARTESIAN_POINT('Origin',(-45.0000006705523,27.9999995827675,23.5));
#2446=CARTESIAN_POINT('Origin',(-45.0000006705523,-28.0000004172325,3.5));
#2447=CARTESIAN_POINT('',(-46.4000006705523,-28.0000004172325,23.5));
#2448=CARTESIAN_POINT('Origin',(-45.0000006705523,-28.0000004172325,23.5));
#2449=CARTESIAN_POINT('',(-46.4000006705523,-28.0000004172325,3.5));
#2450=CARTESIAN_POINT('',(-46.4000006705523,-28.0000004172325,3.5));
#2451=CARTESIAN_POINT('Origin',(-45.0000006705523,-28.0000004172325,3.5));
#2452=CARTESIAN_POINT('Origin',(-45.0000006705523,-28.0000004172325,23.5));
#2453=CARTESIAN_POINT('',(-43.4000006705523,-28.0000004172325,23.5));
#2454=CARTESIAN_POINT('Origin',(-45.0000006705523,-28.0000004172325,23.5));
#2455=CARTESIAN_POINT('Origin',(-40.,21.,31.5));
#2456=CARTESIAN_POINT('',(-47.0156106100423,34.2582505545891,31.5));
#2457=CARTESIAN_POINT('',(-40.,36.,31.5));
#2458=CARTESIAN_POINT('Origin',(-40.,21.,31.5));
#2459=CARTESIAN_POINT('',(-40.,34.,33.5));
#2460=CARTESIAN_POINT('Origin',(-40.,34.,31.5));
#2461=CARTESIAN_POINT('',(-43.4600238440031,33.5310907346061,33.5));
#2462=CARTESIAN_POINT('Origin',(-40.,21.,33.5));
#2463=CARTESIAN_POINT('Ctrl Pts',(-43.4600238440031,33.5310907346061,33.5));
#2464=CARTESIAN_POINT('Ctrl Pts',(-43.4639529609468,33.5321275451354,33.5));
#2465=CARTESIAN_POINT('Ctrl Pts',(-43.4678822918345,33.5331635607203,33.4999968629613));
#2466=CARTESIAN_POINT('Ctrl Pts',(-43.9343820516054,33.6560608635752,33.4992512475311));
#2467=CARTESIAN_POINT('Ctrl Pts',(-44.4075006220003,33.7684726590536,33.4550498295612));
#2468=CARTESIAN_POINT('Ctrl Pts',(-45.2984832329328,33.9602733030883,33.2536241238731));
#2469=CARTESIAN_POINT('Ctrl Pts',(-45.6804192577571,34.0333214389125,33.1095793055539));
#2470=CARTESIAN_POINT('Ctrl Pts',(-46.2328531664266,34.1326225632532,32.79571113386));
#2471=CARTESIAN_POINT('Ctrl Pts',(-46.4547134724816,34.1698858023086,32.6300485313423));
#2472=CARTESIAN_POINT('Ctrl Pts',(-46.7562133408826,34.2184944774758,32.2885542192402));
#2473=CARTESIAN_POINT('Ctrl Pts',(-46.8587524776052,34.2343701503745,32.1316088981127));
#2474=CARTESIAN_POINT('Ctrl Pts',(-46.9845391084405,34.2536081643274,31.8116686126105));
#2475=CARTESIAN_POINT('Ctrl Pts',(-47.0156106100423,34.2582505545891,31.6578221026049));
#2476=CARTESIAN_POINT('Ctrl Pts',(-47.0156106100423,34.2582505545891,31.5));
#2477=CARTESIAN_POINT('Origin',(-32.5591167202775,8.48804648744528,31.5));
#2478=CARTESIAN_POINT('',(-51.6684833442819,30.4258419488243,31.5));
#2479=CARTESIAN_POINT('',(-47.1213211026203,25.8786793277162,31.5));
#2480=CARTESIAN_POINT('',(-31.1449030988985,9.90225999081254,31.5));
#2481=CARTESIAN_POINT('',(-48.5355347239992,24.464465824349,33.5));
#2482=CARTESIAN_POINT('Origin',(-48.5355347239992,24.464465824349,31.5));
#2483=CARTESIAN_POINT('',(-51.3713175822292,27.3002489192162,33.5));
#2484=CARTESIAN_POINT('',(-32.5591167202775,8.48804648744528,33.5));
#2485=CARTESIAN_POINT('Ctrl Pts',(-51.3713175822292,27.3002489192162,33.5));
#2486=CARTESIAN_POINT('Ctrl Pts',(-51.3717960218269,27.3036507238268,33.5));
#2487=CARTESIAN_POINT('Ctrl Pts',(-51.3722739233125,27.3070526068057,33.4999967952271));
#2488=CARTESIAN_POINT('Ctrl Pts',(-51.4238401219953,27.6745421973069,33.4993039771652));
#2489=CARTESIAN_POINT('Ctrl Pts',(-51.4690890105131,28.0430818427636,33.4618869579455));
#2490=CARTESIAN_POINT('Ctrl Pts',(-51.5419971378181,28.7219395271857,33.3067918868353));
#2491=CARTESIAN_POINT('Ctrl Pts',(-51.5715539087814,29.041077824822,33.1952505393587));
#2492=CARTESIAN_POINT('Ctrl Pts',(-51.6153479376685,29.5795862708553,32.9044054714752));
#2493=CARTESIAN_POINT('Ctrl Pts',(-51.6315637911665,29.8108641001323,32.7355383677501));
#2494=CARTESIAN_POINT('Ctrl Pts',(-51.6523109804746,30.1360579149862,32.3761855600887));
#2495=CARTESIAN_POINT('Ctrl Pts',(-51.6588138079507,30.2494088398389,32.2044779142525));
#2496=CARTESIAN_POINT('Ctrl Pts',(-51.6666606776066,30.3907286667269,31.8501953636132));
#2497=CARTESIAN_POINT('Ctrl Pts',(-51.6684833442819,30.4258419488243,31.6771495527348));
#2498=CARTESIAN_POINT('Ctrl Pts',(-51.6684833442819,30.4258419488243,31.5));
#2499=CARTESIAN_POINT('Origin',(-40.,-21.,31.5));
#2500=CARTESIAN_POINT('',(-51.6684833442819,-30.4258419488243,31.5));
#2501=CARTESIAN_POINT('',(-55.,-21.,31.5));
#2502=CARTESIAN_POINT('Origin',(-40.,-21.,31.5));
#2503=CARTESIAN_POINT('',(-53.,-21.,33.5));
#2504=CARTESIAN_POINT('Origin',(-53.,-21.,31.5));
#2505=CARTESIAN_POINT('',(-51.3713175822292,-27.3002489192162,33.5));
#2506=CARTESIAN_POINT('Origin',(-40.,-21.,33.5));
#2507=CARTESIAN_POINT('Ctrl Pts',(-51.3713175822292,-27.3002489192162,33.5));
#2508=CARTESIAN_POINT('Ctrl Pts',(-51.371796021827,-27.3036507238273,33.5));
#2509=CARTESIAN_POINT('Ctrl Pts',(-51.3722739233125,-27.3070526068052,33.4999967952271));
#2510=CARTESIAN_POINT('Ctrl Pts',(-51.4238401220081,-27.6745421974064,33.4993039771651));
#2511=CARTESIAN_POINT('Ctrl Pts',(-51.4690890105146,-28.0430818427777,33.4618869579422));
#2512=CARTESIAN_POINT('Ctrl Pts',(-51.5419971378181,-28.7219395271858,33.3067918868353));
#2513=CARTESIAN_POINT('Ctrl Pts',(-51.5715539087814,-29.0410778248221,33.1952505393587));
#2514=CARTESIAN_POINT('Ctrl Pts',(-51.6153479376685,-29.5795862708553,32.9044054714752));
#2515=CARTESIAN_POINT('Ctrl Pts',(-51.6315637911665,-29.8108641001323,32.73553836775));
#2516=CARTESIAN_POINT('Ctrl Pts',(-51.6523109804746,-30.1360579149862,32.3761855600887));
#2517=CARTESIAN_POINT('Ctrl Pts',(-51.6588138079507,-30.2494088398389,32.2044779142525));
#2518=CARTESIAN_POINT('Ctrl Pts',(-51.6666606776066,-30.3907286667268,31.8501953636132));
#2519=CARTESIAN_POINT('Ctrl Pts',(-51.6684833442819,-30.4258419488243,31.6771495527348));
#2520=CARTESIAN_POINT('Ctrl Pts',(-51.6684833442819,-30.4258419488243,31.5));
#2521=CARTESIAN_POINT('Origin',(-25.2829326783276,-15.3539980521162,31.5));
#2522=CARTESIAN_POINT('',(-47.0156106100423,-34.2582505545891,31.5));
#2523=CARTESIAN_POINT('',(-42.8786802384843,-30.1213198378187,31.5));
#2524=CARTESIAN_POINT('',(-26.6971462997063,-13.9397845487487,31.5));
#2525=CARTESIAN_POINT('',(-41.4644666171056,-31.5355333411863,33.5));
#2526=CARTESIAN_POINT('Origin',(-41.4644666171056,-31.5355333411863,31.5));
#2527=CARTESIAN_POINT('',(-43.4600238440031,-33.5310907346061,33.5));
#2528=CARTESIAN_POINT('',(-25.2829326783276,-15.3539980521162,33.5));
#2529=CARTESIAN_POINT('Ctrl Pts',(-43.4600238440031,-33.5310907346061,33.5));
#2530=CARTESIAN_POINT('Ctrl Pts',(-43.4639529609462,-33.5321275451353,33.5));
#2531=CARTESIAN_POINT('Ctrl Pts',(-43.4678822918352,-33.5331635607205,33.4999968629613));
#2532=CARTESIAN_POINT('Ctrl Pts',(-43.9343820515665,-33.6560608635651,33.4992512475312));
#2533=CARTESIAN_POINT('Ctrl Pts',(-44.4075006219957,-33.7684726590526,33.4550498295622));
#2534=CARTESIAN_POINT('Ctrl Pts',(-45.2984832329337,-33.9602733030886,33.2536241238728));
#2535=CARTESIAN_POINT('Ctrl Pts',(-45.6804192577578,-34.0333214389126,33.1095793055535));
#2536=CARTESIAN_POINT('Ctrl Pts',(-46.2328531664265,-34.1326225632532,32.79571113386));
#2537=CARTESIAN_POINT('Ctrl Pts',(-46.4547134724816,-34.1698858023086,32.6300485313423));
#2538=CARTESIAN_POINT('Ctrl Pts',(-46.7562133408826,-34.2184944774758,32.2885542192402));
#2539=CARTESIAN_POINT('Ctrl Pts',(-46.8587524776053,-34.2343701503745,32.1316088981127));
#2540=CARTESIAN_POINT('Ctrl Pts',(-46.9845391084406,-34.2536081643274,31.8116686126105));
#2541=CARTESIAN_POINT('Ctrl Pts',(-47.0156106100423,-34.2582505545891,31.6578221026049));
#2542=CARTESIAN_POINT('Ctrl Pts',(-47.0156106100423,-34.2582505545891,31.5));
#2543=CARTESIAN_POINT('Origin',(40.,-21.,31.5));
#2544=CARTESIAN_POINT('',(47.0156106100423,-34.2582505545891,31.5));
#2545=CARTESIAN_POINT('',(40.,-36.,31.5));
#2546=CARTESIAN_POINT('Origin',(40.,-21.,31.5));
#2547=CARTESIAN_POINT('',(40.,-34.,33.5));
#2548=CARTESIAN_POINT('Origin',(40.,-34.,31.5));
#2549=CARTESIAN_POINT('',(43.4600238440032,-33.5310907346061,33.5));
#2550=CARTESIAN_POINT('Origin',(40.,-21.,33.5));
#2551=CARTESIAN_POINT('Ctrl Pts',(43.4600238440032,-33.5310907346061,33.5));
#2552=CARTESIAN_POINT('Ctrl Pts',(43.4639529609471,-33.5321275451355,33.5));
#2553=CARTESIAN_POINT('Ctrl Pts',(43.4678822918344,-33.5331635607202,33.4999968629613));
#2554=CARTESIAN_POINT('Ctrl Pts',(43.9343820517093,-33.6560608636019,33.4992512475309));
#2555=CARTESIAN_POINT('Ctrl Pts',(44.4075006220127,-33.7684726590562,33.4550498295584));
#2556=CARTESIAN_POINT('Ctrl Pts',(45.2984832329331,-33.9602733030884,33.253624123873));
#2557=CARTESIAN_POINT('Ctrl Pts',(45.6804192577573,-34.0333214389125,33.1095793055537));
#2558=CARTESIAN_POINT('Ctrl Pts',(46.2328531664266,-34.1326225632532,32.79571113386));
#2559=CARTESIAN_POINT('Ctrl Pts',(46.4547134724817,-34.1698858023086,32.6300485313423));
#2560=CARTESIAN_POINT('Ctrl Pts',(46.7562133408826,-34.2184944774758,32.2885542192402));
#2561=CARTESIAN_POINT('Ctrl Pts',(46.8587524776053,-34.2343701503745,32.1316088981127));
#2562=CARTESIAN_POINT('Ctrl Pts',(46.9845391084405,-34.2536081643273,31.8116686126105));
#2563=CARTESIAN_POINT('Ctrl Pts',(47.0156106100423,-34.2582505545891,31.657822102605));
#2564=CARTESIAN_POINT('Ctrl Pts',(47.0156106100423,-34.2582505545891,31.5));
#2565=CARTESIAN_POINT('Origin',(20.,-34.,31.5));
#2566=CARTESIAN_POINT('',(-40.,-36.,31.5));
#2567=CARTESIAN_POINT('',(-40.,-34.,33.5));
#2568=CARTESIAN_POINT('Origin',(-40.,-34.,31.5));
#2569=CARTESIAN_POINT('',(20.,-34.,33.5));
#2570=CARTESIAN_POINT('',(20.,-36.,31.5));
#2571=CARTESIAN_POINT('Origin',(-40.,-21.,31.5));
#2572=CARTESIAN_POINT('Origin',(-40.,-21.,33.5));
#2573=CARTESIAN_POINT('Origin',(-40.,-21.,31.5));
#2574=CARTESIAN_POINT('Origin',(32.5591167202775,-8.48804648744528,31.5));
#2575=CARTESIAN_POINT('',(51.6684833442819,-30.4258419488243,31.5));
#2576=CARTESIAN_POINT('',(47.1213211026203,-25.8786793277162,31.5));
#2577=CARTESIAN_POINT('',(31.1449030988986,-9.90225999081253,31.5));
#2578=CARTESIAN_POINT('',(48.5355347239992,-24.4644658243489,33.5));
#2579=CARTESIAN_POINT('Origin',(48.5355347239992,-24.4644658243489,31.5));
#2580=CARTESIAN_POINT('',(51.3713175822287,-27.300248919217,33.5));
#2581=CARTESIAN_POINT('',(32.5591167202775,-8.48804648744528,33.5));
#2582=CARTESIAN_POINT('Ctrl Pts',(51.3713175822285,-27.3002489192169,33.5));
#2583=CARTESIAN_POINT('Ctrl Pts',(51.3717960218313,-27.3036507238638,33.5));
#2584=CARTESIAN_POINT('Ctrl Pts',(51.3722739233075,-27.3070526067693,33.4999967952272));
#2585=CARTESIAN_POINT('Ctrl Pts',(51.4238401220035,-27.6745421973697,33.4993039771651));
#2586=CARTESIAN_POINT('Ctrl Pts',(51.469089010514,-28.0430818427725,33.4618869579434));
#2587=CARTESIAN_POINT('Ctrl Pts',(51.5419971378181,-28.7219395271857,33.3067918868353));
#2588=CARTESIAN_POINT('Ctrl Pts',(51.5715539087814,-29.041077824822,33.1952505393587));
#2589=CARTESIAN_POINT('Ctrl Pts',(51.6153479376685,-29.5795862708553,32.9044054714752));
#2590=CARTESIAN_POINT('Ctrl Pts',(51.6315637911665,-29.8108641001323,32.73553836775));
#2591=CARTESIAN_POINT('Ctrl Pts',(51.6523109804746,-30.1360579149861,32.3761855600887));
#2592=CARTESIAN_POINT('Ctrl Pts',(51.6588138079507,-30.2494088398389,32.2044779142525));
#2593=CARTESIAN_POINT('Ctrl Pts',(51.6666606776066,-30.3907286667268,31.8501953636133));
#2594=CARTESIAN_POINT('Ctrl Pts',(51.6684833442819,-30.4258419488243,31.6771495527348));
#2595=CARTESIAN_POINT('Ctrl Pts',(51.6684833442819,-30.4258419488243,31.5));
#2596=CARTESIAN_POINT('Origin',(45.0000006705523,-28.0000004172325,31.5));
#2597=CARTESIAN_POINT('',(42.8786802384843,-30.1213198378187,31.5));
#2598=CARTESIAN_POINT('',(41.464465921718,-31.5355334802635,33.5));
#2599=CARTESIAN_POINT('Origin',(41.464465921718,-31.5355334802635,31.5));
#2600=CARTESIAN_POINT('Origin',(45.0000006705523,-28.0000004172325,33.5));
#2601=CARTESIAN_POINT('Origin',(45.0000006705523,-28.0000004172325,31.5));
#2602=CARTESIAN_POINT('Origin',(23.2144674925486,-13.285532693731,31.5));
#2603=CARTESIAN_POINT('',(23.2144674925486,-13.285532693731,33.5));
#2604=CARTESIAN_POINT('',(24.6286811139273,-11.8713191903635,31.5));
#2605=CARTESIAN_POINT('Origin',(-45.0000006705523,-28.0000004172325,31.5));
#2606=CARTESIAN_POINT('',(-47.1213211026203,-25.8786793277162,31.5));
#2607=CARTESIAN_POINT('',(-48.5355340286115,-24.4644659634264,33.5));
#2608=CARTESIAN_POINT('Origin',(-48.5355340286115,-24.4644659634264,31.5));
#2609=CARTESIAN_POINT('Origin',(-45.0000006705523,-28.0000004172325,33.5));
#2610=CARTESIAN_POINT('Origin',(-45.0000006705523,-28.0000004172325,31.5));
#2611=CARTESIAN_POINT('Origin',(-30.2855355994467,-6.21446517689127,31.5));
#2612=CARTESIAN_POINT('',(-30.2855355994467,-6.21446517689127,33.5));
#2613=CARTESIAN_POINT('',(-28.8713219780677,-7.62867868025853,31.5));
#2614=CARTESIAN_POINT('Origin',(40.,21.,31.5));
#2615=CARTESIAN_POINT('',(51.6684833442819,30.4258419488243,31.5));
#2616=CARTESIAN_POINT('',(55.,21.,31.5));
#2617=CARTESIAN_POINT('Origin',(40.,21.,31.5));
#2618=CARTESIAN_POINT('',(53.,21.,33.5));
#2619=CARTESIAN_POINT('Origin',(53.,21.,31.5));
#2620=CARTESIAN_POINT('',(51.3713175822292,27.3002489192162,33.5));
#2621=CARTESIAN_POINT('Origin',(40.,21.,33.5));
#2622=CARTESIAN_POINT('Ctrl Pts',(51.3713175822292,27.3002489192162,33.5));
#2623=CARTESIAN_POINT('Ctrl Pts',(51.3717960218268,27.3036507238263,33.5));
#2624=CARTESIAN_POINT('Ctrl Pts',(51.3722739233126,27.3070526068063,33.4999967952271));
#2625=CARTESIAN_POINT('Ctrl Pts',(51.4238401219968,27.6745421973191,33.4993039771652));
#2626=CARTESIAN_POINT('Ctrl Pts',(51.4690890105132,28.0430818427653,33.4618869579451));
#2627=CARTESIAN_POINT('Ctrl Pts',(51.5419971378181,28.7219395271858,33.3067918868353));
#2628=CARTESIAN_POINT('Ctrl Pts',(51.5715539087814,29.041077824822,33.1952505393587));
#2629=CARTESIAN_POINT('Ctrl Pts',(51.6153479376684,29.5795862708553,32.9044054714752));
#2630=CARTESIAN_POINT('Ctrl Pts',(51.6315637911665,29.8108641001323,32.7355383677501));
#2631=CARTESIAN_POINT('Ctrl Pts',(51.6523109804745,30.1360579149862,32.3761855600887));
#2632=CARTESIAN_POINT('Ctrl Pts',(51.6588138079507,30.2494088398389,32.2044779142525));
#2633=CARTESIAN_POINT('Ctrl Pts',(51.6666606776066,30.3907286667269,31.8501953636132));
#2634=CARTESIAN_POINT('Ctrl Pts',(51.6684833442819,30.4258419488243,31.6771495527348));
#2635=CARTESIAN_POINT('Ctrl Pts',(51.6684833442819,30.4258419488243,31.5));
#2636=CARTESIAN_POINT('Origin',(53.,10.5,31.5));
#2637=CARTESIAN_POINT('',(55.,1.50000000000002,31.5));
#2638=CARTESIAN_POINT('',(53.,1.50000000000002,33.5));
#2639=CARTESIAN_POINT('Origin',(53.,1.50000000000002,31.5));
#2640=CARTESIAN_POINT('',(53.,10.5,33.5));
#2641=CARTESIAN_POINT('',(55.,10.5,31.5));
#2642=CARTESIAN_POINT('Ctrl Pts',(53.,1.50000000000002,33.5));
#2643=CARTESIAN_POINT('Ctrl Pts',(53.1097906494598,1.29642983745991,33.5));
#2644=CARTESIAN_POINT('Ctrl Pts',(53.2824545033263,0.917645166659208,33.5053196277931));
#2645=CARTESIAN_POINT('Ctrl Pts',(53.437581269755,0.0957570848326464,33.5116764882577));
#2646=CARTESIAN_POINT('Ctrl Pts',(53.3470931293279,-0.792652420198071,33.5075908355876));
#2647=CARTESIAN_POINT('Ctrl Pts',(53.1097906494598,-1.2964298374599,33.5));
#2648=CARTESIAN_POINT('Ctrl Pts',(53.,-1.50000000000001,33.5));
#2649=CARTESIAN_POINT('Ctrl Pts',(53.5983986006838,1.50000000000002,33.5));
#2650=CARTESIAN_POINT('Ctrl Pts',(53.6871678202845,1.29669761074238,33.4661290650243));
#2651=CARTESIAN_POINT('Ctrl Pts',(53.821759531664,0.912079043672701,33.4252650702656));
#2652=CARTESIAN_POINT('Ctrl Pts',(53.9386322872922,0.0941727097943041,33.3962289595366));
#2653=CARTESIAN_POINT('Ctrl Pts',(53.8714292243076,-0.784727372597288,33.4113152553282));
#2654=CARTESIAN_POINT('Ctrl Pts',(53.6871678202845,-1.29669761074237,33.4661290650243));
#2655=CARTESIAN_POINT('Ctrl Pts',(53.5983986006838,-1.50000000000001,33.5));
#2656=CARTESIAN_POINT('Ctrl Pts',(54.6344990017627,1.50000000000002,32.9980009803138));
#2657=CARTESIAN_POINT('Ctrl Pts',(54.6612333825375,1.27568660842666,32.9457535071404));
#2658=CARTESIAN_POINT('Ctrl Pts',(54.7002841196598,0.875397366421746,32.8870687945103));
#2659=CARTESIAN_POINT('Ctrl Pts',(54.7330820173147,0.0871779493383951,32.8481119989371));
#2660=CARTESIAN_POINT('Ctrl Pts',(54.7145003450473,-0.742358759157803,32.8675354402333));
#2661=CARTESIAN_POINT('Ctrl Pts',(54.6612333825375,-1.27568660842665,32.9457535071404));
#2662=CARTESIAN_POINT('Ctrl Pts',(54.6344990017627,-1.50000000000001,32.9980009803138));
#2663=CARTESIAN_POINT('Ctrl Pts',(55.,1.50000000000001,31.9487989505128));
#2664=CARTESIAN_POINT('Ctrl Pts',(54.9997218761769,1.23251860153489,31.9332822788155));
#2665=CARTESIAN_POINT('Ctrl Pts',(54.9994111539756,0.812739677159461,31.9345074276789));
#2666=CARTESIAN_POINT('Ctrl Pts',(54.9991874788201,0.0762583076210457,31.9452297461068));
#2667=CARTESIAN_POINT('Ctrl Pts',(54.9993024097069,-0.673012888351252,31.9366713791356));
#2668=CARTESIAN_POINT('Ctrl Pts',(54.9997218761769,-1.23251860153488,31.9332822788155));
#2669=CARTESIAN_POINT('Ctrl Pts',(55.,-1.50000000000001,31.9487989505128));
#2670=CARTESIAN_POINT('Ctrl Pts',(55.,1.50000000000001,31.5));
#2671=CARTESIAN_POINT('Ctrl Pts',(55.,1.21408685036503,31.5));
#2672=CARTESIAN_POINT('Ctrl Pts',(55.,0.785957698937468,31.5265981389657));
#2673=CARTESIAN_POINT('Ctrl Pts',(55.,0.071588168324131,31.5583824412887));
#2674=CARTESIAN_POINT('Ctrl Pts',(55.,-0.643364337402269,31.5379541779382));
#2675=CARTESIAN_POINT('Ctrl Pts',(55.,-1.21408685036502,31.5));
#2676=CARTESIAN_POINT('Ctrl Pts',(55.,-1.50000000000001,31.5));
#2677=CARTESIAN_POINT('',(55.,-1.50000000000001,31.5));
#2678=CARTESIAN_POINT('',(53.,-1.50000000000001,33.5));
#2679=CARTESIAN_POINT('Origin',(53.,-1.50000000000001,31.5));
#2680=CARTESIAN_POINT('Ctrl Pts',(53.,-1.50000000000001,33.5));
#2681=CARTESIAN_POINT('Ctrl Pts',(53.1097906494598,-1.2964298374599,33.5));
#2682=CARTESIAN_POINT('Ctrl Pts',(53.3470931293279,-0.792652420198071,33.5075908355876));
#2683=CARTESIAN_POINT('Ctrl Pts',(53.437581269755,0.0957570848326464,33.5116764882577));
#2684=CARTESIAN_POINT('Ctrl Pts',(53.2824545033263,0.917645166659208,33.5053196277931));
#2685=CARTESIAN_POINT('Ctrl Pts',(53.1097906494598,1.29642983745991,33.5));
#2686=CARTESIAN_POINT('Ctrl Pts',(53.,1.50000000000002,33.5));
#2687=CARTESIAN_POINT('Ctrl Pts',(55.,1.50000000000001,31.5));
#2688=CARTESIAN_POINT('Ctrl Pts',(55.,1.21408685036503,31.5));
#2689=CARTESIAN_POINT('Ctrl Pts',(55.,0.785957698937468,31.5265981389657));
#2690=CARTESIAN_POINT('Ctrl Pts',(55.,0.071588168324131,31.5583824412887));
#2691=CARTESIAN_POINT('Ctrl Pts',(55.,-0.643364337402269,31.5379541779382));
#2692=CARTESIAN_POINT('Ctrl Pts',(55.,-1.21408685036502,31.5));
#2693=CARTESIAN_POINT('Ctrl Pts',(55.,-1.50000000000001,31.5));
#2694=CARTESIAN_POINT('Origin',(53.,10.5,31.5));
#2695=CARTESIAN_POINT('',(55.,-21.,31.5));
#2696=CARTESIAN_POINT('',(55.,10.5,31.5));
#2697=CARTESIAN_POINT('',(53.,-21.,33.5));
#2698=CARTESIAN_POINT('Origin',(53.,-21.,31.5));
#2699=CARTESIAN_POINT('',(53.,10.5,33.5));
#2700=CARTESIAN_POINT('Origin',(40.,-21.,31.5));
#2701=CARTESIAN_POINT('Origin',(40.,-21.,33.5));
#2702=CARTESIAN_POINT('Origin',(40.,-21.,31.5));
#2703=CARTESIAN_POINT('Origin',(-53.,-10.5,31.5));
#2704=CARTESIAN_POINT('',(-55.,-1.50000000000001,31.5));
#2705=CARTESIAN_POINT('',(-53.,-1.50000000000001,33.5));
#2706=CARTESIAN_POINT('Origin',(-53.,-1.50000000000001,31.5));
#2707=CARTESIAN_POINT('',(-53.,-10.5,33.5));
#2708=CARTESIAN_POINT('',(-55.,-10.5,31.5));
#2709=CARTESIAN_POINT('Ctrl Pts',(-53.,-1.50000000000001,33.5));
#2710=CARTESIAN_POINT('Ctrl Pts',(-53.1097898823423,-1.29643125982363,33.5));
#2711=CARTESIAN_POINT('Ctrl Pts',(-53.2824524492767,-0.91765010689462,33.5053195543863));
#2712=CARTESIAN_POINT('Ctrl Pts',(-53.4375808945759,-0.0957701036280204,
33.511676479435));
#2713=CARTESIAN_POINT('Ctrl Pts',(-53.3470972700149,0.792638498227316,33.5075910071336));
#2714=CARTESIAN_POINT('Ctrl Pts',(-53.1097898823423,1.29643125982363,33.5));
#2715=CARTESIAN_POINT('Ctrl Pts',(-53.,1.50000000000001,33.5));
#2716=CARTESIAN_POINT('Ctrl Pts',(-53.5983986006838,-1.50000000000001,33.5));
#2717=CARTESIAN_POINT('Ctrl Pts',(-53.6871672000456,-1.29669903123514,33.4661293016837));
#2718=CARTESIAN_POINT('Ctrl Pts',(-53.8217579578916,-0.912084051883131,
33.4252655035044));
#2719=CARTESIAN_POINT('Ctrl Pts',(-53.9386320030879,-0.0941855817932594,
33.3962290366118));
#2720=CARTESIAN_POINT('Ctrl Pts',(-53.8714323544313,0.784713441141111,33.4113144639068));
#2721=CARTESIAN_POINT('Ctrl Pts',(-53.6871672000456,1.29669903123514,33.4661293016837));
#2722=CARTESIAN_POINT('Ctrl Pts',(-53.5983986006838,1.50000000000001,33.5));
#2723=CARTESIAN_POINT('Ctrl Pts',(-54.6344990017627,-1.50000000000001,32.9980009803138));
#2724=CARTESIAN_POINT('Ctrl Pts',(-54.6612331957419,-1.27568817572526,32.9457538721984));
#2725=CARTESIAN_POINT('Ctrl Pts',(-54.7002836707042,-0.875402418147236,
32.8870693994037));
#2726=CARTESIAN_POINT('Ctrl Pts',(-54.7330819370253,-0.0871900270585744,
32.8481121097946));
#2727=CARTESIAN_POINT('Ctrl Pts',(-54.714501226363,0.742345170657573,32.8675343753189));
#2728=CARTESIAN_POINT('Ctrl Pts',(-54.6612331957419,1.27568817572526,32.9457538721984));
#2729=CARTESIAN_POINT('Ctrl Pts',(-54.6344990017627,1.50000000000001,32.9980009803138));
#2730=CARTESIAN_POINT('Ctrl Pts',(-55.,-1.50000000000001,31.9487989505128));
#2731=CARTESIAN_POINT('Ctrl Pts',(-54.9997218781201,-1.23252047045238,31.9332823872319));
#2732=CARTESIAN_POINT('Ctrl Pts',(-54.9994111571232,-0.812744680024374,
31.9345073499659));
#2733=CARTESIAN_POINT('Ctrl Pts',(-54.999187479219,-0.0762690817558148,
31.9452297481726));
#2734=CARTESIAN_POINT('Ctrl Pts',(-54.999302403429,0.673000009289117,31.9366716645178));
#2735=CARTESIAN_POINT('Ctrl Pts',(-54.9997218781201,1.23252047045238,31.9332823872319));
#2736=CARTESIAN_POINT('Ctrl Pts',(-55.,1.50000000000001,31.9487989505128));
#2737=CARTESIAN_POINT('Ctrl Pts',(-55.,-1.50000000000001,31.5));
#2738=CARTESIAN_POINT('Ctrl Pts',(-55.,-1.21408884806689,31.5));
#2739=CARTESIAN_POINT('Ctrl Pts',(-55.,-0.785962681237973,31.5265977719313));
#2740=CARTESIAN_POINT('Ctrl Pts',(-55.,-0.0715983851248529,31.5583823971749));
#2741=CARTESIAN_POINT('Ctrl Pts',(-55.,0.643351761262026,31.5379550356678));
#2742=CARTESIAN_POINT('Ctrl Pts',(-55.,1.21408884806689,31.5));
#2743=CARTESIAN_POINT('Ctrl Pts',(-55.,1.50000000000001,31.5));
#2744=CARTESIAN_POINT('',(-55.,1.50000000000001,31.5));
#2745=CARTESIAN_POINT('',(-53.,1.50000000000001,33.5));
#2746=CARTESIAN_POINT('Origin',(-53.,1.50000000000001,31.5));
#2747=CARTESIAN_POINT('Ctrl Pts',(-53.,1.50000000000001,33.5));
#2748=CARTESIAN_POINT('Ctrl Pts',(-53.1097898823423,1.29643125982363,33.5));
#2749=CARTESIAN_POINT('Ctrl Pts',(-53.3470972700149,0.792638498227316,33.5075910071336));
#2750=CARTESIAN_POINT('Ctrl Pts',(-53.4375808945759,-0.0957701036280204,
33.511676479435));
#2751=CARTESIAN_POINT('Ctrl Pts',(-53.2824524492767,-0.91765010689462,33.5053195543863));
#2752=CARTESIAN_POINT('Ctrl Pts',(-53.1097898823423,-1.29643125982363,33.5));
#2753=CARTESIAN_POINT('Ctrl Pts',(-53.,-1.50000000000001,33.5));
#2754=CARTESIAN_POINT('Ctrl Pts',(-55.,-1.50000000000001,31.5));
#2755=CARTESIAN_POINT('Ctrl Pts',(-55.,-1.21408884806689,31.5));
#2756=CARTESIAN_POINT('Ctrl Pts',(-55.,-0.785962681237973,31.5265977719313));
#2757=CARTESIAN_POINT('Ctrl Pts',(-55.,-0.0715983851248529,31.5583823971749));
#2758=CARTESIAN_POINT('Ctrl Pts',(-55.,0.643351761262026,31.5379550356678));
#2759=CARTESIAN_POINT('Ctrl Pts',(-55.,1.21408884806689,31.5));
#2760=CARTESIAN_POINT('Ctrl Pts',(-55.,1.50000000000001,31.5));
#2761=CARTESIAN_POINT('Origin',(-53.,-10.5,31.5));
#2762=CARTESIAN_POINT('',(-55.,21.,31.5));
#2763=CARTESIAN_POINT('',(-55.,-10.5,31.5));
#2764=CARTESIAN_POINT('',(-53.,21.,33.5));
#2765=CARTESIAN_POINT('Origin',(-53.,21.,31.5));
#2766=CARTESIAN_POINT('',(-53.,-10.5,33.5));
#2767=CARTESIAN_POINT('Origin',(-40.,21.,31.5));
#2768=CARTESIAN_POINT('Origin',(-40.,21.,33.5));
#2769=CARTESIAN_POINT('Origin',(-40.,21.,31.5));
#2770=CARTESIAN_POINT('Origin',(25.2829326783276,15.3539980521162,31.5));
#2771=CARTESIAN_POINT('',(47.0156106100423,34.2582505545891,31.5));
#2772=CARTESIAN_POINT('',(42.8786802384842,30.1213198378188,31.5));
#2773=CARTESIAN_POINT('',(26.6971462997063,13.9397845487487,31.5));
#2774=CARTESIAN_POINT('',(41.4644666171056,31.5355333411863,33.5));
#2775=CARTESIAN_POINT('Origin',(41.4644666171056,31.5355333411863,31.5));
#2776=CARTESIAN_POINT('',(43.4600238440031,33.5310907346061,33.5));
#2777=CARTESIAN_POINT('',(25.2829326783276,15.3539980521162,33.5));
#2778=CARTESIAN_POINT('Ctrl Pts',(43.4600238440031,33.5310907346061,33.5));
#2779=CARTESIAN_POINT('Ctrl Pts',(43.4639529609476,33.5321275451357,33.5));
#2780=CARTESIAN_POINT('Ctrl Pts',(43.4678822918337,33.5331635607201,33.4999968629613));
#2781=CARTESIAN_POINT('Ctrl Pts',(43.9343820516901,33.656060863597,33.499251247531));
#2782=CARTESIAN_POINT('Ctrl Pts',(44.4075006220103,33.7684726590557,33.4550498295589));
#2783=CARTESIAN_POINT('Ctrl Pts',(45.2984832329336,33.9602733030885,33.2536241238729));
#2784=CARTESIAN_POINT('Ctrl Pts',(45.6804192577577,34.0333214389126,33.1095793055535));
#2785=CARTESIAN_POINT('Ctrl Pts',(46.2328531664264,34.1326225632532,32.7957111338601));
#2786=CARTESIAN_POINT('Ctrl Pts',(46.4547134724816,34.1698858023086,32.6300485313423));
#2787=CARTESIAN_POINT('Ctrl Pts',(46.7562133408826,34.2184944774759,32.2885542192401));
#2788=CARTESIAN_POINT('Ctrl Pts',(46.8587524776052,34.2343701503745,32.1316088981127));
#2789=CARTESIAN_POINT('Ctrl Pts',(46.9845391084405,34.2536081643274,31.8116686126105));
#2790=CARTESIAN_POINT('Ctrl Pts',(47.0156106100423,34.2582505545891,31.657822102605));
#2791=CARTESIAN_POINT('Ctrl Pts',(47.0156106100423,34.2582505545891,31.5));
#2792=CARTESIAN_POINT('Origin',(45.0000006705523,27.9999995827675,31.5));
#2793=CARTESIAN_POINT('',(47.1213211026203,25.8786793277163,31.5));
#2794=CARTESIAN_POINT('',(48.5355347239989,24.4644658243487,33.5));
#2795=CARTESIAN_POINT('Origin',(48.5355347239989,24.4644658243487,31.5));
#2796=CARTESIAN_POINT('Origin',(45.0000006705523,27.9999995827675,33.5));
#2797=CARTESIAN_POINT('Origin',(45.0000006705523,27.9999995827675,31.5));
#2798=CARTESIAN_POINT('Origin',(30.2855355994466,6.21446517689128,31.5));
#2799=CARTESIAN_POINT('',(30.2855355994466,6.21446517689128,33.5));
#2800=CARTESIAN_POINT('',(28.8713219780677,7.62867868025853,31.5));
#2801=CARTESIAN_POINT('Origin',(-45.0000006705523,27.9999995827675,31.5));
#2802=CARTESIAN_POINT('',(-42.8786802384843,30.1213198378187,31.5));
#2803=CARTESIAN_POINT('',(-41.4644666171056,31.5355333411863,33.5));
#2804=CARTESIAN_POINT('Origin',(-41.4644666171056,31.5355333411863,31.5));
#2805=CARTESIAN_POINT('Origin',(-45.0000006705523,27.9999995827675,33.5));
#2806=CARTESIAN_POINT('Origin',(-45.0000006705523,27.9999995827675,31.5));
#2807=CARTESIAN_POINT('Origin',(-23.2144674925486,13.285532693731,31.5));
#2808=CARTESIAN_POINT('',(-23.2144674925486,13.285532693731,33.5));
#2809=CARTESIAN_POINT('',(-24.6286811139273,11.8713191903635,31.5));
#2810=CARTESIAN_POINT('Origin',(-20.,34.,31.5));
#2811=CARTESIAN_POINT('',(40.,36.,31.5));
#2812=CARTESIAN_POINT('',(40.,34.,33.5));
#2813=CARTESIAN_POINT('Origin',(40.,34.,31.5));
#2814=CARTESIAN_POINT('',(-20.,34.,33.5));
#2815=CARTESIAN_POINT('',(-20.,36.,31.5));
#2816=CARTESIAN_POINT('Origin',(40.,21.,31.5));
#2817=CARTESIAN_POINT('Origin',(40.,21.,33.5));
#2818=CARTESIAN_POINT('Origin',(40.,21.,31.5));
#2819=CARTESIAN_POINT('Origin',(-51.,1.52034492282007E-16,34.));
#2820=CARTESIAN_POINT('',(-51.0000000528091,2.5,33.5));
#2821=CARTESIAN_POINT('Origin',(-51.,1.52034492282007E-16,33.5));
#2822=CARTESIAN_POINT('',(-51.0000000422473,2.,34.));
#2823=CARTESIAN_POINT('Origin',(-51.0000000528091,2.5,34.));
#2824=CARTESIAN_POINT('',(-51.0000000422473,-2.,34.));
#2825=CARTESIAN_POINT('Origin',(-51.,1.52034492282007E-16,34.));
#2826=CARTESIAN_POINT('',(-51.0000000528091,-2.5,33.5));
#2827=CARTESIAN_POINT('Origin',(-51.0000000528091,-2.5,34.));
#2828=CARTESIAN_POINT('Origin',(-51.,1.52034492282007E-16,33.5));
#2829=CARTESIAN_POINT('Origin',(-40.,-21.,3.5));
#2830=CARTESIAN_POINT('',(-40.,-36.,3.5));
#2831=CARTESIAN_POINT('',(-40.,-36.,3.5));
#2832=CARTESIAN_POINT('',(-47.0156106100423,-34.2582505545891,3.5));
#2833=CARTESIAN_POINT('Origin',(-40.,-21.,3.5));
#2834=CARTESIAN_POINT('',(-47.0156106100423,-34.2582505545891,3.5));
#2835=CARTESIAN_POINT('Origin',(40.,-36.,3.5));
#2836=CARTESIAN_POINT('',(40.,-36.,3.5));
#2837=CARTESIAN_POINT('',(40.,-36.,3.5));
#2838=CARTESIAN_POINT('',(-40.,-36.,3.5));
#2839=CARTESIAN_POINT('Origin',(40.,-21.,3.5));
#2840=CARTESIAN_POINT('',(47.0156106100423,-34.2582505545891,3.5));
#2841=CARTESIAN_POINT('',(47.0156106100423,-34.2582505545891,3.5));
#2842=CARTESIAN_POINT('Origin',(40.,-21.,3.5));
#2843=CARTESIAN_POINT('Origin',(42.8786802384843,-30.1213198378187,3.5));
#2844=CARTESIAN_POINT('',(42.8786802384843,-30.1213198378187,3.5));
#2845=CARTESIAN_POINT('',(42.8786802384843,-30.1213198378187,3.5));
#2846=CARTESIAN_POINT('',(42.8786802384843,-30.1213198378187,3.5));
#2847=CARTESIAN_POINT('Origin',(45.0000006705523,-28.0000004172325,3.5));
#2848=CARTESIAN_POINT('',(47.1213211026203,-25.8786793277162,3.5));
#2849=CARTESIAN_POINT('',(47.1213211026203,-25.8786793277162,3.5));
#2850=CARTESIAN_POINT('Origin',(45.0000006705523,-28.0000004172325,3.5));
#2851=CARTESIAN_POINT('Origin',(51.6684833442819,-30.4258419488243,3.5));
#2852=CARTESIAN_POINT('',(51.6684833442819,-30.4258419488243,3.5));
#2853=CARTESIAN_POINT('',(51.6684833442819,-30.4258419488243,3.5));
#2854=CARTESIAN_POINT('',(47.1213211026203,-25.8786793277162,3.5));
#2855=CARTESIAN_POINT('Origin',(40.,-21.,3.5));
#2856=CARTESIAN_POINT('',(55.,-21.,3.5));
#2857=CARTESIAN_POINT('',(55.,-21.,3.5));
#2858=CARTESIAN_POINT('Origin',(40.,-21.,3.5));
#2859=CARTESIAN_POINT('Origin',(55.,21.,3.5));
#2860=CARTESIAN_POINT('',(55.,21.,3.5));
#2861=CARTESIAN_POINT('',(55.,21.,3.5));
#2862=CARTESIAN_POINT('',(55.,-21.,3.5));
#2863=CARTESIAN_POINT('Origin',(40.,21.,3.5));
#2864=CARTESIAN_POINT('',(51.6684833442819,30.4258419488243,3.5));
#2865=CARTESIAN_POINT('',(51.6684833442819,30.4258419488243,3.5));
#2866=CARTESIAN_POINT('Origin',(40.,21.,3.5));
#2867=CARTESIAN_POINT('Origin',(47.1213211026203,25.8786793277163,3.5));
#2868=CARTESIAN_POINT('',(47.1213211026203,25.8786793277163,3.5));
#2869=CARTESIAN_POINT('',(47.1213211026203,25.8786793277163,3.5));
#2870=CARTESIAN_POINT('',(47.1213211026203,25.8786793277163,3.5));
#2871=CARTESIAN_POINT('Origin',(45.0000006705523,27.9999995827675,3.5));
#2872=CARTESIAN_POINT('',(42.8786802384842,30.1213198378188,3.5));
#2873=CARTESIAN_POINT('',(42.8786802384842,30.1213198378188,3.5));
#2874=CARTESIAN_POINT('Origin',(45.0000006705523,27.9999995827675,3.5));
#2875=CARTESIAN_POINT('Origin',(47.0156106100423,34.2582505545891,3.5));
#2876=CARTESIAN_POINT('',(47.0156106100423,34.2582505545891,3.5));
#2877=CARTESIAN_POINT('',(47.0156106100423,34.2582505545891,3.5));
#2878=CARTESIAN_POINT('',(42.8786802384842,30.1213198378188,3.5));
#2879=CARTESIAN_POINT('Origin',(54.,-10.5,33.5));
#2880=CARTESIAN_POINT('',(54.,-21.,35.5));
#2881=CARTESIAN_POINT('',(56.,-21.,33.5));
#2882=CARTESIAN_POINT('Origin',(54.,-21.,33.5));
#2883=CARTESIAN_POINT('',(56.,21.,33.5));
#2884=CARTESIAN_POINT('',(56.,-10.5,33.5));
#2885=CARTESIAN_POINT('',(54.,21.,35.5));
#2886=CARTESIAN_POINT('Origin',(54.,21.,33.5));
#2887=CARTESIAN_POINT('',(54.,-10.5,35.5));
#2888=CARTESIAN_POINT('Origin',(40.,21.,33.5));
#2889=CARTESIAN_POINT('',(40.,37.,33.5));
#2890=CARTESIAN_POINT('',(40.,35.,35.5));
#2891=CARTESIAN_POINT('Origin',(40.,35.,33.5));
#2892=CARTESIAN_POINT('Origin',(40.,21.,35.5));
#2893=CARTESIAN_POINT('Origin',(40.,21.,33.5));
#2894=CARTESIAN_POINT('Origin',(20.,35.,33.5));
#2895=CARTESIAN_POINT('',(-40.,37.,33.5));
#2896=CARTESIAN_POINT('',(-40.,35.,35.5));
#2897=CARTESIAN_POINT('Origin',(-40.,35.,33.5));
#2898=CARTESIAN_POINT('',(20.,35.,35.5));
#2899=CARTESIAN_POINT('',(20.,37.,33.5));
#2900=CARTESIAN_POINT('Origin',(-40.,21.,33.5));
#2901=CARTESIAN_POINT('',(-56.,21.,33.5));
#2902=CARTESIAN_POINT('',(-54.,21.,35.5));
#2903=CARTESIAN_POINT('Origin',(-54.,21.,33.5));
#2904=CARTESIAN_POINT('Origin',(-40.,21.,35.5));
#2905=CARTESIAN_POINT('Origin',(-40.,21.,33.5));
#2906=CARTESIAN_POINT('Origin',(-54.,10.5,33.5));
#2907=CARTESIAN_POINT('',(-56.,-21.,33.5));
#2908=CARTESIAN_POINT('',(-54.,-21.,35.5));
#2909=CARTESIAN_POINT('Origin',(-54.,-21.,33.5));
#2910=CARTESIAN_POINT('',(-54.,10.5,35.5));
#2911=CARTESIAN_POINT('',(-56.,10.5,33.5));
#2912=CARTESIAN_POINT('Origin',(-40.,-21.,33.5));
#2913=CARTESIAN_POINT('',(-40.,-37.,33.5));
#2914=CARTESIAN_POINT('',(-40.,-35.,35.5));
#2915=CARTESIAN_POINT('Origin',(-40.,-35.,33.5));
#2916=CARTESIAN_POINT('Origin',(-40.,-21.,35.5));
#2917=CARTESIAN_POINT('Origin',(-40.,-21.,33.5));
#2918=CARTESIAN_POINT('Origin',(-20.,-35.,33.5));
#2919=CARTESIAN_POINT('',(40.,-37.,33.5));
#2920=CARTESIAN_POINT('',(40.,-35.,35.5));
#2921=CARTESIAN_POINT('Origin',(40.,-35.,33.5));
#2922=CARTESIAN_POINT('',(-20.,-35.,35.5));
#2923=CARTESIAN_POINT('',(-20.,-37.,33.5));
#2924=CARTESIAN_POINT('Origin',(40.,-21.,33.5));
#2925=CARTESIAN_POINT('Origin',(40.,-21.,35.5));
#2926=CARTESIAN_POINT('Origin',(40.,-21.,33.5));
#2927=CARTESIAN_POINT('Origin',(-40.,21.,3.5));
#2928=CARTESIAN_POINT('',(-40.,37.,3.5));
#2929=CARTESIAN_POINT('',(-40.,37.,3.5));
#2930=CARTESIAN_POINT('',(-56.,21.,3.5));
#2931=CARTESIAN_POINT('Origin',(-40.,21.,3.5));
#2932=CARTESIAN_POINT('',(-56.,21.,3.5));
#2933=CARTESIAN_POINT('Origin',(40.,37.,3.5));
#2934=CARTESIAN_POINT('',(40.,37.,3.5));
#2935=CARTESIAN_POINT('',(40.,37.,3.5));
#2936=CARTESIAN_POINT('',(40.,37.,3.5));
#2937=CARTESIAN_POINT('Origin',(40.,21.,3.5));
#2938=CARTESIAN_POINT('',(56.,21.,3.5));
#2939=CARTESIAN_POINT('',(56.,21.,3.5));
#2940=CARTESIAN_POINT('Origin',(40.,21.,3.5));
#2941=CARTESIAN_POINT('Origin',(56.,-21.,3.5));
#2942=CARTESIAN_POINT('',(56.,-21.,3.5));
#2943=CARTESIAN_POINT('',(56.,-21.,3.5));
#2944=CARTESIAN_POINT('',(56.,-21.,3.5));
#2945=CARTESIAN_POINT('Origin',(-8.88178419700125E-15,-4.44089209850063E-14,
35.5));
#2946=CARTESIAN_POINT('',(3.00000005738863,-2.,35.5));
#2947=CARTESIAN_POINT('',(2.99999994247272,2.,35.5));
#2948=CARTESIAN_POINT('Origin',(3.,2.21423132086983E-15,35.5));
#2949=CARTESIAN_POINT('',(51.0000000428021,2.00000000000001,35.5));
#2950=CARTESIAN_POINT('',(-55.196446421508,2.,35.5));
#2951=CARTESIAN_POINT('',(50.9999999579173,-2.,35.5));
#2952=CARTESIAN_POINT('Origin',(51.,4.04669862090004E-15,35.5));
#2953=CARTESIAN_POINT('',(-55.196446421508,-2.,35.5));
#2954=CARTESIAN_POINT('',(-51.0000000422473,-2.,35.5));
#2955=CARTESIAN_POINT('',(-51.0000000422473,2.,35.5));
#2956=CARTESIAN_POINT('Origin',(-51.,1.52034492282007E-16,35.5));
#2957=CARTESIAN_POINT('',(-3.,2.,35.5));
#2958=CARTESIAN_POINT('',(-55.196446421508,2.,35.5));
#2959=CARTESIAN_POINT('',(-3.,-2.,35.5));
#2960=CARTESIAN_POINT('Origin',(-3.,1.97644792699279E-15,35.5));
#2961=CARTESIAN_POINT('',(-55.196446421508,-2.,35.5));
#2962=CARTESIAN_POINT('Origin',(-25.5000000211237,2.5,34.));
#2963=CARTESIAN_POINT('',(-3.,2.5,33.5));
#2964=CARTESIAN_POINT('',(-3.,2.,34.));
#2965=CARTESIAN_POINT('Origin',(-3.,2.5,34.));
#2966=CARTESIAN_POINT('',(-25.5000000211237,2.,34.));
#2967=CARTESIAN_POINT('',(-25.5000000211237,2.5,33.5));
#2968=CARTESIAN_POINT('Origin',(-3.,1.97644792699279E-15,34.));
#2969=CARTESIAN_POINT('',(-3.,-2.5,33.5));
#2970=CARTESIAN_POINT('',(-3.,-2.,34.));
#2971=CARTESIAN_POINT('Origin',(-3.,-2.5,34.));
#2972=CARTESIAN_POINT('Origin',(-3.,1.97644792699279E-15,34.));
#2973=CARTESIAN_POINT('Origin',(-3.,1.97644792699279E-15,33.5));
#2974=CARTESIAN_POINT('Origin',(-1.5,-2.5,34.));
#2975=CARTESIAN_POINT('',(-1.5,-2.,34.));
#2976=CARTESIAN_POINT('',(-1.5,-2.5,33.5));
#2977=CARTESIAN_POINT('Origin',(-3.,-2.,33.5));
#2978=CARTESIAN_POINT('',(-51.0000000422473,-2.,33.5));
#2979=CARTESIAN_POINT('',(-3.,-2.,33.5));
#2980=CARTESIAN_POINT('Origin',(-51.,1.52034492282007E-16,33.5));
#2981=CARTESIAN_POINT('',(-51.0000000422473,2.,33.5));
#2982=CARTESIAN_POINT('Origin',(-8.88178419700125E-15,-4.44089209850063E-14,
33.5));
#2983=CARTESIAN_POINT('',(51.0000000535026,2.5,33.5));
#2984=CARTESIAN_POINT('Origin',(51.,4.04669862090004E-15,33.5));
#2985=CARTESIAN_POINT('',(2.9999999280909,2.5,33.5));
#2986=CARTESIAN_POINT('',(1.49999997123635,2.5,33.5));
#2987=CARTESIAN_POINT('',(3.00000005738863,-2.5,33.5));
#2988=CARTESIAN_POINT('Origin',(3.,2.21423132086983E-15,33.5));
#2989=CARTESIAN_POINT('',(50.9999999473965,-2.5,33.5));
#2990=CARTESIAN_POINT('',(25.4999999789586,-2.5,33.5));
#2991=CARTESIAN_POINT('Origin',(51.,4.04669862090004E-15,33.5));
#2992=CARTESIAN_POINT('Origin',(51.,4.04669862090004E-15,34.));
#2993=CARTESIAN_POINT('',(50.9999999579172,-2.,34.));
#2994=CARTESIAN_POINT('Origin',(50.9999999473965,-2.5,34.));
#2995=CARTESIAN_POINT('',(51.0000000428021,2.00000000000001,34.));
#2996=CARTESIAN_POINT('Origin',(51.,4.04669862090004E-15,34.));
#2997=CARTESIAN_POINT('Origin',(51.0000000535026,2.5,34.));
#2998=CARTESIAN_POINT('Origin',(25.4999999789586,-2.5,34.));
#2999=CARTESIAN_POINT('',(3.00000005738863,-2.,34.));
#3000=CARTESIAN_POINT('Origin',(3.00000005738863,-2.5,34.));
#3001=CARTESIAN_POINT('',(25.4999999789586,-2.,34.));
#3002=CARTESIAN_POINT('Origin',(3.,2.21423132086983E-15,34.));
#3003=CARTESIAN_POINT('',(2.99999994247272,2.,34.));
#3004=CARTESIAN_POINT('Origin',(2.9999999280909,2.5,34.));
#3005=CARTESIAN_POINT('Origin',(3.,2.21423132086983E-15,34.));
#3006=CARTESIAN_POINT('Origin',(1.49999997123635,2.5,34.));
#3007=CARTESIAN_POINT('',(1.49999997123635,2.,34.));
#3008=CARTESIAN_POINT('Origin',(2.99999994247272,2.,33.5));
#3009=CARTESIAN_POINT('',(51.0000000428021,2.00000000000001,33.5));
#3010=CARTESIAN_POINT('',(2.99999994247272,2.,33.5));
#3011=CARTESIAN_POINT('Origin',(51.,4.04669862090004E-15,33.5));
#3012=CARTESIAN_POINT('',(50.9999999579172,-2.,33.5));
#3013=CARTESIAN_POINT('Origin',(-8.88178419700125E-15,-4.44089209850063E-14,
33.5));
#3014=CARTESIAN_POINT('',(-43.4000006705523,-28.0000004172325,33.5));
#3015=CARTESIAN_POINT('Origin',(-45.0000006705523,-28.0000004172325,33.5));
#3016=CARTESIAN_POINT('Origin',(-8.88178419700125E-15,-4.44089209850063E-14,
33.5));
#3017=CARTESIAN_POINT('',(46.6000006705523,-28.0000004172325,33.5));
#3018=CARTESIAN_POINT('Origin',(45.0000006705523,-28.0000004172325,33.5));
#3019=CARTESIAN_POINT('Origin',(-8.88178419700125E-15,-4.44089209850063E-14,
33.5));
#3020=CARTESIAN_POINT('',(-43.4000006705523,27.9999995827675,33.5));
#3021=CARTESIAN_POINT('Origin',(-45.0000006705523,27.9999995827675,33.5));
#3022=CARTESIAN_POINT('Origin',(-8.88178419700125E-15,-4.44089209850063E-14,
33.5));
#3023=CARTESIAN_POINT('',(46.6000006705523,27.9999995827675,33.5));
#3024=CARTESIAN_POINT('Origin',(45.0000006705523,27.9999995827675,33.5));
#3025=CARTESIAN_POINT('Origin',(50.9999999579173,-2.,33.5));
#3026=CARTESIAN_POINT('',(3.00000005738863,-2.,33.5));
#3027=CARTESIAN_POINT('Origin',(3.,2.21423132086983E-15,33.5));
#3028=CARTESIAN_POINT('Origin',(-3.,1.97644792699279E-15,33.5));
#3029=CARTESIAN_POINT('',(-3.,2.,33.5));
#3030=CARTESIAN_POINT('Origin',(-51.0000000422473,2.,33.5));
#3031=CARTESIAN_POINT('Origin',(45.0000006705523,27.9999995827675,3.5));
#3032=CARTESIAN_POINT('',(46.6000006705523,27.9999995827675,3.5));
#3033=CARTESIAN_POINT('Origin',(40.,21.,3.5));
#3034=CARTESIAN_POINT('',(40.,36.,3.5));
#3035=CARTESIAN_POINT('',(40.,36.,3.5));
#3036=CARTESIAN_POINT('Origin',(40.,21.,3.5));
#3037=CARTESIAN_POINT('Origin',(-45.0000006705523,27.9999995827675,3.5));
#3038=CARTESIAN_POINT('',(-43.4000006705523,27.9999995827675,3.5));
#3039=CARTESIAN_POINT('Origin',(-45.0000006705523,27.9999995827675,3.5));
#3040=CARTESIAN_POINT('',(-47.1213211026203,25.8786793277162,3.5));
#3041=CARTESIAN_POINT('',(-47.1213211026203,25.8786793277162,3.5));
#3042=CARTESIAN_POINT('',(-42.8786802384843,30.1213198378187,3.5));
#3043=CARTESIAN_POINT('Origin',(-45.0000006705523,27.9999995827675,3.5));
#3044=CARTESIAN_POINT('',(-42.8786802384843,30.1213198378187,3.5));
#3045=CARTESIAN_POINT('Origin',(-51.6684833442819,30.4258419488243,3.5));
#3046=CARTESIAN_POINT('',(-51.6684833442819,30.4258419488243,3.5));
#3047=CARTESIAN_POINT('',(-51.6684833442819,30.4258419488243,3.5));
#3048=CARTESIAN_POINT('',(-47.1213211026203,25.8786793277162,3.5));
#3049=CARTESIAN_POINT('Origin',(-42.8786802384843,30.1213198378187,3.5));
#3050=CARTESIAN_POINT('',(-47.0156106100423,34.2582505545891,3.5));
#3051=CARTESIAN_POINT('',(-42.8786802384843,30.1213198378187,3.5));
#3052=CARTESIAN_POINT('',(-47.0156106100423,34.2582505545891,3.5));
#3053=CARTESIAN_POINT('Origin',(-40.,21.,3.5));
#3054=CARTESIAN_POINT('',(-55.,21.,3.5));
#3055=CARTESIAN_POINT('',(-55.,21.,3.5));
#3056=CARTESIAN_POINT('Origin',(-40.,21.,3.5));
#3057=CARTESIAN_POINT('Origin',(-40.,21.,3.5));
#3058=CARTESIAN_POINT('',(-40.,36.,3.5));
#3059=CARTESIAN_POINT('Origin',(-40.,21.,3.5));
#3060=CARTESIAN_POINT('',(-40.,36.,3.5));
#3061=CARTESIAN_POINT('Origin',(45.0000006705523,-28.0000004172325,3.5));
#3062=CARTESIAN_POINT('',(46.6000006705523,-28.0000004172325,3.5));
#3063=CARTESIAN_POINT('Origin',(-45.0000006705523,-28.0000004172325,3.5));
#3064=CARTESIAN_POINT('',(-43.4000006705523,-28.0000004172325,3.5));
#3065=CARTESIAN_POINT('Origin',(-47.0156106100423,-34.2582505545891,3.5));
#3066=CARTESIAN_POINT('',(-42.8786802384843,-30.1213198378187,3.5));
#3067=CARTESIAN_POINT('',(-42.8786802384843,-30.1213198378187,3.5));
#3068=CARTESIAN_POINT('',(-42.8786802384843,-30.1213198378187,3.5));
#3069=CARTESIAN_POINT('Origin',(-47.1213211026203,-25.8786793277162,3.5));
#3070=CARTESIAN_POINT('',(-47.1213211026203,-25.8786793277162,3.5));
#3071=CARTESIAN_POINT('',(-47.1213211026203,-25.8786793277162,3.5));
#3072=CARTESIAN_POINT('',(-51.6684833442819,-30.4258419488243,3.5));
#3073=CARTESIAN_POINT('',(-47.1213211026203,-25.8786793277162,3.5));
#3074=CARTESIAN_POINT('',(-51.6684833442819,-30.4258419488243,3.5));
#3075=CARTESIAN_POINT('Origin',(-45.0000006705523,-28.0000004172325,3.5));
#3076=CARTESIAN_POINT('Origin',(-45.0000006705523,-28.0000004172325,3.5));
#3077=CARTESIAN_POINT('Origin',(-40.,-21.,3.5));
#3078=CARTESIAN_POINT('',(-55.,-21.,3.5));
#3079=CARTESIAN_POINT('Origin',(-40.,-21.,3.5));
#3080=CARTESIAN_POINT('',(-55.,-21.,3.5));
#3081=CARTESIAN_POINT('Origin',(-40.,36.,3.5));
#3082=CARTESIAN_POINT('',(40.,36.,3.5));
#3083=CARTESIAN_POINT('Origin',(-55.,-21.,3.5));
#3084=CARTESIAN_POINT('',(-55.,21.,3.5));
#3085=CARTESIAN_POINT('Origin',(-56.,21.,3.5));
#3086=CARTESIAN_POINT('',(-56.,-21.,3.5));
#3087=CARTESIAN_POINT('',(-56.,21.,3.5));
#3088=CARTESIAN_POINT('',(-56.,-21.,3.5));
#3089=CARTESIAN_POINT('Origin',(40.,-21.,3.5));
#3090=CARTESIAN_POINT('',(40.,-37.,3.5));
#3091=CARTESIAN_POINT('',(40.,-37.,3.5));
#3092=CARTESIAN_POINT('Origin',(40.,-21.,3.5));
#3093=CARTESIAN_POINT('Origin',(-40.,-37.,3.5));
#3094=CARTESIAN_POINT('',(-40.,-37.,3.5));
#3095=CARTESIAN_POINT('',(-40.,-37.,3.5));
#3096=CARTESIAN_POINT('',(-40.,-37.,3.5));
#3097=CARTESIAN_POINT('Origin',(-40.,-21.,3.5));
#3098=CARTESIAN_POINT('Origin',(-40.,-21.,3.5));
#3099=CARTESIAN_POINT('Origin',(0.,-4.44089209850063E-15,3.5));
#3100=UNCERTAINTY_MEASURE_WITH_UNIT(LENGTH_MEASURE(0.01),#3104,
'DISTANCE_ACCURACY_VALUE',
'Maximum model space distance between geometric entities at asserted c
onnectivities');
#3101=UNCERTAINTY_MEASURE_WITH_UNIT(LENGTH_MEASURE(0.01),#3104,
'DISTANCE_ACCURACY_VALUE',
'Maximum model space distance between geometric entities at asserted c
onnectivities');
#3102=(
GEOMETRIC_REPRESENTATION_CONTEXT(3)
GLOBAL_UNCERTAINTY_ASSIGNED_CONTEXT((#3100))
GLOBAL_UNIT_ASSIGNED_CONTEXT((#3104,#3105,#3106))
REPRESENTATION_CONTEXT('','3D')
);
#3103=(
GEOMETRIC_REPRESENTATION_CONTEXT(3)
GLOBAL_UNCERTAINTY_ASSIGNED_CONTEXT((#3101))
GLOBAL_UNIT_ASSIGNED_CONTEXT((#3104,#3105,#3106))
REPRESENTATION_CONTEXT('','3D')
);
#3104=(
LENGTH_UNIT()
NAMED_UNIT(*)
SI_UNIT(.MILLI.,.METRE.)
);
#3105=(
NAMED_UNIT(*)
PLANE_ANGLE_UNIT()
SI_UNIT($,.RADIAN.)
);
#3106=(
NAMED_UNIT(*)
SI_UNIT($,.STERADIAN.)
SOLID_ANGLE_UNIT()
);
#3107=SHAPE_DEFINITION_REPRESENTATION(#3108,#3109);
#3108=PRODUCT_DEFINITION_SHAPE('',$,#3111);
#3109=SHAPE_REPRESENTATION('',(#1658),#3102);
#3110=PRODUCT_DEFINITION_CONTEXT('part definition',#3115,'design');
#3111=PRODUCT_DEFINITION('Acuator Host-Join','Acuator Host-Join v15',#3112,
#3110);
#3112=PRODUCT_DEFINITION_FORMATION('',$,#3117);
#3113=PRODUCT_RELATED_PRODUCT_CATEGORY('Acuator Host-Join v15',
'Acuator Host-Join v15',(#3117));
#3114=APPLICATION_PROTOCOL_DEFINITION('international standard',
'automotive_design',2009,#3115);
#3115=APPLICATION_CONTEXT(
'Core Data for Automotive Mechanical Design Process');
#3116=PRODUCT_CONTEXT('part definition',#3115,'mechanical');
#3117=PRODUCT('Acuator Host-Join','Acuator Host-Join v15',$,(#3116));
#3118=PRESENTATION_STYLE_ASSIGNMENT((#3119));
#3119=SURFACE_STYLE_USAGE(.BOTH.,#3120);
#3120=SURFACE_SIDE_STYLE('',(#3121));
#3121=SURFACE_STYLE_FILL_AREA(#3122);
#3122=FILL_AREA_STYLE('Steel - Satin',(#3123));
#3123=FILL_AREA_STYLE_COLOUR('Steel - Satin',#3124);
#3124=COLOUR_RGB('Steel - Satin',0.627450980392157,0.627450980392157,0.627450980392157);
ENDSEC;
END-ISO-10303-21;
