ISO-10303-21;
HEADER;
/* Generated by software containing ST-Developer
 * from STEP Tools, Inc. (www.steptools.com) 
 */

FILE_DESCRIPTION(
/* description */ (''),
/* implementation_level */ '2;1');

FILE_NAME(
/* name */ 'Acuator Host-Join-modified-4.step',
/* time_stamp */ '2026-09-04T21:31:43+10:00',
/* author */ (''),
/* organization */ (''),
/* preprocessor_version */ 'ST-DEVELOPER v20.2',
/* originating_system */ 'Autodesk Translation Framework v15.15.0.0',
/* authorisation */ '');

FILE_SCHEMA (('AUTOMOTIVE_DESIGN { 1 0 10303 214 3 1 1 }'));
ENDSEC;

DATA;
#10=MECHANICAL_DESIGN_GEOMETRIC_PRESENTATION_REPRESENTATION('',(#13),#2985);
#11=SHAPE_REPRESENTATION_RELATIONSHIP('SRR','None',#2991,#12);
#12=ADVANCED_BREP_SHAPE_REPRESENTATION('',(#14),#2984);
#13=STYLED_ITEM('',(#3000),#14);
#14=MANIFOLD_SOLID_BREP('Body8',#1602);
#15=TOROIDAL_SURFACE('',#1683,59.685438564654,25.);
#16=TOROIDAL_SURFACE('',#1699,59.685438564654,25.);
#17=B_SPLINE_SURFACE_WITH_KNOTS('',3,3,((#2641,#2642,#2643,#2644,#2645,
#2646),(#2647,#2648,#2649,#2650,#2651,#2652),(#2653,#2654,#2655,#2656,#2657,
#2658),(#2659,#2660,#2661,#2662,#2663,#2664),(#2665,#2666,#2667,#2668,#2669,
#2670),(#2671,#2672,#2673,#2674,#2675,#2676)),.UNSPECIFIED.,.F.,.F.,.F.,
(4,1,1,4),(4,1,1,4),(0.,0.285714285714286,0.571428571428571,1.),(-25.1123032011513,
-24.371062783863,-23.8769025056708,-23.3827422274786),.UNSPECIFIED.);
#18=B_SPLINE_SURFACE_WITH_KNOTS('',3,3,((#2854,#2855,#2856,#2857,#2858,
#2859,#2860,#2861),(#2862,#2863,#2864,#2865,#2866,#2867,#2868,#2869),(#2870,
#2871,#2872,#2873,#2874,#2875,#2876,#2877),(#2878,#2879,#2880,#2881,#2882,
#2883,#2884,#2885),(#2886,#2887,#2888,#2889,#2890,#2891,#2892,#2893)),
 .UNSPECIFIED.,.F.,.F.,.F.,(4,1,4),(4,2,1,1,4),(0.,0.571428571428571,1.),
(-0.00400081468474596,0.,1.33139806862022,1.99709710293033,3.32849517155054),
 .UNSPECIFIED.);
#19=B_SPLINE_SURFACE_WITH_KNOTS('',3,3,((#2907,#2908,#2909,#2910),(#2911,
#2912,#2913,#2914),(#2915,#2916,#2917,#2918),(#2919,#2920,#2921,#2922),
(#2923,#2924,#2925,#2926),(#2927,#2928,#2929,#2930)),.UNSPECIFIED.,.F.,
 .F.,.F.,(4,1,1,4),(4,4),(0.,0.285714285714286,0.571428571428571,1.),(-34.065299954711,
-32.4000207906383),.UNSPECIFIED.);
#20=FACE_BOUND('',#272,.T.);
#21=FACE_BOUND('',#280,.T.);
#22=FACE_BOUND('',#288,.T.);
#23=FACE_BOUND('',#296,.T.);
#24=FACE_BOUND('',#304,.T.);
#25=FACE_BOUND('',#312,.T.);
#26=FACE_BOUND('',#320,.T.);
#27=FACE_BOUND('',#328,.T.);
#28=FACE_BOUND('',#331,.T.);
#29=FACE_BOUND('',#332,.T.);
#30=FACE_BOUND('',#333,.T.);
#31=FACE_BOUND('',#341,.T.);
#32=FACE_BOUND('',#342,.T.);
#33=FACE_BOUND('',#343,.T.);
#34=FACE_BOUND('',#344,.T.);
#35=FACE_BOUND('',#353,.T.);
#36=FACE_BOUND('',#354,.T.);
#37=FACE_BOUND('',#355,.T.);
#38=FACE_BOUND('',#356,.T.);
#39=FACE_BOUND('',#357,.T.);
#40=FACE_BOUND('',#358,.T.);
#41=FACE_BOUND('',#359,.T.);
#42=FACE_BOUND('',#360,.T.);
#43=FACE_BOUND('',#361,.T.);
#44=FACE_BOUND('',#372,.T.);
#45=B_SPLINE_CURVE_WITH_KNOTS('',3,(#2140,#2141,#2142,#2143),
 .UNSPECIFIED.,.F.,.F.,(4,4),(-0.377790196416554,-0.0514746617494117),
 .UNSPECIFIED.);
#46=B_SPLINE_CURVE_WITH_KNOTS('',3,(#2151,#2152,#2153,#2154),
 .UNSPECIFIED.,.F.,.F.,(4,4),(-0.367260799565178,-0.0504058447238859),
 .UNSPECIFIED.);
#47=B_SPLINE_CURVE_WITH_KNOTS('',3,(#2160,#2161,#2162,#2163),
 .UNSPECIFIED.,.F.,.F.,(4,4),(-0.144231788296495,0.),.UNSPECIFIED.);
#48=B_SPLINE_CURVE_WITH_KNOTS('',3,(#2168,#2169,#2170,#2171),
 .UNSPECIFIED.,.F.,.F.,(4,4),(28.5295809588232,28.6915335532932),
 .UNSPECIFIED.);
#49=B_SPLINE_CURVE_WITH_KNOTS('',3,(#2174,#2175,#2176,#2177,#2178,#2179),
 .UNSPECIFIED.,.F.,.F.,(4,2,4),(4.30781165615318,4.43063011593114,4.59891909920086),
 .UNSPECIFIED.);
#50=B_SPLINE_CURVE_WITH_KNOTS('',3,(#2185,#2186,#2187,#2188),
 .UNSPECIFIED.,.F.,.F.,(4,4),(4.54964649386699,4.85737345173076),
 .UNSPECIFIED.);
#51=B_SPLINE_CURVE_WITH_KNOTS('',3,(#2194,#2195,#2196,#2197),
 .UNSPECIFIED.,.F.,.F.,(4,4),(-0.21267725612055,-0.0498788001493624),
 .UNSPECIFIED.);
#52=B_SPLINE_CURVE_WITH_KNOTS('',3,(#2198,#2199,#2200,#2201),
 .UNSPECIFIED.,.F.,.F.,(4,4),(0.0189527087374469,0.164736552758214),
 .UNSPECIFIED.);
#53=B_SPLINE_CURVE_WITH_KNOTS('',3,(#2209,#2210,#2211,#2212),
 .UNSPECIFIED.,.F.,.F.,(4,4),(31.568617353671,31.7825186202533),
 .UNSPECIFIED.);
#54=B_SPLINE_CURVE_WITH_KNOTS('',3,(#2220,#2221,#2222,#2223,#2224,#2225),
 .UNSPECIFIED.,.F.,.F.,(4,2,4),(10.7379337872229,10.8529963678096,10.9746769410682),
 .UNSPECIFIED.);
#55=B_SPLINE_CURVE_WITH_KNOTS('',3,(#2231,#2232,#2233,#2234),
 .UNSPECIFIED.,.F.,.F.,(4,4),(9.88039977374119,10.1232645052963),
 .UNSPECIFIED.);
#56=B_SPLINE_CURVE_WITH_KNOTS('',3,(#2240,#2241,#2242,#2243,#2244,#2245),
 .UNSPECIFIED.,.F.,.F.,(4,2,4),(1.01740266139686,1.17928896565966,1.22706660031772),
 .UNSPECIFIED.);
#57=B_SPLINE_CURVE_WITH_KNOTS('',3,(#2251,#2252,#2253,#2254),
 .UNSPECIFIED.,.F.,.F.,(4,4),(5.41011424660611,5.64197381493471),
 .UNSPECIFIED.);
#58=B_SPLINE_CURVE_WITH_KNOTS('',3,(#2259,#2260,#2261,#2262,#2263,#2264),
 .UNSPECIFIED.,.F.,.F.,(4,2,4),(5.01064304250014,5.14275859888662,5.26090624609828),
 .UNSPECIFIED.);
#59=B_SPLINE_CURVE_WITH_KNOTS('',3,(#2272,#2273,#2274,#2275,#2276,#2277),
 .UNSPECIFIED.,.F.,.F.,(4,2,4),(9.67539825549108,9.79354590270274,9.92566145908922),
 .UNSPECIFIED.);
#60=B_SPLINE_CURVE_WITH_KNOTS('',3,(#2285,#2286,#2287,#2288),
 .UNSPECIFIED.,.F.,.F.,(4,4),(12.5946288165972,12.8264883849258),
 .UNSPECIFIED.);
#61=B_SPLINE_CURVE_WITH_KNOTS('',3,(#2294,#2295,#2296,#2297,#2298,#2299),
 .UNSPECIFIED.,.F.,.F.,(4,2,4),(30.3797584699666,30.4275361046247,30.5894224088875),
 .UNSPECIFIED.);
#62=B_SPLINE_CURVE_WITH_KNOTS('',3,(#2305,#2306,#2307,#2308),
 .UNSPECIFIED.,.F.,.F.,(4,4),(4.94008300642973,5.18294773798487),
 .UNSPECIFIED.);
#63=B_SPLINE_CURVE_WITH_KNOTS('',3,(#2314,#2315,#2316,#2317,#2318,#2319),
 .UNSPECIFIED.,.F.,.F.,(4,2,4),(5.61024215368807,5.73192272694658,5.84698530753331),
 .UNSPECIFIED.);
#64=B_SPLINE_CURVE_WITH_KNOTS('',3,(#2324,#2325,#2326,#2327),
 .UNSPECIFIED.,.F.,.F.,(4,4),(1.0306548135067,1.24455608008898),
 .UNSPECIFIED.);
#65=B_SPLINE_CURVE_WITH_KNOTS('',3,(#2333,#2334,#2335,#2336),
 .UNSPECIFIED.,.F.,.F.,(4,4),(4.47508154166246,4.78278049524507),
 .UNSPECIFIED.);
#66=B_SPLINE_CURVE_WITH_KNOTS('',3,(#2344,#2345,#2346,#2347),
 .UNSPECIFIED.,.F.,.F.,(4,4),(30.1931860523732,30.4962192146098),
 .UNSPECIFIED.);
#67=B_SPLINE_CURVE_WITH_KNOTS('',3,(#2353,#2354,#2355,#2356),
 .UNSPECIFIED.,.F.,.F.,(4,4),(10.9515658482972,11.2592928061609),
 .UNSPECIFIED.);
#68=B_SPLINE_CURVE_WITH_KNOTS('',3,(#2362,#2363,#2364,#2365,#2366,#2367),
 .UNSPECIFIED.,.F.,.F.,(4,2,4),(11.4951764701747,11.6634654534444,11.7862839132224),
 .UNSPECIFIED.);
#69=B_SPLINE_CURVE_WITH_KNOTS('',3,(#2373,#2374,#2375,#2376),
 .UNSPECIFIED.,.F.,.F.,(4,4),(0.0189362173403299,0.318561393493984),
 .UNSPECIFIED.);
#70=B_SPLINE_CURVE_WITH_KNOTS('',3,(#2381,#2382,#2383,#2384,#2385,#2386),
 .UNSPECIFIED.,.F.,.F.,(4,2,4),(4.35977149300075,4.50599351154377,4.64995886944938),
 .UNSPECIFIED.);
#71=B_SPLINE_CURVE_WITH_KNOTS('',3,(#2394,#2395,#2396,#2397,#2398,#2399),
 .UNSPECIFIED.,.F.,.F.,(4,2,4),(31.5608057922377,31.5999515198268,31.7752576368675),
 .UNSPECIFIED.);
#72=B_SPLINE_CURVE_WITH_KNOTS('',3,(#2407,#2408,#2409,#2410,#2411,#2412),
 .UNSPECIFIED.,.F.,.F.,(4,2,4),(10.8685075940333,10.9766698466011,11.1041231032682),
 .UNSPECIFIED.);
#73=B_SPLINE_CURVE_WITH_KNOTS('',3,(#2418,#2419,#2420,#2421),
 .UNSPECIFIED.,.F.,.F.,(4,4),(9.84827856149358,10.091726620549),
 .UNSPECIFIED.);
#74=B_SPLINE_CURVE_WITH_KNOTS('',3,(#2427,#2428,#2429,#2430,#2431,#2432),
 .UNSPECIFIED.,.F.,.F.,(4,2,4),(1.11606311042023,1.18946212505765,1.32600674985107),
 .UNSPECIFIED.);
#75=B_SPLINE_CURVE_WITH_KNOTS('',3,(#2438,#2439,#2440,#2441),
 .UNSPECIFIED.,.F.,.F.,(4,4),(32.2799174915186,32.5064996840633),
 .UNSPECIFIED.);
#76=B_SPLINE_CURVE_WITH_KNOTS('',3,(#2446,#2447,#2448,#2449,#2450,#2451),
 .UNSPECIFIED.,.F.,.F.,(4,2,4),(4.99642601083815,5.13211175640424,5.24673043973216),
 .UNSPECIFIED.);
#77=B_SPLINE_CURVE_WITH_KNOTS('',3,(#2457,#2458,#2459,#2460),
 .UNSPECIFIED.,.F.,.F.,(4,4),(0.0189527807476125,0.321985939551899),
 .UNSPECIFIED.);
#78=B_SPLINE_CURVE_WITH_KNOTS('',3,(#2468,#2469,#2470,#2471),
 .UNSPECIFIED.,.F.,.F.,(4,4),(10.7479608079638,11.0556597569661),
 .UNSPECIFIED.);
#79=B_SPLINE_CURVE_WITH_KNOTS('',3,(#2477,#2478,#2479,#2480,#2481,#2482),
 .UNSPECIFIED.,.F.,.F.,(4,2,4),(11.9394900663408,12.0834553684237,12.2296774418601),
 .UNSPECIFIED.);
#80=B_SPLINE_CURVE_WITH_KNOTS('',3,(#2488,#2489,#2490,#2491),
 .UNSPECIFIED.,.F.,.F.,(4,4),(28.3919081606783,28.691533332037),
 .UNSPECIFIED.);
#81=B_SPLINE_CURVE_WITH_KNOTS('',3,(#2497,#2498,#2499,#2500,#2501,#2502),
 .UNSPECIFIED.,.F.,.F.,(4,2,4),(4.30781160337946,4.43063010647185,4.59891904559514),
 .UNSPECIFIED.);
#82=B_SPLINE_CURVE_WITH_KNOTS('',3,(#2507,#2508,#2509,#2510),
 .UNSPECIFIED.,.F.,.F.,(4,4),(4.54964646686009,4.85737342010745),
 .UNSPECIFIED.);
#83=B_SPLINE_CURVE_WITH_KNOTS('',3,(#2518,#2519,#2520,#2521,#2522,#2523),
 .UNSPECIFIED.,.F.,.F.,(4,2,4),(11.4951764666902,11.6634654058135,11.7862839089059),
 .UNSPECIFIED.);
#84=B_SPLINE_CURVE_WITH_KNOTS('',3,(#2531,#2532,#2533,#2534),
 .UNSPECIFIED.,.F.,.F.,(4,4),(0.0189362892247245,0.318561460583367),
 .UNSPECIFIED.);
#85=B_SPLINE_CURVE_WITH_KNOTS('',3,(#2540,#2541,#2542,#2543,#2544,#2545),
 .UNSPECIFIED.,.F.,.F.,(4,2,4),(4.35977146080031,4.50599353423672,4.64995883631968),
 .UNSPECIFIED.);
#86=B_SPLINE_CURVE_WITH_KNOTS('',3,(#2551,#2552,#2553,#2554),
 .UNSPECIFIED.,.F.,.F.,(4,4),(4.47508148479018,4.78278043379251),
 .UNSPECIFIED.);
#87=B_SPLINE_CURVE_WITH_KNOTS('',3,(#2560,#2561,#2562,#2563),
 .UNSPECIFIED.,.F.,.F.,(4,4),(30.193185852861,30.4962190116653),
 .UNSPECIFIED.);
#88=B_SPLINE_CURVE_WITH_KNOTS('',3,(#2568,#2569,#2570,#2571),
 .UNSPECIFIED.,.F.,.F.,(4,4),(10.9515659682521,11.2592929214994),
 .UNSPECIFIED.);
#89=B_SPLINE_CURVE_WITH_KNOTS('',3,(#2579,#2580,#2581,#2582,#2583,#2584),
 .UNSPECIFIED.,.F.,.F.,(4,2,4),(5.65307686301663,5.78053011968375,5.88869237225158),
 .UNSPECIFIED.);
#90=B_SPLINE_CURVE_WITH_KNOTS('',3,(#2592,#2593,#2594,#2595,#2596,#2597),
 .UNSPECIFIED.,.F.,.F.,(4,2,4),(1.13215140353029,1.30745752057105,1.34660324816012),
 .UNSPECIFIED.);
#91=B_SPLINE_CURVE_WITH_KNOTS('',3,(#2603,#2604,#2605,#2606,#2607,#2608),
 .UNSPECIFIED.,.F.,.F.,(4,2,4),(9.66345773903686,9.77807642236477,9.91376216793086),
 .UNSPECIFIED.);
#92=B_SPLINE_CURVE_WITH_KNOTS('',3,(#2614,#2615,#2616,#2617),
 .UNSPECIFIED.,.F.,.F.,(4,4),(3.28070607483058,3.50728826737529),
 .UNSPECIFIED.);
#93=B_SPLINE_CURVE_WITH_KNOTS('',3,(#2623,#2624,#2625,#2626,#2627,#2628),
 .UNSPECIFIED.,.F.,.F.,(4,2,4),(30.3695732332836,30.506117858077,30.5795168727145),
 .UNSPECIFIED.);
#94=B_SPLINE_CURVE_WITH_KNOTS('',3,(#2633,#2634,#2635,#2636),
 .UNSPECIFIED.,.F.,.F.,(4,4),(4.932192392224,5.17564045127943),
 .UNSPECIFIED.);
#95=B_SPLINE_CURVE_WITH_KNOTS('',3,(#2690,#2691,#2692,#2693,#2694,#2695,
#2696,#2697,#2698,#2699,#2700,#2701,#2702,#2703,#2704,#2705),
 .UNSPECIFIED.,.F.,.F.,(4,2,2,2,2,2,2,4),(0.,0.86743278519401,1.30114917779102,
1.73486557038802,2.29850299156316,2.86214041273831,3.85783556690469,4.12375551830807),
 .UNSPECIFIED.);
#96=B_SPLINE_CURVE_WITH_KNOTS('',3,(#2707,#2708,#2709,#2710,#2711,#2712,
#2713,#2714),.UNSPECIFIED.,.F.,.F.,(4,2,2,4),(2.84874361954816,3.18542977128774,
3.59076446726836,4.22598201748356),.UNSPECIFIED.);
#97=B_SPLINE_CURVE_WITH_KNOTS('',3,(#2718,#2719,#2720,#2721),
 .UNSPECIFIED.,.F.,.F.,(4,4),(0.,0.2815283839816),.UNSPECIFIED.);
#98=B_SPLINE_CURVE_WITH_KNOTS('',3,(#2723,#2724,#2725,#2726,#2727,#2728,
#2729,#2730,#2731,#2732,#2733,#2734,#2735,#2736,#2737),.UNSPECIFIED.,.F.,
 .F.,(4,2,2,3,2,2,4),(26.982517997961,27.430680133332,28.1896372003054,
28.9485942672789,29.7075513342524,30.4665084012259,30.914670536597),
 .UNSPECIFIED.);
#99=B_SPLINE_CURVE_WITH_KNOTS('',3,(#2739,#2740,#2741,#2742),
 .UNSPECIFIED.,.F.,.F.,(4,4),(3.90115079842682,4.22598201748636),
 .UNSPECIFIED.);
#100=B_SPLINE_CURVE_WITH_KNOTS('',3,(#2770,#2771,#2772,#2773,#2774,#2775,
#2776,#2777,#2778,#2779,#2780,#2781,#2782,#2783,#2784,#2785),
 .UNSPECIFIED.,.F.,.F.,(4,2,2,2,2,2,2,4),(31.3880248305751,31.6539447823148,
32.6496399364812,33.2132773576564,33.7769147788315,34.2106311714285,34.6443475640255,
35.5117803492195),.UNSPECIFIED.);
#101=B_SPLINE_CURVE_WITH_KNOTS('',3,(#2789,#2790,#2791,#2792,#2793,#2794,
#2795,#2796,#2797,#2798,#2799,#2800,#2801,#2802,#2803,#2804),
 .UNSPECIFIED.,.F.,.F.,(4,2,2,2,2,2,2,4),(0.,0.86743278519401,1.30114917779102,
1.73486557038802,2.29850299156316,2.86214041273831,3.85783556690469,4.12375551830807),
 .UNSPECIFIED.);
#102=B_SPLINE_CURVE_WITH_KNOTS('',3,(#2806,#2807,#2808,#2809,#2810,#2811,
#2812,#2813),.UNSPECIFIED.,.F.,.F.,(4,2,2,4),(2.84874361954594,3.18542977128488,
3.59076446726465,4.22598201747834),.UNSPECIFIED.);
#103=B_SPLINE_CURVE_WITH_KNOTS('',3,(#2817,#2818,#2819,#2820),
 .UNSPECIFIED.,.F.,.F.,(4,4),(0.,0.281528383981515),.UNSPECIFIED.);
#104=B_SPLINE_CURVE_WITH_KNOTS('',3,(#2822,#2823,#2824,#2825,#2826,#2827,
#2828,#2829,#2830,#2831,#2832,#2833,#2834,#2835,#2836),.UNSPECIFIED.,.F.,
 .F.,(4,2,2,3,2,2,4),(26.9825179979609,27.430680133332,28.1896372003054,
28.9485942672789,29.7075513342524,30.4665084012259,30.9146705365969),
 .UNSPECIFIED.);
#105=B_SPLINE_CURVE_WITH_KNOTS('',3,(#2838,#2839,#2840,#2841),
 .UNSPECIFIED.,.F.,.F.,(4,4),(3.90115079842348,4.22598201748287),
 .UNSPECIFIED.);
#106=B_SPLINE_CURVE_WITH_KNOTS('',3,(#2844,#2845,#2846,#2847,#2848,#2849,
#2850,#2851),.UNSPECIFIED.,.F.,.F.,(4,2,2,4),(0.,0.381538498149041,0.845715770942251,
1.19459137848974),.UNSPECIFIED.);
#107=B_SPLINE_CURVE_WITH_KNOTS('',3,(#2899,#2900,#2901,#2902,#2903,#2904,
#2905,#2906),.UNSPECIFIED.,.F.,.F.,(4,2,1,1,4),(-0.00400081468474596,0.,
1.33139806862022,1.99709710293033,3.32849517155054),.UNSPECIFIED.);
#108=PLANE('',#1616);
#109=PLANE('',#1617);
#110=PLANE('',#1618);
#111=PLANE('',#1619);
#112=PLANE('',#1620);
#113=PLANE('',#1621);
#114=PLANE('',#1622);
#115=PLANE('',#1624);
#116=PLANE('',#1625);
#117=PLANE('',#1626);
#118=PLANE('',#1627);
#119=PLANE('',#1628);
#120=PLANE('',#1629);
#121=PLANE('',#1630);
#122=PLANE('',#1632);
#123=PLANE('',#1633);
#124=PLANE('',#1634);
#125=PLANE('',#1635);
#126=PLANE('',#1636);
#127=PLANE('',#1637);
#128=PLANE('',#1638);
#129=PLANE('',#1639);
#130=PLANE('',#1640);
#131=PLANE('',#1641);
#132=PLANE('',#1642);
#133=PLANE('',#1643);
#134=PLANE('',#1644);
#135=PLANE('',#1645);
#136=PLANE('',#1647);
#137=PLANE('',#1648);
#138=PLANE('',#1649);
#139=PLANE('',#1650);
#140=PLANE('',#1651);
#141=PLANE('',#1652);
#142=PLANE('',#1653);
#143=PLANE('',#1654);
#144=PLANE('',#1655);
#145=PLANE('',#1656);
#146=PLANE('',#1657);
#147=PLANE('',#1658);
#148=PLANE('',#1659);
#149=PLANE('',#1660);
#150=PLANE('',#1662);
#151=PLANE('',#1663);
#152=PLANE('',#1664);
#153=PLANE('',#1665);
#154=PLANE('',#1666);
#155=PLANE('',#1667);
#156=PLANE('',#1668);
#157=PLANE('',#1670);
#158=PLANE('',#1671);
#159=PLANE('',#1672);
#160=PLANE('',#1673);
#161=PLANE('',#1674);
#162=PLANE('',#1675);
#163=PLANE('',#1676);
#164=PLANE('',#1703);
#165=PLANE('',#1707);
#166=PLANE('',#1713);
#167=PLANE('',#1714);
#168=PLANE('',#1721);
#169=PLANE('',#1724);
#170=PLANE('',#1726);
#171=PLANE('',#1727);
#172=PLANE('',#1728);
#173=PLANE('',#1731);
#174=FACE_OUTER_BOUND('',#261,.T.);
#175=FACE_OUTER_BOUND('',#262,.T.);
#176=FACE_OUTER_BOUND('',#263,.T.);
#177=FACE_OUTER_BOUND('',#264,.T.);
#178=FACE_OUTER_BOUND('',#265,.T.);
#179=FACE_OUTER_BOUND('',#266,.T.);
#180=FACE_OUTER_BOUND('',#267,.T.);
#181=FACE_OUTER_BOUND('',#268,.T.);
#182=FACE_OUTER_BOUND('',#269,.T.);
#183=FACE_OUTER_BOUND('',#270,.T.);
#184=FACE_OUTER_BOUND('',#271,.T.);
#185=FACE_OUTER_BOUND('',#273,.T.);
#186=FACE_OUTER_BOUND('',#274,.T.);
#187=FACE_OUTER_BOUND('',#275,.T.);
#188=FACE_OUTER_BOUND('',#276,.T.);
#189=FACE_OUTER_BOUND('',#277,.T.);
#190=FACE_OUTER_BOUND('',#278,.T.);
#191=FACE_OUTER_BOUND('',#279,.T.);
#192=FACE_OUTER_BOUND('',#281,.T.);
#193=FACE_OUTER_BOUND('',#282,.T.);
#194=FACE_OUTER_BOUND('',#283,.T.);
#195=FACE_OUTER_BOUND('',#284,.T.);
#196=FACE_OUTER_BOUND('',#285,.T.);
#197=FACE_OUTER_BOUND('',#286,.T.);
#198=FACE_OUTER_BOUND('',#287,.T.);
#199=FACE_OUTER_BOUND('',#289,.T.);
#200=FACE_OUTER_BOUND('',#290,.T.);
#201=FACE_OUTER_BOUND('',#291,.T.);
#202=FACE_OUTER_BOUND('',#292,.T.);
#203=FACE_OUTER_BOUND('',#293,.T.);
#204=FACE_OUTER_BOUND('',#294,.T.);
#205=FACE_OUTER_BOUND('',#295,.T.);
#206=FACE_OUTER_BOUND('',#297,.T.);
#207=FACE_OUTER_BOUND('',#298,.T.);
#208=FACE_OUTER_BOUND('',#299,.T.);
#209=FACE_OUTER_BOUND('',#300,.T.);
#210=FACE_OUTER_BOUND('',#301,.T.);
#211=FACE_OUTER_BOUND('',#302,.T.);
#212=FACE_OUTER_BOUND('',#303,.T.);
#213=FACE_OUTER_BOUND('',#305,.T.);
#214=FACE_OUTER_BOUND('',#306,.T.);
#215=FACE_OUTER_BOUND('',#307,.T.);
#216=FACE_OUTER_BOUND('',#308,.T.);
#217=FACE_OUTER_BOUND('',#309,.T.);
#218=FACE_OUTER_BOUND('',#310,.T.);
#219=FACE_OUTER_BOUND('',#311,.T.);
#220=FACE_OUTER_BOUND('',#313,.T.);
#221=FACE_OUTER_BOUND('',#314,.T.);
#222=FACE_OUTER_BOUND('',#315,.T.);
#223=FACE_OUTER_BOUND('',#316,.T.);
#224=FACE_OUTER_BOUND('',#317,.T.);
#225=FACE_OUTER_BOUND('',#318,.T.);
#226=FACE_OUTER_BOUND('',#319,.T.);
#227=FACE_OUTER_BOUND('',#321,.T.);
#228=FACE_OUTER_BOUND('',#322,.T.);
#229=FACE_OUTER_BOUND('',#323,.T.);
#230=FACE_OUTER_BOUND('',#324,.T.);
#231=FACE_OUTER_BOUND('',#325,.T.);
#232=FACE_OUTER_BOUND('',#326,.T.);
#233=FACE_OUTER_BOUND('',#327,.T.);
#234=FACE_OUTER_BOUND('',#329,.T.);
#235=FACE_OUTER_BOUND('',#330,.T.);
#236=FACE_OUTER_BOUND('',#334,.T.);
#237=FACE_OUTER_BOUND('',#335,.T.);
#238=FACE_OUTER_BOUND('',#336,.T.);
#239=FACE_OUTER_BOUND('',#337,.T.);
#240=FACE_OUTER_BOUND('',#338,.T.);
#241=FACE_OUTER_BOUND('',#339,.T.);
#242=FACE_OUTER_BOUND('',#340,.T.);
#243=FACE_OUTER_BOUND('',#345,.T.);
#244=FACE_OUTER_BOUND('',#346,.T.);
#245=FACE_OUTER_BOUND('',#347,.T.);
#246=FACE_OUTER_BOUND('',#348,.T.);
#247=FACE_OUTER_BOUND('',#349,.T.);
#248=FACE_OUTER_BOUND('',#350,.T.);
#249=FACE_OUTER_BOUND('',#351,.T.);
#250=FACE_OUTER_BOUND('',#352,.T.);
#251=FACE_OUTER_BOUND('',#362,.T.);
#252=FACE_OUTER_BOUND('',#363,.T.);
#253=FACE_OUTER_BOUND('',#364,.T.);
#254=FACE_OUTER_BOUND('',#365,.T.);
#255=FACE_OUTER_BOUND('',#366,.T.);
#256=FACE_OUTER_BOUND('',#367,.T.);
#257=FACE_OUTER_BOUND('',#368,.T.);
#258=FACE_OUTER_BOUND('',#369,.T.);
#259=FACE_OUTER_BOUND('',#370,.T.);
#260=FACE_OUTER_BOUND('',#371,.T.);
#261=EDGE_LOOP('',(#1041,#1042,#1043,#1044));
#262=EDGE_LOOP('',(#1045,#1046,#1047,#1048));
#263=EDGE_LOOP('',(#1049,#1050,#1051,#1052));
#264=EDGE_LOOP('',(#1053,#1054,#1055,#1056));
#265=EDGE_LOOP('',(#1057,#1058,#1059,#1060));
#266=EDGE_LOOP('',(#1061,#1062,#1063,#1064));
#267=EDGE_LOOP('',(#1065,#1066,#1067,#1068,#1069));
#268=EDGE_LOOP('',(#1070,#1071,#1072,#1073));
#269=EDGE_LOOP('',(#1074,#1075,#1076,#1077));
#270=EDGE_LOOP('',(#1078,#1079,#1080,#1081,#1082));
#271=EDGE_LOOP('',(#1083,#1084,#1085,#1086,#1087,#1088));
#272=EDGE_LOOP('',(#1089));
#273=EDGE_LOOP('',(#1090,#1091,#1092,#1093));
#274=EDGE_LOOP('',(#1094,#1095,#1096,#1097));
#275=EDGE_LOOP('',(#1098,#1099,#1100,#1101));
#276=EDGE_LOOP('',(#1102,#1103,#1104,#1105));
#277=EDGE_LOOP('',(#1106,#1107,#1108,#1109));
#278=EDGE_LOOP('',(#1110,#1111,#1112,#1113));
#279=EDGE_LOOP('',(#1114,#1115,#1116,#1117,#1118,#1119));
#280=EDGE_LOOP('',(#1120));
#281=EDGE_LOOP('',(#1121,#1122,#1123,#1124));
#282=EDGE_LOOP('',(#1125,#1126,#1127,#1128));
#283=EDGE_LOOP('',(#1129,#1130,#1131,#1132));
#284=EDGE_LOOP('',(#1133,#1134,#1135,#1136));
#285=EDGE_LOOP('',(#1137,#1138,#1139,#1140));
#286=EDGE_LOOP('',(#1141,#1142,#1143,#1144));
#287=EDGE_LOOP('',(#1145,#1146,#1147,#1148,#1149,#1150));
#288=EDGE_LOOP('',(#1151,#1152));
#289=EDGE_LOOP('',(#1153,#1154,#1155,#1156));
#290=EDGE_LOOP('',(#1157,#1158,#1159,#1160));
#291=EDGE_LOOP('',(#1161,#1162,#1163,#1164));
#292=EDGE_LOOP('',(#1165,#1166,#1167,#1168));
#293=EDGE_LOOP('',(#1169,#1170,#1171,#1172));
#294=EDGE_LOOP('',(#1173,#1174,#1175,#1176));
#295=EDGE_LOOP('',(#1177,#1178,#1179,#1180,#1181,#1182));
#296=EDGE_LOOP('',(#1183));
#297=EDGE_LOOP('',(#1184,#1185,#1186,#1187));
#298=EDGE_LOOP('',(#1188,#1189,#1190,#1191));
#299=EDGE_LOOP('',(#1192,#1193,#1194,#1195));
#300=EDGE_LOOP('',(#1196,#1197,#1198,#1199));
#301=EDGE_LOOP('',(#1200,#1201,#1202,#1203));
#302=EDGE_LOOP('',(#1204,#1205,#1206,#1207));
#303=EDGE_LOOP('',(#1208,#1209,#1210,#1211,#1212,#1213));
#304=EDGE_LOOP('',(#1214,#1215));
#305=EDGE_LOOP('',(#1216,#1217,#1218,#1219));
#306=EDGE_LOOP('',(#1220,#1221,#1222,#1223));
#307=EDGE_LOOP('',(#1224,#1225,#1226,#1227));
#308=EDGE_LOOP('',(#1228,#1229,#1230,#1231));
#309=EDGE_LOOP('',(#1232,#1233,#1234,#1235));
#310=EDGE_LOOP('',(#1236,#1237,#1238,#1239));
#311=EDGE_LOOP('',(#1240,#1241,#1242,#1243,#1244,#1245));
#312=EDGE_LOOP('',(#1246));
#313=EDGE_LOOP('',(#1247,#1248,#1249,#1250));
#314=EDGE_LOOP('',(#1251,#1252,#1253,#1254));
#315=EDGE_LOOP('',(#1255,#1256,#1257,#1258));
#316=EDGE_LOOP('',(#1259,#1260,#1261,#1262));
#317=EDGE_LOOP('',(#1263,#1264,#1265,#1266));
#318=EDGE_LOOP('',(#1267,#1268,#1269,#1270));
#319=EDGE_LOOP('',(#1271,#1272,#1273,#1274,#1275,#1276));
#320=EDGE_LOOP('',(#1277));
#321=EDGE_LOOP('',(#1278,#1279,#1280,#1281));
#322=EDGE_LOOP('',(#1282,#1283,#1284,#1285));
#323=EDGE_LOOP('',(#1286,#1287,#1288,#1289));
#324=EDGE_LOOP('',(#1290,#1291,#1292,#1293));
#325=EDGE_LOOP('',(#1294,#1295,#1296,#1297));
#326=EDGE_LOOP('',(#1298,#1299,#1300,#1301));
#327=EDGE_LOOP('',(#1302,#1303,#1304,#1305,#1306,#1307));
#328=EDGE_LOOP('',(#1308));
#329=EDGE_LOOP('',(#1309,#1310,#1311,#1312,#1313,#1314,#1315,#1316,#1317));
#330=EDGE_LOOP('',(#1318,#1319,#1320,#1321,#1322,#1323,#1324,#1325,#1326,
#1327,#1328,#1329,#1330,#1331));
#331=EDGE_LOOP('',(#1332,#1333,#1334,#1335,#1336,#1337));
#332=EDGE_LOOP('',(#1338,#1339,#1340,#1341,#1342,#1343));
#333=EDGE_LOOP('',(#1344,#1345,#1346,#1347,#1348,#1349));
#334=EDGE_LOOP('',(#1350,#1351,#1352,#1353));
#335=EDGE_LOOP('',(#1354,#1355,#1356,#1357));
#336=EDGE_LOOP('',(#1358,#1359,#1360,#1361));
#337=EDGE_LOOP('',(#1362,#1363,#1364,#1365));
#338=EDGE_LOOP('',(#1366,#1367,#1368,#1369));
#339=EDGE_LOOP('',(#1370,#1371,#1372,#1373));
#340=EDGE_LOOP('',(#1374,#1375,#1376,#1377,#1378,#1379,#1380,#1381,#1382,
#1383));
#341=EDGE_LOOP('',(#1384,#1385,#1386,#1387,#1388,#1389));
#342=EDGE_LOOP('',(#1390,#1391,#1392,#1393,#1394,#1395));
#343=EDGE_LOOP('',(#1396,#1397,#1398,#1399,#1400,#1401));
#344=EDGE_LOOP('',(#1402,#1403,#1404,#1405,#1406,#1407));
#345=EDGE_LOOP('',(#1408,#1409));
#346=EDGE_LOOP('',(#1410,#1411,#1412));
#347=EDGE_LOOP('',(#1413,#1414,#1415,#1416));
#348=EDGE_LOOP('',(#1417,#1418));
#349=EDGE_LOOP('',(#1419,#1420,#1421));
#350=EDGE_LOOP('',(#1422,#1423,#1424,#1425,#1426,#1427));
#351=EDGE_LOOP('',(#1428,#1429,#1430,#1431));
#352=EDGE_LOOP('',(#1432,#1433,#1434,#1435,#1436,#1437,#1438,#1439));
#353=EDGE_LOOP('',(#1440,#1441));
#354=EDGE_LOOP('',(#1442,#1443));
#355=EDGE_LOOP('',(#1444));
#356=EDGE_LOOP('',(#1445));
#357=EDGE_LOOP('',(#1446));
#358=EDGE_LOOP('',(#1447));
#359=EDGE_LOOP('',(#1448));
#360=EDGE_LOOP('',(#1449));
#361=EDGE_LOOP('',(#1450));
#362=EDGE_LOOP('',(#1451,#1452,#1453,#1454,#1455,#1456));
#363=EDGE_LOOP('',(#1457,#1458,#1459,#1460,#1461));
#364=EDGE_LOOP('',(#1462,#1463,#1464,#1465,#1466,#1467));
#365=EDGE_LOOP('',(#1468,#1469,#1470,#1471));
#366=EDGE_LOOP('',(#1472,#1473,#1474,#1475,#1476,#1477));
#367=EDGE_LOOP('',(#1478,#1479,#1480,#1481,#1482,#1483,#1484));
#368=EDGE_LOOP('',(#1485,#1486));
#369=EDGE_LOOP('',(#1487,#1488));
#370=EDGE_LOOP('',(#1489,#1490,#1491,#1492));
#371=EDGE_LOOP('',(#1493,#1494,#1495,#1496,#1497));
#372=EDGE_LOOP('',(#1498));
#373=CIRCLE('',#1605,1.2);
#374=CIRCLE('',#1606,1.2);
#375=CIRCLE('',#1608,1.2);
#376=CIRCLE('',#1609,1.2);
#377=CIRCLE('',#1611,1.2);
#378=CIRCLE('',#1612,1.2);
#379=CIRCLE('',#1614,1.2);
#380=CIRCLE('',#1615,1.2);
#381=CIRCLE('',#1623,1.6);
#382=CIRCLE('',#1631,1.2);
#383=CIRCLE('',#1646,1.6);
#384=CIRCLE('',#1661,1.6);
#385=CIRCLE('',#1669,1.6);
#386=CIRCLE('',#1677,1.2);
#387=CIRCLE('',#1678,25.);
#388=CIRCLE('',#1679,15.);
#389=CIRCLE('',#1680,25.);
#390=CIRCLE('',#1681,36.);
#391=CIRCLE('',#1682,25.);
#392=CIRCLE('',#1684,36.);
#393=CIRCLE('',#1685,59.685438564654);
#394=CIRCLE('',#1686,59.685438564654);
#395=CIRCLE('',#1688,1.6);
#396=CIRCLE('',#1690,1.6);
#397=CIRCLE('',#1692,1.6);
#398=CIRCLE('',#1694,1.6);
#399=CIRCLE('',#1696,1.2);
#400=CIRCLE('',#1698,1.2);
#401=CIRCLE('',#1700,36.);
#402=CIRCLE('',#1701,59.685438564654);
#403=CIRCLE('',#1702,59.685438564654);
#404=CIRCLE('',#1704,15.);
#405=CIRCLE('',#1705,25.);
#406=CIRCLE('',#1706,36.);
#407=CIRCLE('',#1708,15.);
#408=CIRCLE('',#1710,36.);
#409=CIRCLE('',#1712,15.);
#410=CIRCLE('',#1715,15.);
#411=CIRCLE('',#1716,15.);
#412=CIRCLE('',#1717,15.);
#413=CIRCLE('',#1718,34.5);
#414=CIRCLE('',#1720,15.);
#415=CIRCLE('',#1723,15.);
#416=CIRCLE('',#1730,34.5);
#417=LINE('',#2116,#539);
#418=LINE('',#2120,#540);
#419=LINE('',#2127,#541);
#420=LINE('',#2130,#542);
#421=LINE('',#2145,#543);
#422=LINE('',#2147,#544);
#423=LINE('',#2148,#545);
#424=LINE('',#2156,#546);
#425=LINE('',#2157,#547);
#426=LINE('',#2165,#548);
#427=LINE('',#2167,#549);
#428=LINE('',#2181,#550);
#429=LINE('',#2182,#551);
#430=LINE('',#2190,#552);
#431=LINE('',#2191,#553);
#432=LINE('',#2202,#554);
#433=LINE('',#2214,#555);
#434=LINE('',#2216,#556);
#435=LINE('',#2217,#557);
#436=LINE('',#2227,#558);
#437=LINE('',#2228,#559);
#438=LINE('',#2236,#560);
#439=LINE('',#2237,#561);
#440=LINE('',#2247,#562);
#441=LINE('',#2248,#563);
#442=LINE('',#2256,#564);
#443=LINE('',#2257,#565);
#444=LINE('',#2265,#566);
#445=LINE('',#2279,#567);
#446=LINE('',#2281,#568);
#447=LINE('',#2282,#569);
#448=LINE('',#2290,#570);
#449=LINE('',#2291,#571);
#450=LINE('',#2301,#572);
#451=LINE('',#2302,#573);
#452=LINE('',#2310,#574);
#453=LINE('',#2311,#575);
#454=LINE('',#2321,#576);
#455=LINE('',#2322,#577);
#456=LINE('',#2328,#578);
#457=LINE('',#2338,#579);
#458=LINE('',#2340,#580);
#459=LINE('',#2341,#581);
#460=LINE('',#2349,#582);
#461=LINE('',#2350,#583);
#462=LINE('',#2358,#584);
#463=LINE('',#2359,#585);
#464=LINE('',#2369,#586);
#465=LINE('',#2370,#587);
#466=LINE('',#2378,#588);
#467=LINE('',#2379,#589);
#468=LINE('',#2387,#590);
#469=LINE('',#2401,#591);
#470=LINE('',#2403,#592);
#471=LINE('',#2404,#593);
#472=LINE('',#2414,#594);
#473=LINE('',#2415,#595);
#474=LINE('',#2423,#596);
#475=LINE('',#2424,#597);
#476=LINE('',#2434,#598);
#477=LINE('',#2435,#599);
#478=LINE('',#2443,#600);
#479=LINE('',#2444,#601);
#480=LINE('',#2452,#602);
#481=LINE('',#2462,#603);
#482=LINE('',#2464,#604);
#483=LINE('',#2465,#605);
#484=LINE('',#2473,#606);
#485=LINE('',#2474,#607);
#486=LINE('',#2484,#608);
#487=LINE('',#2485,#609);
#488=LINE('',#2493,#610);
#489=LINE('',#2494,#611);
#490=LINE('',#2504,#612);
#491=LINE('',#2505,#613);
#492=LINE('',#2511,#614);
#493=LINE('',#2525,#615);
#494=LINE('',#2527,#616);
#495=LINE('',#2528,#617);
#496=LINE('',#2536,#618);
#497=LINE('',#2537,#619);
#498=LINE('',#2547,#620);
#499=LINE('',#2548,#621);
#500=LINE('',#2556,#622);
#501=LINE('',#2557,#623);
#502=LINE('',#2565,#624);
#503=LINE('',#2566,#625);
#504=LINE('',#2572,#626);
#505=LINE('',#2586,#627);
#506=LINE('',#2588,#628);
#507=LINE('',#2589,#629);
#508=LINE('',#2599,#630);
#509=LINE('',#2600,#631);
#510=LINE('',#2610,#632);
#511=LINE('',#2611,#633);
#512=LINE('',#2619,#634);
#513=LINE('',#2620,#635);
#514=LINE('',#2630,#636);
#515=LINE('',#2631,#637);
#516=LINE('',#2637,#638);
#517=LINE('',#2747,#639);
#518=LINE('',#2751,#640);
#519=LINE('',#2755,#641);
#520=LINE('',#2759,#642);
#521=LINE('',#2763,#643);
#522=LINE('',#2767,#644);
#523=LINE('',#2898,#645);
#524=LINE('',#2931,#646);
#525=LINE('',#2936,#647);
#526=LINE('',#2940,#648);
#527=LINE('',#2943,#649);
#528=LINE('',#2946,#650);
#529=LINE('',#2947,#651);
#530=LINE('',#2950,#652);
#531=LINE('',#2954,#653);
#532=LINE('',#2958,#654);
#533=LINE('',#2964,#655);
#534=LINE('',#2966,#656);
#535=LINE('',#2969,#657);
#536=LINE('',#2971,#658);
#537=LINE('',#2973,#659);
#538=LINE('',#2980,#660);
#539=VECTOR('',#1736,10.);
#540=VECTOR('',#1739,10.);
#541=VECTOR('',#1746,10.);
#542=VECTOR('',#1749,10.);
#543=VECTOR('',#1764,10.);
#544=VECTOR('',#1765,10.);
#545=VECTOR('',#1766,10.);
#546=VECTOR('',#1769,10.);
#547=VECTOR('',#1770,10.);
#548=VECTOR('',#1773,10.);
#549=VECTOR('',#1774,10.);
#550=VECTOR('',#1777,10.);
#551=VECTOR('',#1778,10.);
#552=VECTOR('',#1781,10.);
#553=VECTOR('',#1782,10.);
#554=VECTOR('',#1785,10.);
#555=VECTOR('',#1792,10.);
#556=VECTOR('',#1793,10.);
#557=VECTOR('',#1794,10.);
#558=VECTOR('',#1797,10.);
#559=VECTOR('',#1798,10.);
#560=VECTOR('',#1801,10.);
#561=VECTOR('',#1802,10.);
#562=VECTOR('',#1805,10.);
#563=VECTOR('',#1806,10.);
#564=VECTOR('',#1809,10.);
#565=VECTOR('',#1810,10.);
#566=VECTOR('',#1813,10.);
#567=VECTOR('',#1820,10.);
#568=VECTOR('',#1821,10.);
#569=VECTOR('',#1822,10.);
#570=VECTOR('',#1825,10.);
#571=VECTOR('',#1826,10.);
#572=VECTOR('',#1829,10.);
#573=VECTOR('',#1830,10.);
#574=VECTOR('',#1833,10.);
#575=VECTOR('',#1834,10.);
#576=VECTOR('',#1837,10.);
#577=VECTOR('',#1838,10.);
#578=VECTOR('',#1841,10.);
#579=VECTOR('',#1846,10.);
#580=VECTOR('',#1847,10.);
#581=VECTOR('',#1848,10.);
#582=VECTOR('',#1851,10.);
#583=VECTOR('',#1852,10.);
#584=VECTOR('',#1855,10.);
#585=VECTOR('',#1856,10.);
#586=VECTOR('',#1859,10.);
#587=VECTOR('',#1860,10.);
#588=VECTOR('',#1863,10.);
#589=VECTOR('',#1864,10.);
#590=VECTOR('',#1867,10.);
#591=VECTOR('',#1874,10.);
#592=VECTOR('',#1875,10.);
#593=VECTOR('',#1876,10.);
#594=VECTOR('',#1879,10.);
#595=VECTOR('',#1880,10.);
#596=VECTOR('',#1883,10.);
#597=VECTOR('',#1884,10.);
#598=VECTOR('',#1887,10.);
#599=VECTOR('',#1888,10.);
#600=VECTOR('',#1891,10.);
#601=VECTOR('',#1892,10.);
#602=VECTOR('',#1895,10.);
#603=VECTOR('',#1900,10.);
#604=VECTOR('',#1901,10.);
#605=VECTOR('',#1902,10.);
#606=VECTOR('',#1905,10.);
#607=VECTOR('',#1906,10.);
#608=VECTOR('',#1909,10.);
#609=VECTOR('',#1910,10.);
#610=VECTOR('',#1913,10.);
#611=VECTOR('',#1914,10.);
#612=VECTOR('',#1917,10.);
#613=VECTOR('',#1918,10.);
#614=VECTOR('',#1921,10.);
#615=VECTOR('',#1928,10.);
#616=VECTOR('',#1929,10.);
#617=VECTOR('',#1930,10.);
#618=VECTOR('',#1933,10.);
#619=VECTOR('',#1934,10.);
#620=VECTOR('',#1937,10.);
#621=VECTOR('',#1938,10.);
#622=VECTOR('',#1941,10.);
#623=VECTOR('',#1942,10.);
#624=VECTOR('',#1945,10.);
#625=VECTOR('',#1946,10.);
#626=VECTOR('',#1949,10.);
#627=VECTOR('',#1956,10.);
#628=VECTOR('',#1957,10.);
#629=VECTOR('',#1958,10.);
#630=VECTOR('',#1961,10.);
#631=VECTOR('',#1962,10.);
#632=VECTOR('',#1965,10.);
#633=VECTOR('',#1966,10.);
#634=VECTOR('',#1969,10.);
#635=VECTOR('',#1970,10.);
#636=VECTOR('',#1973,10.);
#637=VECTOR('',#1974,10.);
#638=VECTOR('',#1977,10.);
#639=VECTOR('',#2004,1.6);
#640=VECTOR('',#2009,1.6);
#641=VECTOR('',#2014,1.6);
#642=VECTOR('',#2019,1.6);
#643=VECTOR('',#2024,1.2);
#644=VECTOR('',#2029,1.2);
#645=VECTOR('',#2044,10.);
#646=VECTOR('',#2045,10.);
#647=VECTOR('',#2054,10.);
#648=VECTOR('',#2059,10.);
#649=VECTOR('',#2062,10.);
#650=VECTOR('',#2065,10.);
#651=VECTOR('',#2066,10.);
#652=VECTOR('',#2069,10.);
#653=VECTOR('',#2072,10.);
#654=VECTOR('',#2075,10.);
#655=VECTOR('',#2084,10.);
#656=VECTOR('',#2087,10.);
#657=VECTOR('',#2092,10.);
#658=VECTOR('',#2095,10.);
#659=VECTOR('',#2098,10.);
#660=VECTOR('',#2109,34.5);
#661=VERTEX_POINT('',#2114);
#662=VERTEX_POINT('',#2115);
#663=VERTEX_POINT('',#2117);
#664=VERTEX_POINT('',#2119);
#665=VERTEX_POINT('',#2123);
#666=VERTEX_POINT('',#2124);
#667=VERTEX_POINT('',#2126);
#668=VERTEX_POINT('',#2128);
#669=VERTEX_POINT('',#2138);
#670=VERTEX_POINT('',#2139);
#671=VERTEX_POINT('',#2144);
#672=VERTEX_POINT('',#2146);
#673=VERTEX_POINT('',#2150);
#674=VERTEX_POINT('',#2155);
#675=VERTEX_POINT('',#2159);
#676=VERTEX_POINT('',#2164);
#677=VERTEX_POINT('',#2166);
#678=VERTEX_POINT('',#2173);
#679=VERTEX_POINT('',#2180);
#680=VERTEX_POINT('',#2184);
#681=VERTEX_POINT('',#2189);
#682=VERTEX_POINT('',#2193);
#683=VERTEX_POINT('',#2204);
#684=VERTEX_POINT('',#2207);
#685=VERTEX_POINT('',#2208);
#686=VERTEX_POINT('',#2213);
#687=VERTEX_POINT('',#2215);
#688=VERTEX_POINT('',#2219);
#689=VERTEX_POINT('',#2226);
#690=VERTEX_POINT('',#2230);
#691=VERTEX_POINT('',#2235);
#692=VERTEX_POINT('',#2239);
#693=VERTEX_POINT('',#2246);
#694=VERTEX_POINT('',#2250);
#695=VERTEX_POINT('',#2255);
#696=VERTEX_POINT('',#2267);
#697=VERTEX_POINT('',#2270);
#698=VERTEX_POINT('',#2271);
#699=VERTEX_POINT('',#2278);
#700=VERTEX_POINT('',#2280);
#701=VERTEX_POINT('',#2284);
#702=VERTEX_POINT('',#2289);
#703=VERTEX_POINT('',#2293);
#704=VERTEX_POINT('',#2300);
#705=VERTEX_POINT('',#2304);
#706=VERTEX_POINT('',#2309);
#707=VERTEX_POINT('',#2313);
#708=VERTEX_POINT('',#2320);
#709=VERTEX_POINT('',#2331);
#710=VERTEX_POINT('',#2332);
#711=VERTEX_POINT('',#2337);
#712=VERTEX_POINT('',#2339);
#713=VERTEX_POINT('',#2343);
#714=VERTEX_POINT('',#2348);
#715=VERTEX_POINT('',#2352);
#716=VERTEX_POINT('',#2357);
#717=VERTEX_POINT('',#2361);
#718=VERTEX_POINT('',#2368);
#719=VERTEX_POINT('',#2372);
#720=VERTEX_POINT('',#2377);
#721=VERTEX_POINT('',#2389);
#722=VERTEX_POINT('',#2392);
#723=VERTEX_POINT('',#2393);
#724=VERTEX_POINT('',#2400);
#725=VERTEX_POINT('',#2402);
#726=VERTEX_POINT('',#2406);
#727=VERTEX_POINT('',#2413);
#728=VERTEX_POINT('',#2417);
#729=VERTEX_POINT('',#2422);
#730=VERTEX_POINT('',#2426);
#731=VERTEX_POINT('',#2433);
#732=VERTEX_POINT('',#2437);
#733=VERTEX_POINT('',#2442);
#734=VERTEX_POINT('',#2455);
#735=VERTEX_POINT('',#2456);
#736=VERTEX_POINT('',#2461);
#737=VERTEX_POINT('',#2463);
#738=VERTEX_POINT('',#2467);
#739=VERTEX_POINT('',#2472);
#740=VERTEX_POINT('',#2476);
#741=VERTEX_POINT('',#2483);
#742=VERTEX_POINT('',#2487);
#743=VERTEX_POINT('',#2492);
#744=VERTEX_POINT('',#2496);
#745=VERTEX_POINT('',#2503);
#746=VERTEX_POINT('',#2513);
#747=VERTEX_POINT('',#2516);
#748=VERTEX_POINT('',#2517);
#749=VERTEX_POINT('',#2524);
#750=VERTEX_POINT('',#2526);
#751=VERTEX_POINT('',#2530);
#752=VERTEX_POINT('',#2535);
#753=VERTEX_POINT('',#2539);
#754=VERTEX_POINT('',#2546);
#755=VERTEX_POINT('',#2550);
#756=VERTEX_POINT('',#2555);
#757=VERTEX_POINT('',#2559);
#758=VERTEX_POINT('',#2564);
#759=VERTEX_POINT('',#2574);
#760=VERTEX_POINT('',#2577);
#761=VERTEX_POINT('',#2578);
#762=VERTEX_POINT('',#2585);
#763=VERTEX_POINT('',#2587);
#764=VERTEX_POINT('',#2591);
#765=VERTEX_POINT('',#2598);
#766=VERTEX_POINT('',#2602);
#767=VERTEX_POINT('',#2609);
#768=VERTEX_POINT('',#2613);
#769=VERTEX_POINT('',#2618);
#770=VERTEX_POINT('',#2622);
#771=VERTEX_POINT('',#2629);
#772=VERTEX_POINT('',#2639);
#773=VERTEX_POINT('',#2677);
#774=VERTEX_POINT('',#2679);
#775=VERTEX_POINT('',#2681);
#776=VERTEX_POINT('',#2683);
#777=VERTEX_POINT('',#2687);
#778=VERTEX_POINT('',#2689);
#779=VERTEX_POINT('',#2706);
#780=VERTEX_POINT('',#2715);
#781=VERTEX_POINT('',#2717);
#782=VERTEX_POINT('',#2722);
#783=VERTEX_POINT('',#2738);
#784=VERTEX_POINT('',#2745);
#785=VERTEX_POINT('',#2749);
#786=VERTEX_POINT('',#2753);
#787=VERTEX_POINT('',#2757);
#788=VERTEX_POINT('',#2761);
#789=VERTEX_POINT('',#2765);
#790=VERTEX_POINT('',#2769);
#791=VERTEX_POINT('',#2786);
#792=VERTEX_POINT('',#2788);
#793=VERTEX_POINT('',#2805);
#794=VERTEX_POINT('',#2814);
#795=VERTEX_POINT('',#2816);
#796=VERTEX_POINT('',#2821);
#797=VERTEX_POINT('',#2837);
#798=VERTEX_POINT('',#2842);
#799=VERTEX_POINT('',#2894);
#800=VERTEX_POINT('',#2895);
#801=VERTEX_POINT('',#2897);
#802=VERTEX_POINT('',#2939);
#803=VERTEX_POINT('',#2941);
#804=VERTEX_POINT('',#2945);
#805=VERTEX_POINT('',#2949);
#806=VERTEX_POINT('',#2951);
#807=VERTEX_POINT('',#2953);
#808=VERTEX_POINT('',#2955);
#809=VERTEX_POINT('',#2957);
#810=VERTEX_POINT('',#2960);
#811=VERTEX_POINT('',#2978);
#812=EDGE_CURVE('',#661,#662,#417,.T.);
#813=EDGE_CURVE('',#662,#663,#373,.T.);
#814=EDGE_CURVE('',#663,#664,#418,.T.);
#815=EDGE_CURVE('',#661,#664,#374,.T.);
#816=EDGE_CURVE('',#665,#666,#375,.T.);
#817=EDGE_CURVE('',#667,#666,#419,.T.);
#818=EDGE_CURVE('',#668,#667,#376,.T.);
#819=EDGE_CURVE('',#665,#668,#420,.T.);
#820=EDGE_CURVE('',#663,#662,#377,.T.);
#821=EDGE_CURVE('',#664,#661,#378,.T.);
#822=EDGE_CURVE('',#667,#668,#379,.T.);
#823=EDGE_CURVE('',#666,#665,#380,.T.);
#824=EDGE_CURVE('',#669,#670,#45,.T.);
#825=EDGE_CURVE('',#671,#669,#421,.T.);
#826=EDGE_CURVE('',#672,#671,#422,.T.);
#827=EDGE_CURVE('',#672,#670,#423,.T.);
#828=EDGE_CURVE('',#670,#673,#46,.T.);
#829=EDGE_CURVE('',#674,#672,#424,.T.);
#830=EDGE_CURVE('',#674,#673,#425,.T.);
#831=EDGE_CURVE('',#673,#675,#47,.T.);
#832=EDGE_CURVE('',#676,#674,#426,.T.);
#833=EDGE_CURVE('',#676,#677,#427,.T.);
#834=EDGE_CURVE('',#675,#677,#48,.T.);
#835=EDGE_CURVE('',#677,#678,#49,.T.);
#836=EDGE_CURVE('',#679,#676,#428,.T.);
#837=EDGE_CURVE('',#679,#678,#429,.T.);
#838=EDGE_CURVE('',#678,#680,#50,.T.);
#839=EDGE_CURVE('',#681,#679,#430,.T.);
#840=EDGE_CURVE('',#681,#680,#431,.T.);
#841=EDGE_CURVE('',#682,#669,#51,.T.);
#842=EDGE_CURVE('',#680,#682,#52,.T.);
#843=EDGE_CURVE('',#671,#681,#432,.T.);
#844=EDGE_CURVE('',#683,#683,#381,.T.);
#845=EDGE_CURVE('',#684,#685,#53,.T.);
#846=EDGE_CURVE('',#686,#684,#433,.T.);
#847=EDGE_CURVE('',#686,#687,#434,.T.);
#848=EDGE_CURVE('',#687,#685,#435,.T.);
#849=EDGE_CURVE('',#685,#688,#54,.T.);
#850=EDGE_CURVE('',#687,#689,#436,.T.);
#851=EDGE_CURVE('',#689,#688,#437,.T.);
#852=EDGE_CURVE('',#688,#690,#55,.T.);
#853=EDGE_CURVE('',#689,#691,#438,.T.);
#854=EDGE_CURVE('',#691,#690,#439,.T.);
#855=EDGE_CURVE('',#690,#692,#56,.T.);
#856=EDGE_CURVE('',#691,#693,#440,.T.);
#857=EDGE_CURVE('',#693,#692,#441,.T.);
#858=EDGE_CURVE('',#692,#694,#57,.T.);
#859=EDGE_CURVE('',#693,#695,#442,.T.);
#860=EDGE_CURVE('',#695,#694,#443,.T.);
#861=EDGE_CURVE('',#694,#684,#58,.T.);
#862=EDGE_CURVE('',#695,#686,#444,.T.);
#863=EDGE_CURVE('',#696,#696,#382,.T.);
#864=EDGE_CURVE('',#697,#698,#59,.T.);
#865=EDGE_CURVE('',#699,#697,#445,.T.);
#866=EDGE_CURVE('',#700,#699,#446,.T.);
#867=EDGE_CURVE('',#700,#698,#447,.T.);
#868=EDGE_CURVE('',#698,#701,#60,.T.);
#869=EDGE_CURVE('',#702,#700,#448,.T.);
#870=EDGE_CURVE('',#702,#701,#449,.T.);
#871=EDGE_CURVE('',#701,#703,#61,.T.);
#872=EDGE_CURVE('',#704,#702,#450,.T.);
#873=EDGE_CURVE('',#704,#703,#451,.T.);
#874=EDGE_CURVE('',#703,#705,#62,.T.);
#875=EDGE_CURVE('',#706,#704,#452,.T.);
#876=EDGE_CURVE('',#706,#705,#453,.T.);
#877=EDGE_CURVE('',#705,#707,#63,.T.);
#878=EDGE_CURVE('',#708,#706,#454,.T.);
#879=EDGE_CURVE('',#708,#707,#455,.T.);
#880=EDGE_CURVE('',#707,#697,#64,.T.);
#881=EDGE_CURVE('',#699,#708,#456,.T.);
#882=EDGE_CURVE('',#709,#710,#65,.T.);
#883=EDGE_CURVE('',#711,#709,#457,.T.);
#884=EDGE_CURVE('',#711,#712,#458,.T.);
#885=EDGE_CURVE('',#712,#710,#459,.T.);
#886=EDGE_CURVE('',#710,#713,#66,.T.);
#887=EDGE_CURVE('',#712,#714,#460,.T.);
#888=EDGE_CURVE('',#714,#713,#461,.T.);
#889=EDGE_CURVE('',#713,#715,#67,.T.);
#890=EDGE_CURVE('',#714,#716,#462,.T.);
#891=EDGE_CURVE('',#716,#715,#463,.T.);
#892=EDGE_CURVE('',#715,#717,#68,.T.);
#893=EDGE_CURVE('',#716,#718,#464,.T.);
#894=EDGE_CURVE('',#718,#717,#465,.T.);
#895=EDGE_CURVE('',#717,#719,#69,.T.);
#896=EDGE_CURVE('',#718,#720,#466,.T.);
#897=EDGE_CURVE('',#720,#719,#467,.T.);
#898=EDGE_CURVE('',#719,#709,#70,.T.);
#899=EDGE_CURVE('',#720,#711,#468,.T.);
#900=EDGE_CURVE('',#721,#721,#383,.T.);
#901=EDGE_CURVE('',#722,#723,#71,.T.);
#902=EDGE_CURVE('',#724,#722,#469,.T.);
#903=EDGE_CURVE('',#725,#724,#470,.T.);
#904=EDGE_CURVE('',#725,#723,#471,.T.);
#905=EDGE_CURVE('',#723,#726,#72,.T.);
#906=EDGE_CURVE('',#727,#725,#472,.T.);
#907=EDGE_CURVE('',#727,#726,#473,.T.);
#908=EDGE_CURVE('',#726,#728,#73,.T.);
#909=EDGE_CURVE('',#729,#727,#474,.T.);
#910=EDGE_CURVE('',#729,#728,#475,.T.);
#911=EDGE_CURVE('',#728,#730,#74,.T.);
#912=EDGE_CURVE('',#731,#729,#476,.T.);
#913=EDGE_CURVE('',#731,#730,#477,.T.);
#914=EDGE_CURVE('',#730,#732,#75,.T.);
#915=EDGE_CURVE('',#733,#731,#478,.T.);
#916=EDGE_CURVE('',#733,#732,#479,.T.);
#917=EDGE_CURVE('',#732,#722,#76,.T.);
#918=EDGE_CURVE('',#724,#733,#480,.T.);
#919=EDGE_CURVE('',#734,#735,#77,.T.);
#920=EDGE_CURVE('',#736,#734,#481,.T.);
#921=EDGE_CURVE('',#736,#737,#482,.T.);
#922=EDGE_CURVE('',#737,#735,#483,.T.);
#923=EDGE_CURVE('',#735,#738,#78,.T.);
#924=EDGE_CURVE('',#737,#739,#484,.T.);
#925=EDGE_CURVE('',#739,#738,#485,.T.);
#926=EDGE_CURVE('',#738,#740,#79,.T.);
#927=EDGE_CURVE('',#739,#741,#486,.T.);
#928=EDGE_CURVE('',#741,#740,#487,.T.);
#929=EDGE_CURVE('',#740,#742,#80,.T.);
#930=EDGE_CURVE('',#741,#743,#488,.T.);
#931=EDGE_CURVE('',#743,#742,#489,.T.);
#932=EDGE_CURVE('',#742,#744,#81,.T.);
#933=EDGE_CURVE('',#743,#745,#490,.T.);
#934=EDGE_CURVE('',#745,#744,#491,.T.);
#935=EDGE_CURVE('',#744,#734,#82,.T.);
#936=EDGE_CURVE('',#745,#736,#492,.T.);
#937=EDGE_CURVE('',#746,#746,#384,.T.);
#938=EDGE_CURVE('',#747,#748,#83,.T.);
#939=EDGE_CURVE('',#749,#747,#493,.T.);
#940=EDGE_CURVE('',#750,#749,#494,.T.);
#941=EDGE_CURVE('',#750,#748,#495,.T.);
#942=EDGE_CURVE('',#748,#751,#84,.T.);
#943=EDGE_CURVE('',#752,#750,#496,.T.);
#944=EDGE_CURVE('',#752,#751,#497,.T.);
#945=EDGE_CURVE('',#751,#753,#85,.T.);
#946=EDGE_CURVE('',#754,#752,#498,.T.);
#947=EDGE_CURVE('',#754,#753,#499,.T.);
#948=EDGE_CURVE('',#753,#755,#86,.T.);
#949=EDGE_CURVE('',#756,#754,#500,.T.);
#950=EDGE_CURVE('',#756,#755,#501,.T.);
#951=EDGE_CURVE('',#755,#757,#87,.T.);
#952=EDGE_CURVE('',#758,#756,#502,.T.);
#953=EDGE_CURVE('',#758,#757,#503,.T.);
#954=EDGE_CURVE('',#757,#747,#88,.T.);
#955=EDGE_CURVE('',#749,#758,#504,.T.);
#956=EDGE_CURVE('',#759,#759,#385,.T.);
#957=EDGE_CURVE('',#760,#761,#89,.T.);
#958=EDGE_CURVE('',#762,#760,#505,.T.);
#959=EDGE_CURVE('',#762,#763,#506,.T.);
#960=EDGE_CURVE('',#763,#761,#507,.T.);
#961=EDGE_CURVE('',#761,#764,#90,.T.);
#962=EDGE_CURVE('',#763,#765,#508,.T.);
#963=EDGE_CURVE('',#765,#764,#509,.T.);
#964=EDGE_CURVE('',#764,#766,#91,.T.);
#965=EDGE_CURVE('',#765,#767,#510,.T.);
#966=EDGE_CURVE('',#767,#766,#511,.T.);
#967=EDGE_CURVE('',#766,#768,#92,.T.);
#968=EDGE_CURVE('',#767,#769,#512,.T.);
#969=EDGE_CURVE('',#769,#768,#513,.T.);
#970=EDGE_CURVE('',#768,#770,#93,.T.);
#971=EDGE_CURVE('',#769,#771,#514,.T.);
#972=EDGE_CURVE('',#771,#770,#515,.T.);
#973=EDGE_CURVE('',#770,#760,#94,.T.);
#974=EDGE_CURVE('',#771,#762,#516,.T.);
#975=EDGE_CURVE('',#772,#772,#386,.T.);
#976=EDGE_CURVE('',#675,#773,#387,.T.);
#977=EDGE_CURVE('',#774,#773,#388,.T.);
#978=EDGE_CURVE('',#775,#774,#389,.T.);
#979=EDGE_CURVE('',#776,#775,#390,.T.);
#980=EDGE_CURVE('',#776,#682,#391,.T.);
#981=EDGE_CURVE('',#777,#776,#392,.T.);
#982=EDGE_CURVE('',#777,#778,#95,.T.);
#983=EDGE_CURVE('',#778,#779,#96,.T.);
#984=EDGE_CURVE('',#779,#780,#393,.T.);
#985=EDGE_CURVE('',#780,#781,#97,.T.);
#986=EDGE_CURVE('',#782,#781,#98,.F.);
#987=EDGE_CURVE('',#782,#783,#99,.T.);
#988=EDGE_CURVE('',#783,#773,#394,.T.);
#989=EDGE_CURVE('',#784,#784,#395,.T.);
#990=EDGE_CURVE('',#784,#759,#517,.T.);
#991=EDGE_CURVE('',#785,#785,#396,.T.);
#992=EDGE_CURVE('',#785,#683,#518,.T.);
#993=EDGE_CURVE('',#786,#786,#397,.T.);
#994=EDGE_CURVE('',#786,#746,#519,.T.);
#995=EDGE_CURVE('',#787,#787,#398,.T.);
#996=EDGE_CURVE('',#787,#721,#520,.T.);
#997=EDGE_CURVE('',#788,#788,#399,.T.);
#998=EDGE_CURVE('',#788,#772,#521,.T.);
#999=EDGE_CURVE('',#789,#789,#400,.T.);
#1000=EDGE_CURVE('',#789,#696,#522,.T.);
#1001=EDGE_CURVE('',#777,#790,#100,.F.);
#1002=EDGE_CURVE('',#791,#777,#401,.T.);
#1003=EDGE_CURVE('',#791,#792,#101,.T.);
#1004=EDGE_CURVE('',#792,#793,#102,.T.);
#1005=EDGE_CURVE('',#793,#794,#402,.T.);
#1006=EDGE_CURVE('',#795,#794,#103,.F.);
#1007=EDGE_CURVE('',#795,#796,#104,.T.);
#1008=EDGE_CURVE('',#797,#796,#105,.F.);
#1009=EDGE_CURVE('',#797,#798,#403,.T.);
#1010=EDGE_CURVE('',#790,#798,#106,.F.);
#1011=EDGE_CURVE('',#794,#793,#404,.T.);
#1012=EDGE_CURVE('',#799,#800,#405,.T.);
#1013=EDGE_CURVE('',#800,#801,#523,.T.);
#1014=EDGE_CURVE('',#801,#799,#107,.T.);
#1015=EDGE_CURVE('',#774,#800,#524,.T.);
#1016=EDGE_CURVE('',#775,#799,#406,.T.);
#1017=EDGE_CURVE('',#773,#783,#407,.T.);
#1018=EDGE_CURVE('',#801,#791,#525,.T.);
#1019=EDGE_CURVE('',#799,#791,#408,.T.);
#1020=EDGE_CURVE('',#792,#802,#526,.T.);
#1021=EDGE_CURVE('',#802,#803,#409,.T.);
#1022=EDGE_CURVE('',#803,#795,#527,.T.);
#1023=EDGE_CURVE('',#803,#804,#528,.T.);
#1024=EDGE_CURVE('',#796,#804,#529,.T.);
#1025=EDGE_CURVE('',#805,#802,#530,.T.);
#1026=EDGE_CURVE('',#806,#805,#410,.T.);
#1027=EDGE_CURVE('',#807,#806,#531,.T.);
#1028=EDGE_CURVE('',#808,#807,#411,.T.);
#1029=EDGE_CURVE('',#809,#808,#532,.T.);
#1030=EDGE_CURVE('',#804,#809,#412,.T.);
#1031=EDGE_CURVE('',#810,#810,#413,.T.);
#1032=EDGE_CURVE('',#798,#797,#414,.T.);
#1033=EDGE_CURVE('',#809,#790,#533,.T.);
#1034=EDGE_CURVE('',#778,#808,#534,.T.);
#1035=EDGE_CURVE('',#780,#779,#415,.T.);
#1036=EDGE_CURVE('',#807,#781,#535,.T.);
#1037=EDGE_CURVE('',#782,#806,#536,.T.);
#1038=EDGE_CURVE('',#805,#774,#537,.T.);
#1039=EDGE_CURVE('',#811,#811,#416,.T.);
#1040=EDGE_CURVE('',#811,#810,#538,.T.);
#1041=ORIENTED_EDGE('',*,*,#812,.T.);
#1042=ORIENTED_EDGE('',*,*,#813,.T.);
#1043=ORIENTED_EDGE('',*,*,#814,.T.);
#1044=ORIENTED_EDGE('',*,*,#815,.F.);
#1045=ORIENTED_EDGE('',*,*,#816,.T.);
#1046=ORIENTED_EDGE('',*,*,#817,.F.);
#1047=ORIENTED_EDGE('',*,*,#818,.F.);
#1048=ORIENTED_EDGE('',*,*,#819,.F.);
#1049=ORIENTED_EDGE('',*,*,#820,.T.);
#1050=ORIENTED_EDGE('',*,*,#812,.F.);
#1051=ORIENTED_EDGE('',*,*,#821,.F.);
#1052=ORIENTED_EDGE('',*,*,#814,.F.);
#1053=ORIENTED_EDGE('',*,*,#819,.T.);
#1054=ORIENTED_EDGE('',*,*,#822,.F.);
#1055=ORIENTED_EDGE('',*,*,#817,.T.);
#1056=ORIENTED_EDGE('',*,*,#823,.T.);
#1057=ORIENTED_EDGE('',*,*,#824,.F.);
#1058=ORIENTED_EDGE('',*,*,#825,.F.);
#1059=ORIENTED_EDGE('',*,*,#826,.F.);
#1060=ORIENTED_EDGE('',*,*,#827,.T.);
#1061=ORIENTED_EDGE('',*,*,#828,.F.);
#1062=ORIENTED_EDGE('',*,*,#827,.F.);
#1063=ORIENTED_EDGE('',*,*,#829,.F.);
#1064=ORIENTED_EDGE('',*,*,#830,.T.);
#1065=ORIENTED_EDGE('',*,*,#831,.F.);
#1066=ORIENTED_EDGE('',*,*,#830,.F.);
#1067=ORIENTED_EDGE('',*,*,#832,.F.);
#1068=ORIENTED_EDGE('',*,*,#833,.T.);
#1069=ORIENTED_EDGE('',*,*,#834,.F.);
#1070=ORIENTED_EDGE('',*,*,#835,.F.);
#1071=ORIENTED_EDGE('',*,*,#833,.F.);
#1072=ORIENTED_EDGE('',*,*,#836,.F.);
#1073=ORIENTED_EDGE('',*,*,#837,.T.);
#1074=ORIENTED_EDGE('',*,*,#838,.F.);
#1075=ORIENTED_EDGE('',*,*,#837,.F.);
#1076=ORIENTED_EDGE('',*,*,#839,.F.);
#1077=ORIENTED_EDGE('',*,*,#840,.T.);
#1078=ORIENTED_EDGE('',*,*,#841,.F.);
#1079=ORIENTED_EDGE('',*,*,#842,.F.);
#1080=ORIENTED_EDGE('',*,*,#840,.F.);
#1081=ORIENTED_EDGE('',*,*,#843,.F.);
#1082=ORIENTED_EDGE('',*,*,#825,.T.);
#1083=ORIENTED_EDGE('',*,*,#826,.T.);
#1084=ORIENTED_EDGE('',*,*,#843,.T.);
#1085=ORIENTED_EDGE('',*,*,#839,.T.);
#1086=ORIENTED_EDGE('',*,*,#836,.T.);
#1087=ORIENTED_EDGE('',*,*,#832,.T.);
#1088=ORIENTED_EDGE('',*,*,#829,.T.);
#1089=ORIENTED_EDGE('',*,*,#844,.F.);
#1090=ORIENTED_EDGE('',*,*,#845,.F.);
#1091=ORIENTED_EDGE('',*,*,#846,.F.);
#1092=ORIENTED_EDGE('',*,*,#847,.T.);
#1093=ORIENTED_EDGE('',*,*,#848,.T.);
#1094=ORIENTED_EDGE('',*,*,#849,.F.);
#1095=ORIENTED_EDGE('',*,*,#848,.F.);
#1096=ORIENTED_EDGE('',*,*,#850,.T.);
#1097=ORIENTED_EDGE('',*,*,#851,.T.);
#1098=ORIENTED_EDGE('',*,*,#852,.F.);
#1099=ORIENTED_EDGE('',*,*,#851,.F.);
#1100=ORIENTED_EDGE('',*,*,#853,.T.);
#1101=ORIENTED_EDGE('',*,*,#854,.T.);
#1102=ORIENTED_EDGE('',*,*,#855,.F.);
#1103=ORIENTED_EDGE('',*,*,#854,.F.);
#1104=ORIENTED_EDGE('',*,*,#856,.T.);
#1105=ORIENTED_EDGE('',*,*,#857,.T.);
#1106=ORIENTED_EDGE('',*,*,#858,.F.);
#1107=ORIENTED_EDGE('',*,*,#857,.F.);
#1108=ORIENTED_EDGE('',*,*,#859,.T.);
#1109=ORIENTED_EDGE('',*,*,#860,.T.);
#1110=ORIENTED_EDGE('',*,*,#861,.F.);
#1111=ORIENTED_EDGE('',*,*,#860,.F.);
#1112=ORIENTED_EDGE('',*,*,#862,.T.);
#1113=ORIENTED_EDGE('',*,*,#846,.T.);
#1114=ORIENTED_EDGE('',*,*,#853,.F.);
#1115=ORIENTED_EDGE('',*,*,#850,.F.);
#1116=ORIENTED_EDGE('',*,*,#847,.F.);
#1117=ORIENTED_EDGE('',*,*,#862,.F.);
#1118=ORIENTED_EDGE('',*,*,#859,.F.);
#1119=ORIENTED_EDGE('',*,*,#856,.F.);
#1120=ORIENTED_EDGE('',*,*,#863,.F.);
#1121=ORIENTED_EDGE('',*,*,#864,.F.);
#1122=ORIENTED_EDGE('',*,*,#865,.F.);
#1123=ORIENTED_EDGE('',*,*,#866,.F.);
#1124=ORIENTED_EDGE('',*,*,#867,.T.);
#1125=ORIENTED_EDGE('',*,*,#868,.F.);
#1126=ORIENTED_EDGE('',*,*,#867,.F.);
#1127=ORIENTED_EDGE('',*,*,#869,.F.);
#1128=ORIENTED_EDGE('',*,*,#870,.T.);
#1129=ORIENTED_EDGE('',*,*,#871,.F.);
#1130=ORIENTED_EDGE('',*,*,#870,.F.);
#1131=ORIENTED_EDGE('',*,*,#872,.F.);
#1132=ORIENTED_EDGE('',*,*,#873,.T.);
#1133=ORIENTED_EDGE('',*,*,#874,.F.);
#1134=ORIENTED_EDGE('',*,*,#873,.F.);
#1135=ORIENTED_EDGE('',*,*,#875,.F.);
#1136=ORIENTED_EDGE('',*,*,#876,.T.);
#1137=ORIENTED_EDGE('',*,*,#877,.F.);
#1138=ORIENTED_EDGE('',*,*,#876,.F.);
#1139=ORIENTED_EDGE('',*,*,#878,.F.);
#1140=ORIENTED_EDGE('',*,*,#879,.T.);
#1141=ORIENTED_EDGE('',*,*,#880,.F.);
#1142=ORIENTED_EDGE('',*,*,#879,.F.);
#1143=ORIENTED_EDGE('',*,*,#881,.F.);
#1144=ORIENTED_EDGE('',*,*,#865,.T.);
#1145=ORIENTED_EDGE('',*,*,#872,.T.);
#1146=ORIENTED_EDGE('',*,*,#869,.T.);
#1147=ORIENTED_EDGE('',*,*,#866,.T.);
#1148=ORIENTED_EDGE('',*,*,#881,.T.);
#1149=ORIENTED_EDGE('',*,*,#878,.T.);
#1150=ORIENTED_EDGE('',*,*,#875,.T.);
#1151=ORIENTED_EDGE('',*,*,#823,.F.);
#1152=ORIENTED_EDGE('',*,*,#816,.F.);
#1153=ORIENTED_EDGE('',*,*,#882,.F.);
#1154=ORIENTED_EDGE('',*,*,#883,.F.);
#1155=ORIENTED_EDGE('',*,*,#884,.T.);
#1156=ORIENTED_EDGE('',*,*,#885,.T.);
#1157=ORIENTED_EDGE('',*,*,#886,.F.);
#1158=ORIENTED_EDGE('',*,*,#885,.F.);
#1159=ORIENTED_EDGE('',*,*,#887,.T.);
#1160=ORIENTED_EDGE('',*,*,#888,.T.);
#1161=ORIENTED_EDGE('',*,*,#889,.F.);
#1162=ORIENTED_EDGE('',*,*,#888,.F.);
#1163=ORIENTED_EDGE('',*,*,#890,.T.);
#1164=ORIENTED_EDGE('',*,*,#891,.T.);
#1165=ORIENTED_EDGE('',*,*,#892,.F.);
#1166=ORIENTED_EDGE('',*,*,#891,.F.);
#1167=ORIENTED_EDGE('',*,*,#893,.T.);
#1168=ORIENTED_EDGE('',*,*,#894,.T.);
#1169=ORIENTED_EDGE('',*,*,#895,.F.);
#1170=ORIENTED_EDGE('',*,*,#894,.F.);
#1171=ORIENTED_EDGE('',*,*,#896,.T.);
#1172=ORIENTED_EDGE('',*,*,#897,.T.);
#1173=ORIENTED_EDGE('',*,*,#898,.F.);
#1174=ORIENTED_EDGE('',*,*,#897,.F.);
#1175=ORIENTED_EDGE('',*,*,#899,.T.);
#1176=ORIENTED_EDGE('',*,*,#883,.T.);
#1177=ORIENTED_EDGE('',*,*,#890,.F.);
#1178=ORIENTED_EDGE('',*,*,#887,.F.);
#1179=ORIENTED_EDGE('',*,*,#884,.F.);
#1180=ORIENTED_EDGE('',*,*,#899,.F.);
#1181=ORIENTED_EDGE('',*,*,#896,.F.);
#1182=ORIENTED_EDGE('',*,*,#893,.F.);
#1183=ORIENTED_EDGE('',*,*,#900,.F.);
#1184=ORIENTED_EDGE('',*,*,#901,.F.);
#1185=ORIENTED_EDGE('',*,*,#902,.F.);
#1186=ORIENTED_EDGE('',*,*,#903,.F.);
#1187=ORIENTED_EDGE('',*,*,#904,.T.);
#1188=ORIENTED_EDGE('',*,*,#905,.F.);
#1189=ORIENTED_EDGE('',*,*,#904,.F.);
#1190=ORIENTED_EDGE('',*,*,#906,.F.);
#1191=ORIENTED_EDGE('',*,*,#907,.T.);
#1192=ORIENTED_EDGE('',*,*,#908,.F.);
#1193=ORIENTED_EDGE('',*,*,#907,.F.);
#1194=ORIENTED_EDGE('',*,*,#909,.F.);
#1195=ORIENTED_EDGE('',*,*,#910,.T.);
#1196=ORIENTED_EDGE('',*,*,#911,.F.);
#1197=ORIENTED_EDGE('',*,*,#910,.F.);
#1198=ORIENTED_EDGE('',*,*,#912,.F.);
#1199=ORIENTED_EDGE('',*,*,#913,.T.);
#1200=ORIENTED_EDGE('',*,*,#914,.F.);
#1201=ORIENTED_EDGE('',*,*,#913,.F.);
#1202=ORIENTED_EDGE('',*,*,#915,.F.);
#1203=ORIENTED_EDGE('',*,*,#916,.T.);
#1204=ORIENTED_EDGE('',*,*,#917,.F.);
#1205=ORIENTED_EDGE('',*,*,#916,.F.);
#1206=ORIENTED_EDGE('',*,*,#918,.F.);
#1207=ORIENTED_EDGE('',*,*,#902,.T.);
#1208=ORIENTED_EDGE('',*,*,#909,.T.);
#1209=ORIENTED_EDGE('',*,*,#906,.T.);
#1210=ORIENTED_EDGE('',*,*,#903,.T.);
#1211=ORIENTED_EDGE('',*,*,#918,.T.);
#1212=ORIENTED_EDGE('',*,*,#915,.T.);
#1213=ORIENTED_EDGE('',*,*,#912,.T.);
#1214=ORIENTED_EDGE('',*,*,#813,.F.);
#1215=ORIENTED_EDGE('',*,*,#820,.F.);
#1216=ORIENTED_EDGE('',*,*,#919,.F.);
#1217=ORIENTED_EDGE('',*,*,#920,.F.);
#1218=ORIENTED_EDGE('',*,*,#921,.T.);
#1219=ORIENTED_EDGE('',*,*,#922,.T.);
#1220=ORIENTED_EDGE('',*,*,#923,.F.);
#1221=ORIENTED_EDGE('',*,*,#922,.F.);
#1222=ORIENTED_EDGE('',*,*,#924,.T.);
#1223=ORIENTED_EDGE('',*,*,#925,.T.);
#1224=ORIENTED_EDGE('',*,*,#926,.F.);
#1225=ORIENTED_EDGE('',*,*,#925,.F.);
#1226=ORIENTED_EDGE('',*,*,#927,.T.);
#1227=ORIENTED_EDGE('',*,*,#928,.T.);
#1228=ORIENTED_EDGE('',*,*,#929,.F.);
#1229=ORIENTED_EDGE('',*,*,#928,.F.);
#1230=ORIENTED_EDGE('',*,*,#930,.T.);
#1231=ORIENTED_EDGE('',*,*,#931,.T.);
#1232=ORIENTED_EDGE('',*,*,#932,.F.);
#1233=ORIENTED_EDGE('',*,*,#931,.F.);
#1234=ORIENTED_EDGE('',*,*,#933,.T.);
#1235=ORIENTED_EDGE('',*,*,#934,.T.);
#1236=ORIENTED_EDGE('',*,*,#935,.F.);
#1237=ORIENTED_EDGE('',*,*,#934,.F.);
#1238=ORIENTED_EDGE('',*,*,#936,.T.);
#1239=ORIENTED_EDGE('',*,*,#920,.T.);
#1240=ORIENTED_EDGE('',*,*,#927,.F.);
#1241=ORIENTED_EDGE('',*,*,#924,.F.);
#1242=ORIENTED_EDGE('',*,*,#921,.F.);
#1243=ORIENTED_EDGE('',*,*,#936,.F.);
#1244=ORIENTED_EDGE('',*,*,#933,.F.);
#1245=ORIENTED_EDGE('',*,*,#930,.F.);
#1246=ORIENTED_EDGE('',*,*,#937,.F.);
#1247=ORIENTED_EDGE('',*,*,#938,.F.);
#1248=ORIENTED_EDGE('',*,*,#939,.F.);
#1249=ORIENTED_EDGE('',*,*,#940,.F.);
#1250=ORIENTED_EDGE('',*,*,#941,.T.);
#1251=ORIENTED_EDGE('',*,*,#942,.F.);
#1252=ORIENTED_EDGE('',*,*,#941,.F.);
#1253=ORIENTED_EDGE('',*,*,#943,.F.);
#1254=ORIENTED_EDGE('',*,*,#944,.T.);
#1255=ORIENTED_EDGE('',*,*,#945,.F.);
#1256=ORIENTED_EDGE('',*,*,#944,.F.);
#1257=ORIENTED_EDGE('',*,*,#946,.F.);
#1258=ORIENTED_EDGE('',*,*,#947,.T.);
#1259=ORIENTED_EDGE('',*,*,#948,.F.);
#1260=ORIENTED_EDGE('',*,*,#947,.F.);
#1261=ORIENTED_EDGE('',*,*,#949,.F.);
#1262=ORIENTED_EDGE('',*,*,#950,.T.);
#1263=ORIENTED_EDGE('',*,*,#951,.F.);
#1264=ORIENTED_EDGE('',*,*,#950,.F.);
#1265=ORIENTED_EDGE('',*,*,#952,.F.);
#1266=ORIENTED_EDGE('',*,*,#953,.T.);
#1267=ORIENTED_EDGE('',*,*,#954,.F.);
#1268=ORIENTED_EDGE('',*,*,#953,.F.);
#1269=ORIENTED_EDGE('',*,*,#955,.F.);
#1270=ORIENTED_EDGE('',*,*,#939,.T.);
#1271=ORIENTED_EDGE('',*,*,#946,.T.);
#1272=ORIENTED_EDGE('',*,*,#943,.T.);
#1273=ORIENTED_EDGE('',*,*,#940,.T.);
#1274=ORIENTED_EDGE('',*,*,#955,.T.);
#1275=ORIENTED_EDGE('',*,*,#952,.T.);
#1276=ORIENTED_EDGE('',*,*,#949,.T.);
#1277=ORIENTED_EDGE('',*,*,#956,.F.);
#1278=ORIENTED_EDGE('',*,*,#957,.F.);
#1279=ORIENTED_EDGE('',*,*,#958,.F.);
#1280=ORIENTED_EDGE('',*,*,#959,.T.);
#1281=ORIENTED_EDGE('',*,*,#960,.T.);
#1282=ORIENTED_EDGE('',*,*,#961,.F.);
#1283=ORIENTED_EDGE('',*,*,#960,.F.);
#1284=ORIENTED_EDGE('',*,*,#962,.T.);
#1285=ORIENTED_EDGE('',*,*,#963,.T.);
#1286=ORIENTED_EDGE('',*,*,#964,.F.);
#1287=ORIENTED_EDGE('',*,*,#963,.F.);
#1288=ORIENTED_EDGE('',*,*,#965,.T.);
#1289=ORIENTED_EDGE('',*,*,#966,.T.);
#1290=ORIENTED_EDGE('',*,*,#967,.F.);
#1291=ORIENTED_EDGE('',*,*,#966,.F.);
#1292=ORIENTED_EDGE('',*,*,#968,.T.);
#1293=ORIENTED_EDGE('',*,*,#969,.T.);
#1294=ORIENTED_EDGE('',*,*,#970,.F.);
#1295=ORIENTED_EDGE('',*,*,#969,.F.);
#1296=ORIENTED_EDGE('',*,*,#971,.T.);
#1297=ORIENTED_EDGE('',*,*,#972,.T.);
#1298=ORIENTED_EDGE('',*,*,#973,.F.);
#1299=ORIENTED_EDGE('',*,*,#972,.F.);
#1300=ORIENTED_EDGE('',*,*,#974,.T.);
#1301=ORIENTED_EDGE('',*,*,#958,.T.);
#1302=ORIENTED_EDGE('',*,*,#965,.F.);
#1303=ORIENTED_EDGE('',*,*,#962,.F.);
#1304=ORIENTED_EDGE('',*,*,#959,.F.);
#1305=ORIENTED_EDGE('',*,*,#974,.F.);
#1306=ORIENTED_EDGE('',*,*,#971,.F.);
#1307=ORIENTED_EDGE('',*,*,#968,.F.);
#1308=ORIENTED_EDGE('',*,*,#975,.F.);
#1309=ORIENTED_EDGE('',*,*,#841,.T.);
#1310=ORIENTED_EDGE('',*,*,#824,.T.);
#1311=ORIENTED_EDGE('',*,*,#828,.T.);
#1312=ORIENTED_EDGE('',*,*,#831,.T.);
#1313=ORIENTED_EDGE('',*,*,#976,.T.);
#1314=ORIENTED_EDGE('',*,*,#977,.F.);
#1315=ORIENTED_EDGE('',*,*,#978,.F.);
#1316=ORIENTED_EDGE('',*,*,#979,.F.);
#1317=ORIENTED_EDGE('',*,*,#980,.T.);
#1318=ORIENTED_EDGE('',*,*,#842,.T.);
#1319=ORIENTED_EDGE('',*,*,#980,.F.);
#1320=ORIENTED_EDGE('',*,*,#981,.F.);
#1321=ORIENTED_EDGE('',*,*,#982,.T.);
#1322=ORIENTED_EDGE('',*,*,#983,.T.);
#1323=ORIENTED_EDGE('',*,*,#984,.T.);
#1324=ORIENTED_EDGE('',*,*,#985,.T.);
#1325=ORIENTED_EDGE('',*,*,#986,.F.);
#1326=ORIENTED_EDGE('',*,*,#987,.T.);
#1327=ORIENTED_EDGE('',*,*,#988,.T.);
#1328=ORIENTED_EDGE('',*,*,#976,.F.);
#1329=ORIENTED_EDGE('',*,*,#834,.T.);
#1330=ORIENTED_EDGE('',*,*,#835,.T.);
#1331=ORIENTED_EDGE('',*,*,#838,.T.);
#1332=ORIENTED_EDGE('',*,*,#874,.T.);
#1333=ORIENTED_EDGE('',*,*,#877,.T.);
#1334=ORIENTED_EDGE('',*,*,#880,.T.);
#1335=ORIENTED_EDGE('',*,*,#864,.T.);
#1336=ORIENTED_EDGE('',*,*,#868,.T.);
#1337=ORIENTED_EDGE('',*,*,#871,.T.);
#1338=ORIENTED_EDGE('',*,*,#911,.T.);
#1339=ORIENTED_EDGE('',*,*,#914,.T.);
#1340=ORIENTED_EDGE('',*,*,#917,.T.);
#1341=ORIENTED_EDGE('',*,*,#901,.T.);
#1342=ORIENTED_EDGE('',*,*,#905,.T.);
#1343=ORIENTED_EDGE('',*,*,#908,.T.);
#1344=ORIENTED_EDGE('',*,*,#948,.T.);
#1345=ORIENTED_EDGE('',*,*,#951,.T.);
#1346=ORIENTED_EDGE('',*,*,#954,.T.);
#1347=ORIENTED_EDGE('',*,*,#938,.T.);
#1348=ORIENTED_EDGE('',*,*,#942,.T.);
#1349=ORIENTED_EDGE('',*,*,#945,.T.);
#1350=ORIENTED_EDGE('',*,*,#989,.F.);
#1351=ORIENTED_EDGE('',*,*,#990,.T.);
#1352=ORIENTED_EDGE('',*,*,#956,.T.);
#1353=ORIENTED_EDGE('',*,*,#990,.F.);
#1354=ORIENTED_EDGE('',*,*,#991,.F.);
#1355=ORIENTED_EDGE('',*,*,#992,.T.);
#1356=ORIENTED_EDGE('',*,*,#844,.T.);
#1357=ORIENTED_EDGE('',*,*,#992,.F.);
#1358=ORIENTED_EDGE('',*,*,#993,.F.);
#1359=ORIENTED_EDGE('',*,*,#994,.T.);
#1360=ORIENTED_EDGE('',*,*,#937,.T.);
#1361=ORIENTED_EDGE('',*,*,#994,.F.);
#1362=ORIENTED_EDGE('',*,*,#995,.F.);
#1363=ORIENTED_EDGE('',*,*,#996,.T.);
#1364=ORIENTED_EDGE('',*,*,#900,.T.);
#1365=ORIENTED_EDGE('',*,*,#996,.F.);
#1366=ORIENTED_EDGE('',*,*,#997,.F.);
#1367=ORIENTED_EDGE('',*,*,#998,.T.);
#1368=ORIENTED_EDGE('',*,*,#975,.T.);
#1369=ORIENTED_EDGE('',*,*,#998,.F.);
#1370=ORIENTED_EDGE('',*,*,#999,.F.);
#1371=ORIENTED_EDGE('',*,*,#1000,.T.);
#1372=ORIENTED_EDGE('',*,*,#863,.T.);
#1373=ORIENTED_EDGE('',*,*,#1000,.F.);
#1374=ORIENTED_EDGE('',*,*,#1001,.F.);
#1375=ORIENTED_EDGE('',*,*,#1002,.F.);
#1376=ORIENTED_EDGE('',*,*,#1003,.T.);
#1377=ORIENTED_EDGE('',*,*,#1004,.T.);
#1378=ORIENTED_EDGE('',*,*,#1005,.T.);
#1379=ORIENTED_EDGE('',*,*,#1006,.F.);
#1380=ORIENTED_EDGE('',*,*,#1007,.T.);
#1381=ORIENTED_EDGE('',*,*,#1008,.F.);
#1382=ORIENTED_EDGE('',*,*,#1009,.T.);
#1383=ORIENTED_EDGE('',*,*,#1010,.F.);
#1384=ORIENTED_EDGE('',*,*,#855,.T.);
#1385=ORIENTED_EDGE('',*,*,#858,.T.);
#1386=ORIENTED_EDGE('',*,*,#861,.T.);
#1387=ORIENTED_EDGE('',*,*,#845,.T.);
#1388=ORIENTED_EDGE('',*,*,#849,.T.);
#1389=ORIENTED_EDGE('',*,*,#852,.T.);
#1390=ORIENTED_EDGE('',*,*,#892,.T.);
#1391=ORIENTED_EDGE('',*,*,#895,.T.);
#1392=ORIENTED_EDGE('',*,*,#898,.T.);
#1393=ORIENTED_EDGE('',*,*,#882,.T.);
#1394=ORIENTED_EDGE('',*,*,#886,.T.);
#1395=ORIENTED_EDGE('',*,*,#889,.T.);
#1396=ORIENTED_EDGE('',*,*,#929,.T.);
#1397=ORIENTED_EDGE('',*,*,#932,.T.);
#1398=ORIENTED_EDGE('',*,*,#935,.T.);
#1399=ORIENTED_EDGE('',*,*,#919,.T.);
#1400=ORIENTED_EDGE('',*,*,#923,.T.);
#1401=ORIENTED_EDGE('',*,*,#926,.T.);
#1402=ORIENTED_EDGE('',*,*,#967,.T.);
#1403=ORIENTED_EDGE('',*,*,#970,.T.);
#1404=ORIENTED_EDGE('',*,*,#973,.T.);
#1405=ORIENTED_EDGE('',*,*,#957,.T.);
#1406=ORIENTED_EDGE('',*,*,#961,.T.);
#1407=ORIENTED_EDGE('',*,*,#964,.T.);
#1408=ORIENTED_EDGE('',*,*,#1005,.F.);
#1409=ORIENTED_EDGE('',*,*,#1011,.F.);
#1410=ORIENTED_EDGE('',*,*,#1012,.T.);
#1411=ORIENTED_EDGE('',*,*,#1013,.T.);
#1412=ORIENTED_EDGE('',*,*,#1014,.T.);
#1413=ORIENTED_EDGE('',*,*,#978,.T.);
#1414=ORIENTED_EDGE('',*,*,#1015,.T.);
#1415=ORIENTED_EDGE('',*,*,#1012,.F.);
#1416=ORIENTED_EDGE('',*,*,#1016,.F.);
#1417=ORIENTED_EDGE('',*,*,#988,.F.);
#1418=ORIENTED_EDGE('',*,*,#1017,.F.);
#1419=ORIENTED_EDGE('',*,*,#1018,.T.);
#1420=ORIENTED_EDGE('',*,*,#1019,.F.);
#1421=ORIENTED_EDGE('',*,*,#1014,.F.);
#1422=ORIENTED_EDGE('',*,*,#1011,.T.);
#1423=ORIENTED_EDGE('',*,*,#1004,.F.);
#1424=ORIENTED_EDGE('',*,*,#1020,.T.);
#1425=ORIENTED_EDGE('',*,*,#1021,.T.);
#1426=ORIENTED_EDGE('',*,*,#1022,.T.);
#1427=ORIENTED_EDGE('',*,*,#1006,.T.);
#1428=ORIENTED_EDGE('',*,*,#1022,.F.);
#1429=ORIENTED_EDGE('',*,*,#1023,.T.);
#1430=ORIENTED_EDGE('',*,*,#1024,.F.);
#1431=ORIENTED_EDGE('',*,*,#1007,.F.);
#1432=ORIENTED_EDGE('',*,*,#1021,.F.);
#1433=ORIENTED_EDGE('',*,*,#1025,.F.);
#1434=ORIENTED_EDGE('',*,*,#1026,.F.);
#1435=ORIENTED_EDGE('',*,*,#1027,.F.);
#1436=ORIENTED_EDGE('',*,*,#1028,.F.);
#1437=ORIENTED_EDGE('',*,*,#1029,.F.);
#1438=ORIENTED_EDGE('',*,*,#1030,.F.);
#1439=ORIENTED_EDGE('',*,*,#1023,.F.);
#1440=ORIENTED_EDGE('',*,*,#821,.T.);
#1441=ORIENTED_EDGE('',*,*,#815,.T.);
#1442=ORIENTED_EDGE('',*,*,#818,.T.);
#1443=ORIENTED_EDGE('',*,*,#822,.T.);
#1444=ORIENTED_EDGE('',*,*,#997,.T.);
#1445=ORIENTED_EDGE('',*,*,#999,.T.);
#1446=ORIENTED_EDGE('',*,*,#1031,.T.);
#1447=ORIENTED_EDGE('',*,*,#995,.T.);
#1448=ORIENTED_EDGE('',*,*,#993,.T.);
#1449=ORIENTED_EDGE('',*,*,#991,.T.);
#1450=ORIENTED_EDGE('',*,*,#989,.T.);
#1451=ORIENTED_EDGE('',*,*,#1032,.T.);
#1452=ORIENTED_EDGE('',*,*,#1008,.T.);
#1453=ORIENTED_EDGE('',*,*,#1024,.T.);
#1454=ORIENTED_EDGE('',*,*,#1030,.T.);
#1455=ORIENTED_EDGE('',*,*,#1033,.T.);
#1456=ORIENTED_EDGE('',*,*,#1010,.T.);
#1457=ORIENTED_EDGE('',*,*,#1033,.F.);
#1458=ORIENTED_EDGE('',*,*,#1029,.T.);
#1459=ORIENTED_EDGE('',*,*,#1034,.F.);
#1460=ORIENTED_EDGE('',*,*,#982,.F.);
#1461=ORIENTED_EDGE('',*,*,#1001,.T.);
#1462=ORIENTED_EDGE('',*,*,#1035,.T.);
#1463=ORIENTED_EDGE('',*,*,#983,.F.);
#1464=ORIENTED_EDGE('',*,*,#1034,.T.);
#1465=ORIENTED_EDGE('',*,*,#1028,.T.);
#1466=ORIENTED_EDGE('',*,*,#1036,.T.);
#1467=ORIENTED_EDGE('',*,*,#985,.F.);
#1468=ORIENTED_EDGE('',*,*,#1036,.F.);
#1469=ORIENTED_EDGE('',*,*,#1027,.T.);
#1470=ORIENTED_EDGE('',*,*,#1037,.F.);
#1471=ORIENTED_EDGE('',*,*,#986,.T.);
#1472=ORIENTED_EDGE('',*,*,#977,.T.);
#1473=ORIENTED_EDGE('',*,*,#1017,.T.);
#1474=ORIENTED_EDGE('',*,*,#987,.F.);
#1475=ORIENTED_EDGE('',*,*,#1037,.T.);
#1476=ORIENTED_EDGE('',*,*,#1026,.T.);
#1477=ORIENTED_EDGE('',*,*,#1038,.T.);
#1478=ORIENTED_EDGE('',*,*,#1020,.F.);
#1479=ORIENTED_EDGE('',*,*,#1003,.F.);
#1480=ORIENTED_EDGE('',*,*,#1018,.F.);
#1481=ORIENTED_EDGE('',*,*,#1013,.F.);
#1482=ORIENTED_EDGE('',*,*,#1015,.F.);
#1483=ORIENTED_EDGE('',*,*,#1038,.F.);
#1484=ORIENTED_EDGE('',*,*,#1025,.T.);
#1485=ORIENTED_EDGE('',*,*,#984,.F.);
#1486=ORIENTED_EDGE('',*,*,#1035,.F.);
#1487=ORIENTED_EDGE('',*,*,#1009,.F.);
#1488=ORIENTED_EDGE('',*,*,#1032,.F.);
#1489=ORIENTED_EDGE('',*,*,#1039,.F.);
#1490=ORIENTED_EDGE('',*,*,#1040,.T.);
#1491=ORIENTED_EDGE('',*,*,#1031,.F.);
#1492=ORIENTED_EDGE('',*,*,#1040,.F.);
#1493=ORIENTED_EDGE('',*,*,#1019,.T.);
#1494=ORIENTED_EDGE('',*,*,#1002,.T.);
#1495=ORIENTED_EDGE('',*,*,#981,.T.);
#1496=ORIENTED_EDGE('',*,*,#979,.T.);
#1497=ORIENTED_EDGE('',*,*,#1016,.T.);
#1498=ORIENTED_EDGE('',*,*,#1039,.T.);
#1499=CYLINDRICAL_SURFACE('',#1604,1.2);
#1500=CYLINDRICAL_SURFACE('',#1607,1.2);
#1501=CYLINDRICAL_SURFACE('',#1610,1.2);
#1502=CYLINDRICAL_SURFACE('',#1613,1.2);
#1503=CYLINDRICAL_SURFACE('',#1687,1.6);
#1504=CYLINDRICAL_SURFACE('',#1689,1.6);
#1505=CYLINDRICAL_SURFACE('',#1691,1.6);
#1506=CYLINDRICAL_SURFACE('',#1693,1.6);
#1507=CYLINDRICAL_SURFACE('',#1695,1.2);
#1508=CYLINDRICAL_SURFACE('',#1697,1.2);
#1509=CYLINDRICAL_SURFACE('',#1709,36.);
#1510=CYLINDRICAL_SURFACE('',#1711,15.);
#1511=CYLINDRICAL_SURFACE('',#1719,15.);
#1512=CYLINDRICAL_SURFACE('',#1722,15.);
#1513=CYLINDRICAL_SURFACE('',#1725,15.);
#1514=CYLINDRICAL_SURFACE('',#1729,34.5);
#1515=ADVANCED_FACE('',(#174),#1499,.F.);
#1516=ADVANCED_FACE('',(#175),#1500,.F.);
#1517=ADVANCED_FACE('',(#176),#1501,.F.);
#1518=ADVANCED_FACE('',(#177),#1502,.F.);
#1519=ADVANCED_FACE('',(#178),#108,.F.);
#1520=ADVANCED_FACE('',(#179),#109,.F.);
#1521=ADVANCED_FACE('',(#180),#110,.F.);
#1522=ADVANCED_FACE('',(#181),#111,.F.);
#1523=ADVANCED_FACE('',(#182),#112,.F.);
#1524=ADVANCED_FACE('',(#183),#113,.F.);
#1525=ADVANCED_FACE('',(#184,#20),#114,.F.);
#1526=ADVANCED_FACE('',(#185),#115,.F.);
#1527=ADVANCED_FACE('',(#186),#116,.F.);
#1528=ADVANCED_FACE('',(#187),#117,.F.);
#1529=ADVANCED_FACE('',(#188),#118,.F.);
#1530=ADVANCED_FACE('',(#189),#119,.F.);
#1531=ADVANCED_FACE('',(#190),#120,.F.);
#1532=ADVANCED_FACE('',(#191,#21),#121,.F.);
#1533=ADVANCED_FACE('',(#192),#122,.F.);
#1534=ADVANCED_FACE('',(#193),#123,.F.);
#1535=ADVANCED_FACE('',(#194),#124,.F.);
#1536=ADVANCED_FACE('',(#195),#125,.F.);
#1537=ADVANCED_FACE('',(#196),#126,.F.);
#1538=ADVANCED_FACE('',(#197),#127,.F.);
#1539=ADVANCED_FACE('',(#198,#22),#128,.F.);
#1540=ADVANCED_FACE('',(#199),#129,.F.);
#1541=ADVANCED_FACE('',(#200),#130,.F.);
#1542=ADVANCED_FACE('',(#201),#131,.F.);
#1543=ADVANCED_FACE('',(#202),#132,.F.);
#1544=ADVANCED_FACE('',(#203),#133,.F.);
#1545=ADVANCED_FACE('',(#204),#134,.F.);
#1546=ADVANCED_FACE('',(#205,#23),#135,.F.);
#1547=ADVANCED_FACE('',(#206),#136,.F.);
#1548=ADVANCED_FACE('',(#207),#137,.F.);
#1549=ADVANCED_FACE('',(#208),#138,.F.);
#1550=ADVANCED_FACE('',(#209),#139,.F.);
#1551=ADVANCED_FACE('',(#210),#140,.F.);
#1552=ADVANCED_FACE('',(#211),#141,.F.);
#1553=ADVANCED_FACE('',(#212,#24),#142,.F.);
#1554=ADVANCED_FACE('',(#213),#143,.F.);
#1555=ADVANCED_FACE('',(#214),#144,.F.);
#1556=ADVANCED_FACE('',(#215),#145,.F.);
#1557=ADVANCED_FACE('',(#216),#146,.F.);
#1558=ADVANCED_FACE('',(#217),#147,.F.);
#1559=ADVANCED_FACE('',(#218),#148,.F.);
#1560=ADVANCED_FACE('',(#219,#25),#149,.F.);
#1561=ADVANCED_FACE('',(#220),#150,.F.);
#1562=ADVANCED_FACE('',(#221),#151,.F.);
#1563=ADVANCED_FACE('',(#222),#152,.F.);
#1564=ADVANCED_FACE('',(#223),#153,.F.);
#1565=ADVANCED_FACE('',(#224),#154,.F.);
#1566=ADVANCED_FACE('',(#225),#155,.F.);
#1567=ADVANCED_FACE('',(#226,#26),#156,.F.);
#1568=ADVANCED_FACE('',(#227),#157,.F.);
#1569=ADVANCED_FACE('',(#228),#158,.F.);
#1570=ADVANCED_FACE('',(#229),#159,.F.);
#1571=ADVANCED_FACE('',(#230),#160,.F.);
#1572=ADVANCED_FACE('',(#231),#161,.F.);
#1573=ADVANCED_FACE('',(#232),#162,.F.);
#1574=ADVANCED_FACE('',(#233,#27),#163,.F.);
#1575=ADVANCED_FACE('',(#234),#17,.T.);
#1576=ADVANCED_FACE('',(#235,#28,#29,#30),#15,.F.);
#1577=ADVANCED_FACE('',(#236),#1503,.F.);
#1578=ADVANCED_FACE('',(#237),#1504,.F.);
#1579=ADVANCED_FACE('',(#238),#1505,.F.);
#1580=ADVANCED_FACE('',(#239),#1506,.F.);
#1581=ADVANCED_FACE('',(#240),#1507,.F.);
#1582=ADVANCED_FACE('',(#241),#1508,.F.);
#1583=ADVANCED_FACE('',(#242,#31,#32,#33,#34),#16,.F.);
#1584=ADVANCED_FACE('',(#243),#164,.F.);
#1585=ADVANCED_FACE('',(#244),#18,.T.);
#1586=ADVANCED_FACE('',(#245),#19,.T.);
#1587=ADVANCED_FACE('',(#246),#165,.F.);
#1588=ADVANCED_FACE('',(#247),#1509,.T.);
#1589=ADVANCED_FACE('',(#248),#1510,.T.);
#1590=ADVANCED_FACE('',(#249),#166,.T.);
#1591=ADVANCED_FACE('',(#250,#35,#36,#37,#38,#39,#40,#41,#42,#43),#167,
 .T.);
#1592=ADVANCED_FACE('',(#251),#1511,.T.);
#1593=ADVANCED_FACE('',(#252),#168,.T.);
#1594=ADVANCED_FACE('',(#253),#1512,.T.);
#1595=ADVANCED_FACE('',(#254),#169,.T.);
#1596=ADVANCED_FACE('',(#255),#1513,.T.);
#1597=ADVANCED_FACE('',(#256),#170,.T.);
#1598=ADVANCED_FACE('',(#257),#171,.F.);
#1599=ADVANCED_FACE('',(#258),#172,.F.);
#1600=ADVANCED_FACE('',(#259),#1514,.F.);
#1601=ADVANCED_FACE('',(#260,#44),#173,.F.);
#1602=CLOSED_SHELL('',(#1515,#1516,#1517,#1518,#1519,#1520,#1521,#1522,
#1523,#1524,#1525,#1526,#1527,#1528,#1529,#1530,#1531,#1532,#1533,#1534,
#1535,#1536,#1537,#1538,#1539,#1540,#1541,#1542,#1543,#1544,#1545,#1546,
#1547,#1548,#1549,#1550,#1551,#1552,#1553,#1554,#1555,#1556,#1557,#1558,
#1559,#1560,#1561,#1562,#1563,#1564,#1565,#1566,#1567,#1568,#1569,#1570,
#1571,#1572,#1573,#1574,#1575,#1576,#1577,#1578,#1579,#1580,#1581,#1582,
#1583,#1584,#1585,#1586,#1587,#1588,#1589,#1590,#1591,#1592,#1593,#1594,
#1595,#1596,#1597,#1598,#1599,#1600,#1601));
#1603=AXIS2_PLACEMENT_3D('',#2112,#1732,#1733);
#1604=AXIS2_PLACEMENT_3D('',#2113,#1734,#1735);
#1605=AXIS2_PLACEMENT_3D('',#2118,#1737,#1738);
#1606=AXIS2_PLACEMENT_3D('',#2121,#1740,#1741);
#1607=AXIS2_PLACEMENT_3D('',#2122,#1742,#1743);
#1608=AXIS2_PLACEMENT_3D('',#2125,#1744,#1745);
#1609=AXIS2_PLACEMENT_3D('',#2129,#1747,#1748);
#1610=AXIS2_PLACEMENT_3D('',#2131,#1750,#1751);
#1611=AXIS2_PLACEMENT_3D('',#2132,#1752,#1753);
#1612=AXIS2_PLACEMENT_3D('',#2133,#1754,#1755);
#1613=AXIS2_PLACEMENT_3D('',#2134,#1756,#1757);
#1614=AXIS2_PLACEMENT_3D('',#2135,#1758,#1759);
#1615=AXIS2_PLACEMENT_3D('',#2136,#1760,#1761);
#1616=AXIS2_PLACEMENT_3D('',#2137,#1762,#1763);
#1617=AXIS2_PLACEMENT_3D('',#2149,#1767,#1768);
#1618=AXIS2_PLACEMENT_3D('',#2158,#1771,#1772);
#1619=AXIS2_PLACEMENT_3D('',#2172,#1775,#1776);
#1620=AXIS2_PLACEMENT_3D('',#2183,#1779,#1780);
#1621=AXIS2_PLACEMENT_3D('',#2192,#1783,#1784);
#1622=AXIS2_PLACEMENT_3D('',#2203,#1786,#1787);
#1623=AXIS2_PLACEMENT_3D('',#2205,#1788,#1789);
#1624=AXIS2_PLACEMENT_3D('',#2206,#1790,#1791);
#1625=AXIS2_PLACEMENT_3D('',#2218,#1795,#1796);
#1626=AXIS2_PLACEMENT_3D('',#2229,#1799,#1800);
#1627=AXIS2_PLACEMENT_3D('',#2238,#1803,#1804);
#1628=AXIS2_PLACEMENT_3D('',#2249,#1807,#1808);
#1629=AXIS2_PLACEMENT_3D('',#2258,#1811,#1812);
#1630=AXIS2_PLACEMENT_3D('',#2266,#1814,#1815);
#1631=AXIS2_PLACEMENT_3D('',#2268,#1816,#1817);
#1632=AXIS2_PLACEMENT_3D('',#2269,#1818,#1819);
#1633=AXIS2_PLACEMENT_3D('',#2283,#1823,#1824);
#1634=AXIS2_PLACEMENT_3D('',#2292,#1827,#1828);
#1635=AXIS2_PLACEMENT_3D('',#2303,#1831,#1832);
#1636=AXIS2_PLACEMENT_3D('',#2312,#1835,#1836);
#1637=AXIS2_PLACEMENT_3D('',#2323,#1839,#1840);
#1638=AXIS2_PLACEMENT_3D('',#2329,#1842,#1843);
#1639=AXIS2_PLACEMENT_3D('',#2330,#1844,#1845);
#1640=AXIS2_PLACEMENT_3D('',#2342,#1849,#1850);
#1641=AXIS2_PLACEMENT_3D('',#2351,#1853,#1854);
#1642=AXIS2_PLACEMENT_3D('',#2360,#1857,#1858);
#1643=AXIS2_PLACEMENT_3D('',#2371,#1861,#1862);
#1644=AXIS2_PLACEMENT_3D('',#2380,#1865,#1866);
#1645=AXIS2_PLACEMENT_3D('',#2388,#1868,#1869);
#1646=AXIS2_PLACEMENT_3D('',#2390,#1870,#1871);
#1647=AXIS2_PLACEMENT_3D('',#2391,#1872,#1873);
#1648=AXIS2_PLACEMENT_3D('',#2405,#1877,#1878);
#1649=AXIS2_PLACEMENT_3D('',#2416,#1881,#1882);
#1650=AXIS2_PLACEMENT_3D('',#2425,#1885,#1886);
#1651=AXIS2_PLACEMENT_3D('',#2436,#1889,#1890);
#1652=AXIS2_PLACEMENT_3D('',#2445,#1893,#1894);
#1653=AXIS2_PLACEMENT_3D('',#2453,#1896,#1897);
#1654=AXIS2_PLACEMENT_3D('',#2454,#1898,#1899);
#1655=AXIS2_PLACEMENT_3D('',#2466,#1903,#1904);
#1656=AXIS2_PLACEMENT_3D('',#2475,#1907,#1908);
#1657=AXIS2_PLACEMENT_3D('',#2486,#1911,#1912);
#1658=AXIS2_PLACEMENT_3D('',#2495,#1915,#1916);
#1659=AXIS2_PLACEMENT_3D('',#2506,#1919,#1920);
#1660=AXIS2_PLACEMENT_3D('',#2512,#1922,#1923);
#1661=AXIS2_PLACEMENT_3D('',#2514,#1924,#1925);
#1662=AXIS2_PLACEMENT_3D('',#2515,#1926,#1927);
#1663=AXIS2_PLACEMENT_3D('',#2529,#1931,#1932);
#1664=AXIS2_PLACEMENT_3D('',#2538,#1935,#1936);
#1665=AXIS2_PLACEMENT_3D('',#2549,#1939,#1940);
#1666=AXIS2_PLACEMENT_3D('',#2558,#1943,#1944);
#1667=AXIS2_PLACEMENT_3D('',#2567,#1947,#1948);
#1668=AXIS2_PLACEMENT_3D('',#2573,#1950,#1951);
#1669=AXIS2_PLACEMENT_3D('',#2575,#1952,#1953);
#1670=AXIS2_PLACEMENT_3D('',#2576,#1954,#1955);
#1671=AXIS2_PLACEMENT_3D('',#2590,#1959,#1960);
#1672=AXIS2_PLACEMENT_3D('',#2601,#1963,#1964);
#1673=AXIS2_PLACEMENT_3D('',#2612,#1967,#1968);
#1674=AXIS2_PLACEMENT_3D('',#2621,#1971,#1972);
#1675=AXIS2_PLACEMENT_3D('',#2632,#1975,#1976);
#1676=AXIS2_PLACEMENT_3D('',#2638,#1978,#1979);
#1677=AXIS2_PLACEMENT_3D('',#2640,#1980,#1981);
#1678=AXIS2_PLACEMENT_3D('',#2678,#1982,#1983);
#1679=AXIS2_PLACEMENT_3D('',#2680,#1984,#1985);
#1680=AXIS2_PLACEMENT_3D('',#2682,#1986,#1987);
#1681=AXIS2_PLACEMENT_3D('',#2684,#1988,#1989);
#1682=AXIS2_PLACEMENT_3D('',#2685,#1990,#1991);
#1683=AXIS2_PLACEMENT_3D('',#2686,#1992,#1993);
#1684=AXIS2_PLACEMENT_3D('',#2688,#1994,#1995);
#1685=AXIS2_PLACEMENT_3D('',#2716,#1996,#1997);
#1686=AXIS2_PLACEMENT_3D('',#2743,#1998,#1999);
#1687=AXIS2_PLACEMENT_3D('',#2744,#2000,#2001);
#1688=AXIS2_PLACEMENT_3D('',#2746,#2002,#2003);
#1689=AXIS2_PLACEMENT_3D('',#2748,#2005,#2006);
#1690=AXIS2_PLACEMENT_3D('',#2750,#2007,#2008);
#1691=AXIS2_PLACEMENT_3D('',#2752,#2010,#2011);
#1692=AXIS2_PLACEMENT_3D('',#2754,#2012,#2013);
#1693=AXIS2_PLACEMENT_3D('',#2756,#2015,#2016);
#1694=AXIS2_PLACEMENT_3D('',#2758,#2017,#2018);
#1695=AXIS2_PLACEMENT_3D('',#2760,#2020,#2021);
#1696=AXIS2_PLACEMENT_3D('',#2762,#2022,#2023);
#1697=AXIS2_PLACEMENT_3D('',#2764,#2025,#2026);
#1698=AXIS2_PLACEMENT_3D('',#2766,#2027,#2028);
#1699=AXIS2_PLACEMENT_3D('',#2768,#2030,#2031);
#1700=AXIS2_PLACEMENT_3D('',#2787,#2032,#2033);
#1701=AXIS2_PLACEMENT_3D('',#2815,#2034,#2035);
#1702=AXIS2_PLACEMENT_3D('',#2843,#2036,#2037);
#1703=AXIS2_PLACEMENT_3D('',#2852,#2038,#2039);
#1704=AXIS2_PLACEMENT_3D('',#2853,#2040,#2041);
#1705=AXIS2_PLACEMENT_3D('',#2896,#2042,#2043);
#1706=AXIS2_PLACEMENT_3D('',#2932,#2046,#2047);
#1707=AXIS2_PLACEMENT_3D('',#2933,#2048,#2049);
#1708=AXIS2_PLACEMENT_3D('',#2934,#2050,#2051);
#1709=AXIS2_PLACEMENT_3D('',#2935,#2052,#2053);
#1710=AXIS2_PLACEMENT_3D('',#2937,#2055,#2056);
#1711=AXIS2_PLACEMENT_3D('',#2938,#2057,#2058);
#1712=AXIS2_PLACEMENT_3D('',#2942,#2060,#2061);
#1713=AXIS2_PLACEMENT_3D('',#2944,#2063,#2064);
#1714=AXIS2_PLACEMENT_3D('',#2948,#2067,#2068);
#1715=AXIS2_PLACEMENT_3D('',#2952,#2070,#2071);
#1716=AXIS2_PLACEMENT_3D('',#2956,#2073,#2074);
#1717=AXIS2_PLACEMENT_3D('',#2959,#2076,#2077);
#1718=AXIS2_PLACEMENT_3D('',#2961,#2078,#2079);
#1719=AXIS2_PLACEMENT_3D('',#2962,#2080,#2081);
#1720=AXIS2_PLACEMENT_3D('',#2963,#2082,#2083);
#1721=AXIS2_PLACEMENT_3D('',#2965,#2085,#2086);
#1722=AXIS2_PLACEMENT_3D('',#2967,#2088,#2089);
#1723=AXIS2_PLACEMENT_3D('',#2968,#2090,#2091);
#1724=AXIS2_PLACEMENT_3D('',#2970,#2093,#2094);
#1725=AXIS2_PLACEMENT_3D('',#2972,#2096,#2097);
#1726=AXIS2_PLACEMENT_3D('',#2974,#2099,#2100);
#1727=AXIS2_PLACEMENT_3D('',#2975,#2101,#2102);
#1728=AXIS2_PLACEMENT_3D('',#2976,#2103,#2104);
#1729=AXIS2_PLACEMENT_3D('',#2977,#2105,#2106);
#1730=AXIS2_PLACEMENT_3D('',#2979,#2107,#2108);
#1731=AXIS2_PLACEMENT_3D('',#2981,#2110,#2111);
#1732=DIRECTION('axis',(0.,0.,1.));
#1733=DIRECTION('refdir',(1.,0.,0.));
#1734=DIRECTION('center_axis',(0.,0.,-1.));
#1735=DIRECTION('ref_axis',(-1.,0.,0.));
#1736=DIRECTION('',(0.,0.,-1.));
#1737=DIRECTION('center_axis',(0.,0.,-1.));
#1738=DIRECTION('ref_axis',(-1.,0.,0.));
#1739=DIRECTION('',(0.,0.,1.));
#1740=DIRECTION('center_axis',(0.,0.,-1.));
#1741=DIRECTION('ref_axis',(-1.,0.,0.));
#1742=DIRECTION('center_axis',(0.,0.,-1.));
#1743=DIRECTION('ref_axis',(1.,-4.7839169983892E-14,0.));
#1744=DIRECTION('center_axis',(0.,0.,-1.));
#1745=DIRECTION('ref_axis',(-1.,0.,0.));
#1746=DIRECTION('',(0.,0.,-1.));
#1747=DIRECTION('center_axis',(0.,0.,-1.));
#1748=DIRECTION('ref_axis',(-1.,0.,0.));
#1749=DIRECTION('',(0.,0.,1.));
#1750=DIRECTION('center_axis',(0.,0.,-1.));
#1751=DIRECTION('ref_axis',(1.,-8.86953772900978E-14,0.));
#1752=DIRECTION('center_axis',(0.,0.,-1.));
#1753=DIRECTION('ref_axis',(-1.,0.,0.));
#1754=DIRECTION('center_axis',(0.,0.,-1.));
#1755=DIRECTION('ref_axis',(-1.,0.,0.));
#1756=DIRECTION('center_axis',(0.,0.,-1.));
#1757=DIRECTION('ref_axis',(-1.,0.,0.));
#1758=DIRECTION('center_axis',(0.,0.,-1.));
#1759=DIRECTION('ref_axis',(-1.,0.,0.));
#1760=DIRECTION('center_axis',(0.,0.,-1.));
#1761=DIRECTION('ref_axis',(-1.,0.,0.));
#1762=DIRECTION('center_axis',(0.866025403784439,0.499999999999999,0.));
#1763=DIRECTION('ref_axis',(0.499999999999999,-0.866025403784439,0.));
#1764=DIRECTION('',(0.,0.,-1.));
#1765=DIRECTION('',(0.499999999999999,-0.866025403784439,0.));
#1766=DIRECTION('',(0.,0.,-1.));
#1767=DIRECTION('center_axis',(0.,1.,0.));
#1768=DIRECTION('ref_axis',(1.,0.,0.));
#1769=DIRECTION('',(1.,0.,0.));
#1770=DIRECTION('',(0.,0.,-1.));
#1771=DIRECTION('center_axis',(-0.866025403784438,0.500000000000001,0.));
#1772=DIRECTION('ref_axis',(0.500000000000001,0.866025403784438,0.));
#1773=DIRECTION('',(0.500000000000001,0.866025403784438,0.));
#1774=DIRECTION('',(0.,0.,-1.));
#1775=DIRECTION('center_axis',(-0.866025403784438,-0.500000000000001,0.));
#1776=DIRECTION('ref_axis',(-0.500000000000001,0.866025403784438,0.));
#1777=DIRECTION('',(-0.500000000000001,0.866025403784438,0.));
#1778=DIRECTION('',(0.,0.,-1.));
#1779=DIRECTION('center_axis',(0.,-1.,0.));
#1780=DIRECTION('ref_axis',(-1.,0.,0.));
#1781=DIRECTION('',(-1.,0.,0.));
#1782=DIRECTION('',(0.,0.,-1.));
#1783=DIRECTION('center_axis',(0.866025403784439,-0.499999999999999,0.));
#1784=DIRECTION('ref_axis',(-0.499999999999999,-0.866025403784439,0.));
#1785=DIRECTION('',(-0.499999999999999,-0.866025403784439,0.));
#1786=DIRECTION('center_axis',(0.,0.,1.));
#1787=DIRECTION('ref_axis',(-1.,0.,0.));
#1788=DIRECTION('center_axis',(0.,0.,-1.));
#1789=DIRECTION('ref_axis',(-1.,0.,0.));
#1790=DIRECTION('center_axis',(-0.877757660855351,0.479104882890733,0.));
#1791=DIRECTION('ref_axis',(0.479104882890733,0.877757660855351,0.));
#1792=DIRECTION('',(0.,0.,-1.));
#1793=DIRECTION('',(-0.479104882890733,-0.877757660855351,0.));
#1794=DIRECTION('',(0.,0.,-1.));
#1795=DIRECTION('center_axis',(-0.853795830088218,-0.520607991221775,0.));
#1796=DIRECTION('ref_axis',(-0.520607991221775,0.853795830088218,0.));
#1797=DIRECTION('',(0.520607991221775,-0.853795830088218,0.));
#1798=DIRECTION('',(0.,0.,-1.));
#1799=DIRECTION('center_axis',(0.0239618307671342,-0.999712874112506,0.));
#1800=DIRECTION('ref_axis',(-0.999712874112506,-0.0239618307671342,0.));
#1801=DIRECTION('',(0.999712874112506,0.0239618307671342,0.));
#1802=DIRECTION('',(0.,0.,-1.));
#1803=DIRECTION('center_axis',(0.877757660855352,-0.479104882890731,0.));
#1804=DIRECTION('ref_axis',(-0.479104882890731,-0.877757660855352,0.));
#1805=DIRECTION('',(0.479104882890731,0.877757660855352,0.));
#1806=DIRECTION('',(0.,0.,-1.));
#1807=DIRECTION('center_axis',(0.85379583008822,0.520607991221771,0.));
#1808=DIRECTION('ref_axis',(0.520607991221771,-0.85379583008822,0.));
#1809=DIRECTION('',(-0.520607991221771,0.85379583008822,0.));
#1810=DIRECTION('',(0.,0.,-1.));
#1811=DIRECTION('center_axis',(-0.0239618307671337,0.999712874112506,0.));
#1812=DIRECTION('ref_axis',(0.999712874112506,0.0239618307671337,0.));
#1813=DIRECTION('',(-0.999712874112506,-0.0239618307671337,0.));
#1814=DIRECTION('center_axis',(0.,0.,1.));
#1815=DIRECTION('ref_axis',(-1.,0.,0.));
#1816=DIRECTION('center_axis',(0.,0.,-1.));
#1817=DIRECTION('ref_axis',(-1.,0.,0.));
#1818=DIRECTION('center_axis',(0.0239618307671342,0.999712874112506,0.));
#1819=DIRECTION('ref_axis',(0.999712874112506,-0.0239618307671342,0.));
#1820=DIRECTION('',(0.,0.,-1.));
#1821=DIRECTION('',(0.999712874112506,-0.0239618307671342,0.));
#1822=DIRECTION('',(0.,0.,-1.));
#1823=DIRECTION('center_axis',(-0.85379583008822,0.520607991221771,0.));
#1824=DIRECTION('ref_axis',(0.520607991221771,0.85379583008822,0.));
#1825=DIRECTION('',(0.520607991221771,0.85379583008822,0.));
#1826=DIRECTION('',(0.,0.,-1.));
#1827=DIRECTION('center_axis',(-0.877757660855352,-0.479104882890731,0.));
#1828=DIRECTION('ref_axis',(-0.479104882890731,0.877757660855352,0.));
#1829=DIRECTION('',(-0.479104882890731,0.877757660855352,0.));
#1830=DIRECTION('',(0.,0.,-1.));
#1831=DIRECTION('center_axis',(-0.0239618307671342,-0.999712874112506,0.));
#1832=DIRECTION('ref_axis',(-0.999712874112506,0.0239618307671342,0.));
#1833=DIRECTION('',(-0.999712874112506,0.0239618307671342,0.));
#1834=DIRECTION('',(0.,0.,-1.));
#1835=DIRECTION('center_axis',(0.853795830088218,-0.520607991221775,0.));
#1836=DIRECTION('ref_axis',(-0.520607991221775,-0.853795830088218,0.));
#1837=DIRECTION('',(-0.520607991221775,-0.853795830088218,0.));
#1838=DIRECTION('',(0.,0.,-1.));
#1839=DIRECTION('center_axis',(0.877757660855351,0.479104882890733,0.));
#1840=DIRECTION('ref_axis',(0.479104882890733,-0.877757660855351,0.));
#1841=DIRECTION('',(0.479104882890733,-0.877757660855351,0.));
#1842=DIRECTION('center_axis',(0.,0.,1.));
#1843=DIRECTION('ref_axis',(-1.,0.,0.));
#1844=DIRECTION('center_axis',(-0.866025403784439,0.5,0.));
#1845=DIRECTION('ref_axis',(0.5,0.866025403784439,0.));
#1846=DIRECTION('',(0.,0.,-1.));
#1847=DIRECTION('',(-0.5,-0.866025403784439,0.));
#1848=DIRECTION('',(0.,0.,-1.));
#1849=DIRECTION('center_axis',(-0.866025403784439,-0.5,0.));
#1850=DIRECTION('ref_axis',(-0.5,0.866025403784439,0.));
#1851=DIRECTION('',(0.5,-0.866025403784439,0.));
#1852=DIRECTION('',(0.,0.,-1.));
#1853=DIRECTION('center_axis',(0.,-1.,0.));
#1854=DIRECTION('ref_axis',(-1.,0.,0.));
#1855=DIRECTION('',(1.,0.,0.));
#1856=DIRECTION('',(0.,0.,-1.));
#1857=DIRECTION('center_axis',(0.866025403784438,-0.500000000000002,0.));
#1858=DIRECTION('ref_axis',(-0.500000000000002,-0.866025403784438,0.));
#1859=DIRECTION('',(0.500000000000002,0.866025403784438,0.));
#1860=DIRECTION('',(0.,0.,-1.));
#1861=DIRECTION('center_axis',(0.866025403784438,0.500000000000002,0.));
#1862=DIRECTION('ref_axis',(0.500000000000002,-0.866025403784438,0.));
#1863=DIRECTION('',(-0.500000000000002,0.866025403784438,0.));
#1864=DIRECTION('',(0.,0.,-1.));
#1865=DIRECTION('center_axis',(0.,1.,0.));
#1866=DIRECTION('ref_axis',(1.,0.,0.));
#1867=DIRECTION('',(-1.,0.,0.));
#1868=DIRECTION('center_axis',(0.,0.,1.));
#1869=DIRECTION('ref_axis',(-1.,0.,0.));
#1870=DIRECTION('center_axis',(0.,0.,-1.));
#1871=DIRECTION('ref_axis',(-1.,0.,0.));
#1872=DIRECTION('center_axis',(0.866025403784441,-0.499999999999997,0.));
#1873=DIRECTION('ref_axis',(-0.499999999999997,-0.866025403784441,0.));
#1874=DIRECTION('',(0.,0.,-1.));
#1875=DIRECTION('',(-0.499999999999997,-0.866025403784441,0.));
#1876=DIRECTION('',(0.,0.,-1.));
#1877=DIRECTION('center_axis',(0.866025403784439,0.5,0.));
#1878=DIRECTION('ref_axis',(0.499999999999999,-0.866025403784439,0.));
#1879=DIRECTION('',(0.499999999999999,-0.866025403784439,0.));
#1880=DIRECTION('',(0.,0.,-1.));
#1881=DIRECTION('center_axis',(0.,1.,0.));
#1882=DIRECTION('ref_axis',(1.,0.,0.));
#1883=DIRECTION('',(1.,0.,0.));
#1884=DIRECTION('',(0.,0.,-1.));
#1885=DIRECTION('center_axis',(-0.866025403784442,0.499999999999994,0.));
#1886=DIRECTION('ref_axis',(0.499999999999994,0.866025403784442,0.));
#1887=DIRECTION('',(0.499999999999994,0.866025403784442,0.));
#1888=DIRECTION('',(0.,0.,-1.));
#1889=DIRECTION('center_axis',(-0.866025403784442,-0.499999999999994,0.));
#1890=DIRECTION('ref_axis',(-0.499999999999994,0.866025403784442,0.));
#1891=DIRECTION('',(-0.499999999999994,0.866025403784442,0.));
#1892=DIRECTION('',(0.,0.,-1.));
#1893=DIRECTION('center_axis',(0.,-1.,0.));
#1894=DIRECTION('ref_axis',(-1.,0.,0.));
#1895=DIRECTION('',(-1.,0.,0.));
#1896=DIRECTION('center_axis',(0.,0.,1.));
#1897=DIRECTION('ref_axis',(-1.,0.,0.));
#1898=DIRECTION('center_axis',(-0.866025403784439,0.5,0.));
#1899=DIRECTION('ref_axis',(0.5,0.866025403784438,0.));
#1900=DIRECTION('',(0.,0.,-1.));
#1901=DIRECTION('',(-0.5,-0.866025403784439,0.));
#1902=DIRECTION('',(0.,0.,-1.));
#1903=DIRECTION('center_axis',(-0.86602540378444,-0.499999999999997,0.));
#1904=DIRECTION('ref_axis',(-0.499999999999997,0.86602540378444,0.));
#1905=DIRECTION('',(0.499999999999997,-0.86602540378444,0.));
#1906=DIRECTION('',(0.,0.,-1.));
#1907=DIRECTION('center_axis',(0.,-1.,0.));
#1908=DIRECTION('ref_axis',(-1.,0.,0.));
#1909=DIRECTION('',(1.,0.,0.));
#1910=DIRECTION('',(0.,0.,-1.));
#1911=DIRECTION('center_axis',(0.866025403784439,-0.5,0.));
#1912=DIRECTION('ref_axis',(-0.5,-0.866025403784438,0.));
#1913=DIRECTION('',(0.5,0.866025403784439,0.));
#1914=DIRECTION('',(0.,0.,-1.));
#1915=DIRECTION('center_axis',(0.86602540378444,0.499999999999998,0.));
#1916=DIRECTION('ref_axis',(0.499999999999998,-0.86602540378444,0.));
#1917=DIRECTION('',(-0.499999999999998,0.86602540378444,0.));
#1918=DIRECTION('',(0.,0.,-1.));
#1919=DIRECTION('center_axis',(1.42441680472856E-15,1.,0.));
#1920=DIRECTION('ref_axis',(1.,-1.42441680472856E-15,0.));
#1921=DIRECTION('',(-1.,1.42441680472856E-15,0.));
#1922=DIRECTION('center_axis',(0.,0.,1.));
#1923=DIRECTION('ref_axis',(-1.,0.,0.));
#1924=DIRECTION('center_axis',(0.,0.,-1.));
#1925=DIRECTION('ref_axis',(-1.,0.,0.));
#1926=DIRECTION('center_axis',(-0.86602540378444,0.499999999999998,0.));
#1927=DIRECTION('ref_axis',(0.499999999999998,0.86602540378444,0.));
#1928=DIRECTION('',(0.,0.,-1.));
#1929=DIRECTION('',(0.499999999999998,0.86602540378444,0.));
#1930=DIRECTION('',(0.,0.,-1.));
#1931=DIRECTION('center_axis',(-0.866025403784439,-0.5,0.));
#1932=DIRECTION('ref_axis',(-0.5,0.866025403784438,0.));
#1933=DIRECTION('',(-0.5,0.866025403784439,0.));
#1934=DIRECTION('',(0.,0.,-1.));
#1935=DIRECTION('center_axis',(0.,-1.,0.));
#1936=DIRECTION('ref_axis',(-1.,0.,0.));
#1937=DIRECTION('',(-1.,0.,0.));
#1938=DIRECTION('',(0.,0.,-1.));
#1939=DIRECTION('center_axis',(0.86602540378444,-0.499999999999997,0.));
#1940=DIRECTION('ref_axis',(-0.499999999999997,-0.86602540378444,0.));
#1941=DIRECTION('',(-0.499999999999997,-0.86602540378444,0.));
#1942=DIRECTION('',(0.,0.,-1.));
#1943=DIRECTION('center_axis',(0.866025403784439,0.5,0.));
#1944=DIRECTION('ref_axis',(0.5,-0.866025403784438,0.));
#1945=DIRECTION('',(0.5,-0.866025403784439,0.));
#1946=DIRECTION('',(0.,0.,-1.));
#1947=DIRECTION('center_axis',(-1.42441680472856E-15,1.,0.));
#1948=DIRECTION('ref_axis',(1.,1.42441680472856E-15,0.));
#1949=DIRECTION('',(1.,1.42441680472856E-15,0.));
#1950=DIRECTION('center_axis',(0.,0.,1.));
#1951=DIRECTION('ref_axis',(-1.,0.,0.));
#1952=DIRECTION('center_axis',(0.,0.,-1.));
#1953=DIRECTION('ref_axis',(-1.,0.,0.));
#1954=DIRECTION('center_axis',(-0.866025403784439,0.5,0.));
#1955=DIRECTION('ref_axis',(0.499999999999999,0.866025403784439,0.));
#1956=DIRECTION('',(0.,0.,-1.));
#1957=DIRECTION('',(-0.499999999999999,-0.866025403784439,0.));
#1958=DIRECTION('',(0.,0.,-1.));
#1959=DIRECTION('center_axis',(-0.866025403784441,-0.499999999999996,0.));
#1960=DIRECTION('ref_axis',(-0.499999999999996,0.866025403784441,0.));
#1961=DIRECTION('',(0.499999999999996,-0.866025403784441,0.));
#1962=DIRECTION('',(0.,0.,-1.));
#1963=DIRECTION('center_axis',(-1.9473039862112E-15,-1.,0.));
#1964=DIRECTION('ref_axis',(-1.,1.9473039862112E-15,0.));
#1965=DIRECTION('',(1.,-1.9473039862112E-15,0.));
#1966=DIRECTION('',(0.,0.,-1.));
#1967=DIRECTION('center_axis',(0.866025403784442,-0.499999999999994,0.));
#1968=DIRECTION('ref_axis',(-0.499999999999994,-0.866025403784442,0.));
#1969=DIRECTION('',(0.499999999999994,0.866025403784442,0.));
#1970=DIRECTION('',(0.,0.,-1.));
#1971=DIRECTION('center_axis',(0.866025403784443,0.499999999999993,0.));
#1972=DIRECTION('ref_axis',(0.499999999999993,-0.866025403784442,0.));
#1973=DIRECTION('',(-0.499999999999993,0.866025403784443,0.));
#1974=DIRECTION('',(0.,0.,-1.));
#1975=DIRECTION('center_axis',(9.73651993105604E-16,1.,0.));
#1976=DIRECTION('ref_axis',(1.,-9.73651993105604E-16,0.));
#1977=DIRECTION('',(-1.,9.73651993105604E-16,0.));
#1978=DIRECTION('center_axis',(0.,0.,1.));
#1979=DIRECTION('ref_axis',(-1.,0.,0.));
#1980=DIRECTION('center_axis',(0.,0.,-1.));
#1981=DIRECTION('ref_axis',(-1.,0.,0.));
#1982=DIRECTION('center_axis',(-0.528505614198452,-0.848929806144605,0.));
#1983=DIRECTION('ref_axis',(0.804290990765668,-0.500715490246887,0.32));
#1984=DIRECTION('center_axis',(0.,0.,1.));
#1985=DIRECTION('ref_axis',(-0.707106781186547,0.707106781186547,0.));
#1986=DIRECTION('center_axis',(-0.672218725995375,-0.691084158622438,-0.265564813411476));
#1987=DIRECTION('ref_axis',(0.642930138966234,-0.722774206261975,0.253452723740011));
#1988=DIRECTION('center_axis',(0.,0.,-1.));
#1989=DIRECTION('ref_axis',(-1.,0.,0.));
#1990=DIRECTION('center_axis',(-0.528505614198452,-0.848929806144605,0.));
#1991=DIRECTION('ref_axis',(0.804290990765668,-0.500715490246887,0.32));
#1992=DIRECTION('center_axis',(0.,0.,-1.));
#1993=DIRECTION('ref_axis',(0.848929806144605,-0.528505614198452,0.));
#1994=DIRECTION('center_axis',(0.,0.,-1.));
#1995=DIRECTION('ref_axis',(-1.,0.,0.));
#1996=DIRECTION('center_axis',(0.,0.,-1.));
#1997=DIRECTION('ref_axis',(0.848929806144605,-0.528505614198452,0.));
#1998=DIRECTION('center_axis',(0.,0.,-1.));
#1999=DIRECTION('ref_axis',(0.848929806144605,-0.528505614198452,0.));
#2000=DIRECTION('center_axis',(0.,0.,-1.));
#2001=DIRECTION('ref_axis',(-1.,0.,0.));
#2002=DIRECTION('center_axis',(0.,0.,-1.));
#2003=DIRECTION('ref_axis',(-1.,0.,0.));
#2004=DIRECTION('',(0.,0.,-1.));
#2005=DIRECTION('center_axis',(0.,0.,-1.));
#2006=DIRECTION('ref_axis',(-1.,0.,0.));
#2007=DIRECTION('center_axis',(0.,0.,-1.));
#2008=DIRECTION('ref_axis',(-1.,0.,0.));
#2009=DIRECTION('',(0.,0.,-1.));
#2010=DIRECTION('center_axis',(0.,0.,-1.));
#2011=DIRECTION('ref_axis',(-1.,0.,0.));
#2012=DIRECTION('center_axis',(0.,0.,-1.));
#2013=DIRECTION('ref_axis',(-1.,0.,0.));
#2014=DIRECTION('',(0.,0.,-1.));
#2015=DIRECTION('center_axis',(0.,0.,-1.));
#2016=DIRECTION('ref_axis',(-1.,0.,0.));
#2017=DIRECTION('center_axis',(0.,0.,-1.));
#2018=DIRECTION('ref_axis',(-1.,0.,0.));
#2019=DIRECTION('',(0.,0.,-1.));
#2020=DIRECTION('center_axis',(0.,0.,-1.));
#2021=DIRECTION('ref_axis',(-1.,0.,0.));
#2022=DIRECTION('center_axis',(0.,0.,-1.));
#2023=DIRECTION('ref_axis',(-1.,0.,0.));
#2024=DIRECTION('',(0.,0.,-1.));
#2025=DIRECTION('center_axis',(0.,0.,-1.));
#2026=DIRECTION('ref_axis',(-1.,0.,0.));
#2027=DIRECTION('center_axis',(0.,0.,-1.));
#2028=DIRECTION('ref_axis',(-1.,0.,0.));
#2029=DIRECTION('',(0.,0.,-1.));
#2030=DIRECTION('center_axis',(0.,0.,-1.));
#2031=DIRECTION('ref_axis',(1.,-4.44089209850063E-16,0.));
#2032=DIRECTION('center_axis',(0.,0.,-1.));
#2033=DIRECTION('ref_axis',(-1.,0.,0.));
#2034=DIRECTION('center_axis',(0.,0.,-1.));
#2035=DIRECTION('ref_axis',(-0.923879532511287,-0.38268343236509,0.));
#2036=DIRECTION('center_axis',(0.,0.,-1.));
#2037=DIRECTION('ref_axis',(-0.923879532511287,-0.38268343236509,0.));
#2038=DIRECTION('center_axis',(0.,0.,1.));
#2039=DIRECTION('ref_axis',(-1.,0.,0.));
#2040=DIRECTION('center_axis',(0.,0.,1.));
#2041=DIRECTION('ref_axis',(0.707106781186547,0.707106781186547,0.));
#2042=DIRECTION('center_axis',(-0.799726350551885,-0.408247991031562,-0.440194663815519));
#2043=DIRECTION('ref_axis',(0.454668577256549,-0.890660701308588,-1.23456800338317E-14));
#2044=DIRECTION('',(1.,0.,0.));
#2045=DIRECTION('',(1.,0.,0.));
#2046=DIRECTION('center_axis',(0.,0.,-1.));
#2047=DIRECTION('ref_axis',(-1.,0.,0.));
#2048=DIRECTION('center_axis',(0.,0.,1.));
#2049=DIRECTION('ref_axis',(-1.,0.,0.));
#2050=DIRECTION('center_axis',(0.,0.,1.));
#2051=DIRECTION('ref_axis',(-0.707106781186547,0.707106781186547,0.));
#2052=DIRECTION('center_axis',(0.,0.,-1.));
#2053=DIRECTION('ref_axis',(-1.,0.,0.));
#2054=DIRECTION('',(0.,0.,-1.));
#2055=DIRECTION('center_axis',(0.,0.,-1.));
#2056=DIRECTION('ref_axis',(-1.,0.,0.));
#2057=DIRECTION('center_axis',(0.,0.,-1.));
#2058=DIRECTION('ref_axis',(0.707106781186547,0.707106781186547,0.));
#2059=DIRECTION('',(0.,0.,1.));
#2060=DIRECTION('center_axis',(0.,0.,-1.));
#2061=DIRECTION('ref_axis',(0.707106781186547,0.707106781186547,0.));
#2062=DIRECTION('',(0.,0.,-1.));
#2063=DIRECTION('center_axis',(1.,0.,0.));
#2064=DIRECTION('ref_axis',(0.,-1.,0.));
#2065=DIRECTION('',(0.,-1.,0.));
#2066=DIRECTION('',(0.,0.,1.));
#2067=DIRECTION('center_axis',(0.,0.,1.));
#2068=DIRECTION('ref_axis',(-1.,0.,0.));
#2069=DIRECTION('',(1.,0.,0.));
#2070=DIRECTION('center_axis',(0.,0.,-1.));
#2071=DIRECTION('ref_axis',(-0.707106781186547,0.707106781186547,0.));
#2072=DIRECTION('',(0.,1.,0.));
#2073=DIRECTION('center_axis',(0.,0.,-1.));
#2074=DIRECTION('ref_axis',(-0.707106781186547,-0.707106781186547,0.));
#2075=DIRECTION('',(-1.,0.,0.));
#2076=DIRECTION('center_axis',(0.,0.,-1.));
#2077=DIRECTION('ref_axis',(0.707106781186547,-0.707106781186547,0.));
#2078=DIRECTION('center_axis',(0.,0.,-1.));
#2079=DIRECTION('ref_axis',(-1.,0.,0.));
#2080=DIRECTION('center_axis',(0.,0.,-1.));
#2081=DIRECTION('ref_axis',(0.707106781186547,-0.707106781186547,0.));
#2082=DIRECTION('center_axis',(0.,0.,1.));
#2083=DIRECTION('ref_axis',(0.707106781186547,-0.707106781186547,0.));
#2084=DIRECTION('',(0.,0.,-1.));
#2085=DIRECTION('center_axis',(0.,-1.,0.));
#2086=DIRECTION('ref_axis',(-1.,0.,0.));
#2087=DIRECTION('',(0.,0.,1.));
#2088=DIRECTION('center_axis',(0.,0.,-1.));
#2089=DIRECTION('ref_axis',(-0.707106781186547,-0.707106781186547,0.));
#2090=DIRECTION('center_axis',(0.,0.,1.));
#2091=DIRECTION('ref_axis',(-0.707106781186547,-0.707106781186547,0.));
#2092=DIRECTION('',(0.,0.,-1.));
#2093=DIRECTION('center_axis',(-1.,0.,0.));
#2094=DIRECTION('ref_axis',(0.,1.,0.));
#2095=DIRECTION('',(0.,0.,1.));
#2096=DIRECTION('center_axis',(0.,0.,-1.));
#2097=DIRECTION('ref_axis',(-0.707106781186547,0.707106781186547,0.));
#2098=DIRECTION('',(0.,0.,-1.));
#2099=DIRECTION('center_axis',(0.,1.,0.));
#2100=DIRECTION('ref_axis',(1.,0.,0.));
#2101=DIRECTION('center_axis',(0.,0.,1.));
#2102=DIRECTION('ref_axis',(-1.,0.,0.));
#2103=DIRECTION('center_axis',(0.,0.,1.));
#2104=DIRECTION('ref_axis',(-1.,0.,0.));
#2105=DIRECTION('center_axis',(0.,0.,-1.));
#2106=DIRECTION('ref_axis',(-1.,0.,0.));
#2107=DIRECTION('center_axis',(0.,0.,1.));
#2108=DIRECTION('ref_axis',(-1.,0.,0.));
#2109=DIRECTION('',(0.,0.,1.));
#2110=DIRECTION('center_axis',(0.,0.,1.));
#2111=DIRECTION('ref_axis',(-1.,0.,0.));
#2112=CARTESIAN_POINT('',(0.,0.,0.));
#2113=CARTESIAN_POINT('Origin',(-45.0557946994799,11.0050166143016,19.847936759696));
#2114=CARTESIAN_POINT('',(-45.0039289698896,9.80613799405093,-0.5));
#2115=CARTESIAN_POINT('',(-45.0039289698896,9.80613799405093,-2.5));
#2116=CARTESIAN_POINT('',(-45.0039289698896,9.80613799405093,-0.499999999999999));
#2117=CARTESIAN_POINT('',(-45.0039289698894,12.2038952345522,-2.5));
#2118=CARTESIAN_POINT('Origin',(-45.0557946994799,11.0050166143016,-2.5));
#2119=CARTESIAN_POINT('',(-45.0039289698894,12.2038952345522,-0.5));
#2120=CARTESIAN_POINT('',(-45.0039289698893,12.2038952345522,-0.499999999999999));
#2121=CARTESIAN_POINT('Origin',(-45.0557946994799,11.0050166143016,-0.499999999999998));
#2122=CARTESIAN_POINT('Origin',(-44.952063240299,-11.,-0.5));
#2123=CARTESIAN_POINT('',(-45.,-9.80095785433982,-2.5));
#2124=CARTESIAN_POINT('',(-45.0000000000001,-12.1990421456602,-2.5));
#2125=CARTESIAN_POINT('Origin',(-44.952063240299,-11.,-2.5));
#2126=CARTESIAN_POINT('',(-45.0000000000001,-12.1990421456602,-0.5));
#2127=CARTESIAN_POINT('',(-45.0000000000001,-12.1990421456602,-0.499999999999999));
#2128=CARTESIAN_POINT('',(-45.,-9.80095785433982,-0.5));
#2129=CARTESIAN_POINT('Origin',(-44.952063240299,-11.,-0.5));
#2130=CARTESIAN_POINT('',(-45.,-9.80095785433982,-0.499999999999999));
#2131=CARTESIAN_POINT('Origin',(-44.952063240299,11.0050166143016,-0.5));
#2132=CARTESIAN_POINT('Origin',(-44.952063240299,11.0050166143016,-2.5));
#2133=CARTESIAN_POINT('Origin',(-44.952063240299,11.0050166143016,-0.5));
#2134=CARTESIAN_POINT('Origin',(-45.047936759701,-11.,19.847936759696));
#2135=CARTESIAN_POINT('Origin',(-45.047936759701,-11.,-0.499999999999998));
#2136=CARTESIAN_POINT('Origin',(-45.047936759701,-11.,-2.5));
#2137=CARTESIAN_POINT('Origin',(-43.4411549437403,30.6999995827675,-2.5));
#2138=CARTESIAN_POINT('',(-41.8823092169283,27.9999995827675,-4.2913661937497));
#2139=CARTESIAN_POINT('',(-43.4411549437403,30.6999995827675,-3.33415913356165));
#2140=CARTESIAN_POINT('Ctrl Pts',(-41.8823092169283,27.9999995827675,-4.2913661937497));
#2141=CARTESIAN_POINT('Ctrl Pts',(-42.3934896650017,28.8853900906664,-3.92015289702854));
#2142=CARTESIAN_POINT('Ctrl Pts',(-42.9139270614705,29.7868141035093,-3.60075925214774));
#2143=CARTESIAN_POINT('Ctrl Pts',(-43.4411549437403,30.6999995827675,-3.33415913356165));
#2144=CARTESIAN_POINT('',(-41.8823092169283,27.9999995827675,-2.5));
#2145=CARTESIAN_POINT('',(-41.8823092169283,27.9999995827675,-2.5));
#2146=CARTESIAN_POINT('',(-43.4411549437403,30.6999995827675,-2.5));
#2147=CARTESIAN_POINT('',(-43.4411549437403,30.6999995827675,-2.5));
#2148=CARTESIAN_POINT('',(-43.4411549437403,30.6999995827675,-2.5));
#2149=CARTESIAN_POINT('Origin',(-46.5588463973642,30.6999995827675,-2.5));
#2150=CARTESIAN_POINT('',(-46.5588463973642,30.6999995827675,-2.80529320155762));
#2151=CARTESIAN_POINT('Ctrl Pts',(-43.4411549437403,30.6999995827675,-3.33415913356165));
#2152=CARTESIAN_POINT('Ctrl Pts',(-44.4748726627574,30.6999995827675,-3.11862481971523));
#2153=CARTESIAN_POINT('Ctrl Pts',(-45.5125712823113,30.6999995827675,-2.94080802915593));
#2154=CARTESIAN_POINT('Ctrl Pts',(-46.5588463973642,30.6999995827675,-2.80529320155762));
#2155=CARTESIAN_POINT('',(-46.5588463973642,30.6999995827675,-2.5));
#2156=CARTESIAN_POINT('',(-46.5588463973642,30.6999995827675,-2.5));
#2157=CARTESIAN_POINT('',(-46.5588463973642,30.6999995827675,-2.5));
#2158=CARTESIAN_POINT('Origin',(-48.1176921241762,27.9999995827675,-2.5));
#2159=CARTESIAN_POINT('',(-47.2870151399319,29.4387743241568,-2.81940979534406));
#2160=CARTESIAN_POINT('Ctrl Pts',(-46.5588463973642,30.6999995827675,-2.80529320155762));
#2161=CARTESIAN_POINT('Ctrl Pts',(-46.8019523783961,30.2789276719965,-2.81245167154873));
#2162=CARTESIAN_POINT('Ctrl Pts',(-47.0466322844593,29.8551296431038,-2.8168309038022));
#2163=CARTESIAN_POINT('Ctrl Pts',(-47.2870151399319,29.4387743241567,-2.81940979534406));
#2164=CARTESIAN_POINT('',(-48.1176921241762,27.9999995827675,-2.5));
#2165=CARTESIAN_POINT('',(-48.1176921241762,27.9999995827675,-2.5));
#2166=CARTESIAN_POINT('',(-48.1176921241762,27.9999995827675,-2.82434327654269));
#2167=CARTESIAN_POINT('',(-48.1176921241762,27.9999995827675,-2.5));
#2168=CARTESIAN_POINT('Ctrl Pts',(-47.2870151399319,29.4387743241568,-2.81940979534406));
#2169=CARTESIAN_POINT('Ctrl Pts',(-47.5689783762526,28.9503996729828,-2.82243477232852));
#2170=CARTESIAN_POINT('Ctrl Pts',(-47.8463443579749,28.4699877003486,-2.82404220218955));
#2171=CARTESIAN_POINT('Ctrl Pts',(-48.1176921241762,27.9999995827675,-2.82434327654269));
#2172=CARTESIAN_POINT('Origin',(-46.5588463973642,25.2999995827675,-2.5));
#2173=CARTESIAN_POINT('',(-46.5588463973642,25.2999995827675,-3.41358390503128));
#2174=CARTESIAN_POINT('Ctrl Pts',(-48.1176921241762,27.9999995827675,-2.82434327654269));
#2175=CARTESIAN_POINT('Ctrl Pts',(-47.8971839969492,27.6180683029283,-2.88659373326785));
#2176=CARTESIAN_POINT('Ctrl Pts',(-47.6763908824387,27.2356434106348,-2.95787674190105));
#2177=CARTESIAN_POINT('Ctrl Pts',(-47.1548966987319,26.332388988603,-3.14736447277931));
#2178=CARTESIAN_POINT('Ctrl Pts',(-46.8548387563667,25.812673387212,-3.27322178858273));
#2179=CARTESIAN_POINT('Ctrl Pts',(-46.5588463973642,25.2999995827675,-3.41358390503128));
#2180=CARTESIAN_POINT('',(-46.5588463973642,25.2999995827675,-2.5));
#2181=CARTESIAN_POINT('',(-46.5588463973642,25.2999995827675,-2.5));
#2182=CARTESIAN_POINT('',(-46.5588463973642,25.2999995827675,-2.5));
#2183=CARTESIAN_POINT('Origin',(-43.4411549437403,25.2999995827675,-2.5));
#2184=CARTESIAN_POINT('',(-43.4411549437403,25.2999995827675,-4.3401683959207));
#2185=CARTESIAN_POINT('Ctrl Pts',(-46.5588463973642,25.2999995827675,-3.41358390503128));
#2186=CARTESIAN_POINT('Ctrl Pts',(-45.4791702337456,25.2999995827675,-3.67733488854792));
#2187=CARTESIAN_POINT('Ctrl Pts',(-44.4290313140137,25.2999995827675,-3.99317759218358));
#2188=CARTESIAN_POINT('Ctrl Pts',(-43.4411549437403,25.2999995827675,-4.3401683959207));
#2189=CARTESIAN_POINT('',(-43.4411549437403,25.2999995827675,-2.5));
#2190=CARTESIAN_POINT('',(-43.4411549437403,25.2999995827675,-2.5));
#2191=CARTESIAN_POINT('',(-43.4411549437403,25.2999995827675,-2.5));
#2192=CARTESIAN_POINT('Origin',(-41.8823092169283,27.9999995827675,-2.5));
#2193=CARTESIAN_POINT('',(-42.7002603957769,26.5832665828909,-4.3290387350008));
#2194=CARTESIAN_POINT('Ctrl Pts',(-42.7002603957769,26.5832665828908,-4.3290387350008));
#2195=CARTESIAN_POINT('Ctrl Pts',(-42.4295100574464,27.0522199250457,-4.32174841309313));
#2196=CARTESIAN_POINT('Ctrl Pts',(-42.1550182807443,27.5276536285535,-4.30975579961428));
#2197=CARTESIAN_POINT('Ctrl Pts',(-41.8823092169283,27.9999995827675,-4.2913661937497));
#2198=CARTESIAN_POINT('Ctrl Pts',(-43.4411549437403,25.2999995827675,-4.3401683959207));
#2199=CARTESIAN_POINT('Ctrl Pts',(-43.1973184900819,25.7223367092412,-4.33941973135504));
#2200=CARTESIAN_POINT('Ctrl Pts',(-42.9501920463655,26.1503722656519,-4.33576848536397));
#2201=CARTESIAN_POINT('Ctrl Pts',(-42.7002603957769,26.5832665828909,-4.3290387350008));
#2202=CARTESIAN_POINT('',(-41.8823092169283,27.9999995827675,-2.5));
#2203=CARTESIAN_POINT('Origin',(-45.0000006705523,27.9999995827675,-2.5));
#2204=CARTESIAN_POINT('',(-43.4000006705523,27.9999995827675,-2.5));
#2205=CARTESIAN_POINT('Origin',(-45.0000006705523,27.9999995827675,-2.5));
#2206=CARTESIAN_POINT('Origin',(42.6721844772233,-11.0546457593025,-2.5));
#2207=CARTESIAN_POINT('',(43.7647992429961,-9.05288995327907,-7.49560380950751));
#2208=CARTESIAN_POINT('',(42.6721844772233,-11.0546457593025,-7.96806392251605));
#2209=CARTESIAN_POINT('Ctrl Pts',(43.7647992429961,-9.05288995327907,-7.49560380950751));
#2210=CARTESIAN_POINT('Ctrl Pts',(43.4006262608629,-9.72008337242194,-7.66160734495467));
#2211=CARTESIAN_POINT('Ctrl Pts',(43.0361883143577,-10.3877622270419,-7.82015865498891));
#2212=CARTESIAN_POINT('Ctrl Pts',(42.6721844772233,-11.0546457593025,-7.96806392251605));
#2213=CARTESIAN_POINT('',(43.7647992429961,-9.05288995327907,-2.5));
#2214=CARTESIAN_POINT('',(43.7647992429961,-9.05288995327907,-2.5));
#2215=CARTESIAN_POINT('',(42.6721844772233,-11.0546457593025,-2.5));
#2216=CARTESIAN_POINT('',(43.7647992429961,-9.05288995327907,-2.5));
#2217=CARTESIAN_POINT('',(42.6721844772233,-11.0546457593025,-2.5));
#2218=CARTESIAN_POINT('Origin',(43.8594484745262,-13.0017558060235,-2.5));
#2219=CARTESIAN_POINT('',(43.8594484745262,-13.0017558060235,-6.7468758556456));
#2220=CARTESIAN_POINT('Ctrl Pts',(42.6721844772233,-11.0546457593025,-7.96806392251605));
#2221=CARTESIAN_POINT('Ctrl Pts',(42.8611439790977,-11.3645388794164,-7.75983434397873));
#2222=CARTESIAN_POINT('Ctrl Pts',(43.0521490951749,-11.6777868018109,-7.5561737898378));
#2223=CARTESIAN_POINT('Ctrl Pts',(43.448156444216,-12.3272378840006,-7.14801392377307));
#2224=CARTESIAN_POINT('Ctrl Pts',(43.6533415898084,-12.6637410200583,-6.94413205782108));
#2225=CARTESIAN_POINT('Ctrl Pts',(43.8594484745262,-13.0017558060235,-6.74687585564561));
#2226=CARTESIAN_POINT('',(43.8594484745262,-13.0017558060235,-2.5));
#2227=CARTESIAN_POINT('',(42.6721844772233,-11.0546457593025,-2.5));
#2228=CARTESIAN_POINT('',(43.8594484745262,-13.0017558060235,-2.5));
#2229=CARTESIAN_POINT('Origin',(46.1393272376019,-12.9471100467209,-2.5));
#2230=CARTESIAN_POINT('',(46.1393272376019,-12.9471100467209,-5.44079499337494));
#2231=CARTESIAN_POINT('Ctrl Pts',(43.8594484745262,-13.0017558060235,-6.7468758556456));
#2232=CARTESIAN_POINT('Ctrl Pts',(44.6033028418252,-12.9839265743249,-6.27125292898662));
#2233=CARTESIAN_POINT('Ctrl Pts',(45.370326549535,-12.9655420033601,-5.83298994992917));
#2234=CARTESIAN_POINT('Ctrl Pts',(46.1393272376019,-12.9471100467209,-5.44079499337494));
#2235=CARTESIAN_POINT('',(46.1393272376019,-12.9471100467209,-2.5));
#2236=CARTESIAN_POINT('',(43.8594484745262,-13.0017558060235,-2.5));
#2237=CARTESIAN_POINT('',(46.1393272376019,-12.9471100467209,-2.5));
#2238=CARTESIAN_POINT('Origin',(47.2319420033747,-10.9453542406975,-2.5));
#2239=CARTESIAN_POINT('',(47.2319420033747,-10.9453542406975,-5.15009460463386));
#2240=CARTESIAN_POINT('Ctrl Pts',(46.1393272376019,-12.9471100467209,-5.44079499337494));
#2241=CARTESIAN_POINT('Ctrl Pts',(46.4203834006508,-12.4321931484454,-5.37067396844003));
#2242=CARTESIAN_POINT('Ctrl Pts',(46.7017524211999,-11.9167030707318,-5.29651993383191));
#2243=CARTESIAN_POINT('Ctrl Pts',(47.0659840894142,-11.2494021340929,-5.19647357971537));
#2244=CARTESIAN_POINT('Ctrl Pts',(47.1489738287858,-11.09735843321,-5.17340598844752));
#2245=CARTESIAN_POINT('Ctrl Pts',(47.2319420033747,-10.9453542406975,-5.15009460463386));
#2246=CARTESIAN_POINT('',(47.2319420033747,-10.9453542406975,-2.5));
#2247=CARTESIAN_POINT('',(46.1393272376019,-12.9471100467209,-2.5));
#2248=CARTESIAN_POINT('',(47.2319420033747,-10.9453542406975,-2.5));
#2249=CARTESIAN_POINT('Origin',(46.0446780060718,-8.99824419397653,-2.5));
#2250=CARTESIAN_POINT('',(46.0446780060718,-8.99824419397653,-6.00736880203082));
#2251=CARTESIAN_POINT('Ctrl Pts',(47.2319420033747,-10.9453542406975,-5.15009460463386));
#2252=CARTESIAN_POINT('Ctrl Pts',(46.8405922195096,-10.3035415539851,-5.41379736018834));
#2253=CARTESIAN_POINT('Ctrl Pts',(46.4436500082805,-9.65255730009763,-5.70015983222085));
#2254=CARTESIAN_POINT('Ctrl Pts',(46.0446780060718,-8.99824419397653,-6.00736880203082));
#2255=CARTESIAN_POINT('',(46.0446780060718,-8.99824419397653,-2.5));
#2256=CARTESIAN_POINT('',(47.2319420033747,-10.9453542406975,-2.5));
#2257=CARTESIAN_POINT('',(46.0446780060718,-8.99824419397653,-2.5));
#2258=CARTESIAN_POINT('Origin',(43.7647992429961,-9.05288995327907,-2.5));
#2259=CARTESIAN_POINT('Ctrl Pts',(46.0446780060718,-8.99824419397653,-6.00736880203082));
#2260=CARTESIAN_POINT('Ctrl Pts',(45.6319344127101,-9.00813712662795,-6.246918672968));
#2261=CARTESIAN_POINT('Ctrl Pts',(45.2231999087917,-9.0179339665659,-6.49941003591105));
#2262=CARTESIAN_POINT('Ctrl Pts',(44.4629319357307,-9.03615661126709,-6.99884650878171));
#2263=CARTESIAN_POINT('Ctrl Pts',(44.1098642253159,-9.04461918981876,-7.24358076765693));
#2264=CARTESIAN_POINT('Ctrl Pts',(43.7647992429961,-9.05288995327907,-7.49560380950751));
#2265=CARTESIAN_POINT('',(46.0446780060718,-8.99824419397653,-2.5));
#2266=CARTESIAN_POINT('Origin',(44.952063240299,-11.,-2.5));
#2267=CARTESIAN_POINT('',(46.152063240299,-11.,-2.5));
#2268=CARTESIAN_POINT('Origin',(44.952063240299,-11.,-2.5));
#2269=CARTESIAN_POINT('Origin',(-46.0446780060718,-8.99824419397654,-2.5));
#2270=CARTESIAN_POINT('',(-43.7647992429961,-9.05288995327908,-7.4956038095075));
#2271=CARTESIAN_POINT('',(-46.0446780060718,-8.99824419397654,-6.00736880203082));
#2272=CARTESIAN_POINT('Ctrl Pts',(-43.7647992429961,-9.05288995327908,-7.49560380950751));
#2273=CARTESIAN_POINT('Ctrl Pts',(-44.1098642253159,-9.04461918981877,-7.24358076765692));
#2274=CARTESIAN_POINT('Ctrl Pts',(-44.4629319357307,-9.03615661126709,-6.9988465087817));
#2275=CARTESIAN_POINT('Ctrl Pts',(-45.2231999087917,-9.0179339665659,-6.49941003591104));
#2276=CARTESIAN_POINT('Ctrl Pts',(-45.6319344127101,-9.00813712662795,-6.24691867296799));
#2277=CARTESIAN_POINT('Ctrl Pts',(-46.0446780060718,-8.99824419397654,-6.00736880203082));
#2278=CARTESIAN_POINT('',(-43.7647992429961,-9.05288995327908,-2.5));
#2279=CARTESIAN_POINT('',(-43.7647992429961,-9.05288995327908,-2.5));
#2280=CARTESIAN_POINT('',(-46.0446780060718,-8.99824419397654,-2.5));
#2281=CARTESIAN_POINT('',(-46.0446780060718,-8.99824419397654,-2.5));
#2282=CARTESIAN_POINT('',(-46.0446780060718,-8.99824419397654,-2.5));
#2283=CARTESIAN_POINT('Origin',(-47.2319420033747,-10.9453542406975,-2.5));
#2284=CARTESIAN_POINT('',(-47.2319420033747,-10.9453542406975,-5.15009460463386));
#2285=CARTESIAN_POINT('Ctrl Pts',(-46.0446780060718,-8.99824419397654,-6.00736880203082));
#2286=CARTESIAN_POINT('Ctrl Pts',(-46.4436462303948,-9.65255110437431,-5.70016274119786));
#2287=CARTESIAN_POINT('Ctrl Pts',(-46.8405767284617,-10.3035161487045,-5.41380779850257));
#2288=CARTESIAN_POINT('Ctrl Pts',(-47.2319420033747,-10.9453542406975,-5.15009460463386));
#2289=CARTESIAN_POINT('',(-47.2319420033747,-10.9453542406975,-2.5));
#2290=CARTESIAN_POINT('',(-47.2319420033747,-10.9453542406975,-2.5));
#2291=CARTESIAN_POINT('',(-47.2319420033747,-10.9453542406975,-2.5));
#2292=CARTESIAN_POINT('Origin',(-46.1393272376019,-12.9471100467209,-2.5));
#2293=CARTESIAN_POINT('',(-46.1393272376019,-12.9471100467209,-5.44079499337494));
#2294=CARTESIAN_POINT('Ctrl Pts',(-47.2319420033747,-10.9453542406975,-5.15009460463386));
#2295=CARTESIAN_POINT('Ctrl Pts',(-47.1489738287858,-11.09735843321,-5.17340598844751));
#2296=CARTESIAN_POINT('Ctrl Pts',(-47.0659840894142,-11.249402134093,-5.19647357971537));
#2297=CARTESIAN_POINT('Ctrl Pts',(-46.7017524211999,-11.9167030707318,-5.29651993383192));
#2298=CARTESIAN_POINT('Ctrl Pts',(-46.4203834006508,-12.4321931484454,-5.37067396844003));
#2299=CARTESIAN_POINT('Ctrl Pts',(-46.1393272376019,-12.9471100467209,-5.44079499337494));
#2300=CARTESIAN_POINT('',(-46.1393272376019,-12.9471100467209,-2.5));
#2301=CARTESIAN_POINT('',(-46.1393272376019,-12.9471100467209,-2.5));
#2302=CARTESIAN_POINT('',(-46.1393272376019,-12.9471100467209,-2.5));
#2303=CARTESIAN_POINT('Origin',(-43.8594484745262,-13.0017558060235,-2.5));
#2304=CARTESIAN_POINT('',(-43.8594484745262,-13.0017558060235,-6.7468758556456));
#2305=CARTESIAN_POINT('Ctrl Pts',(-46.139327237602,-12.9471100467209,-5.44079499337493));
#2306=CARTESIAN_POINT('Ctrl Pts',(-45.3703315165921,-12.9655418843061,-5.83298741670028));
#2307=CARTESIAN_POINT('Ctrl Pts',(-44.603315273418,-12.9839262763556,-6.27124498018533));
#2308=CARTESIAN_POINT('Ctrl Pts',(-43.8594484745262,-13.0017558060235,-6.7468758556456));
#2309=CARTESIAN_POINT('',(-43.8594484745262,-13.0017558060235,-2.5));
#2310=CARTESIAN_POINT('',(-43.8594484745262,-13.0017558060235,-2.5));
#2311=CARTESIAN_POINT('',(-43.8594484745262,-13.0017558060235,-2.5));
#2312=CARTESIAN_POINT('Origin',(-42.6721844772233,-11.0546457593025,-2.5));
#2313=CARTESIAN_POINT('',(-42.6721844772233,-11.0546457593025,-7.96806392251605));
#2314=CARTESIAN_POINT('Ctrl Pts',(-43.8594484745262,-13.0017558060235,-6.7468758556456));
#2315=CARTESIAN_POINT('Ctrl Pts',(-43.6533415898084,-12.6637410200583,-6.94413205782109));
#2316=CARTESIAN_POINT('Ctrl Pts',(-43.448156444216,-12.3272378840006,-7.14801392377307));
#2317=CARTESIAN_POINT('Ctrl Pts',(-43.0521490951749,-11.6777868018109,-7.55617378983781));
#2318=CARTESIAN_POINT('Ctrl Pts',(-42.8611439790977,-11.3645388794164,-7.75983434397873));
#2319=CARTESIAN_POINT('Ctrl Pts',(-42.6721844772233,-11.0546457593025,-7.96806392251605));
#2320=CARTESIAN_POINT('',(-42.6721844772233,-11.0546457593025,-2.5));
#2321=CARTESIAN_POINT('',(-42.6721844772233,-11.0546457593025,-2.5));
#2322=CARTESIAN_POINT('',(-42.6721844772233,-11.0546457593025,-2.5));
#2323=CARTESIAN_POINT('Origin',(-43.7647992429961,-9.05288995327908,-2.5));
#2324=CARTESIAN_POINT('Ctrl Pts',(-42.6721844772233,-11.0546457593026,-7.96806392251605));
#2325=CARTESIAN_POINT('Ctrl Pts',(-43.0361881707026,-10.3877624902294,-7.82015871336013));
#2326=CARTESIAN_POINT('Ctrl Pts',(-43.4006251212558,-9.72008546027144,-7.66160786442981));
#2327=CARTESIAN_POINT('Ctrl Pts',(-43.7647992429961,-9.05288995327907,-7.49560380950751));
#2328=CARTESIAN_POINT('',(-43.7647992429961,-9.05288995327908,-2.5));
#2329=CARTESIAN_POINT('Origin',(-44.952063240299,-11.,-2.5));
#2330=CARTESIAN_POINT('Origin',(41.8823092169283,27.9999995827675,-2.5));
#2331=CARTESIAN_POINT('',(43.4411549437403,30.6999995827675,-3.35742465345604));
#2332=CARTESIAN_POINT('',(41.8823092169283,27.9999995827675,-4.2964281338128));
#2333=CARTESIAN_POINT('Ctrl Pts',(43.4411549437403,30.6999995827675,-3.35742465345604));
#2334=CARTESIAN_POINT('Ctrl Pts',(42.9008263067455,29.7641229307081,-3.6212898075119));
#2335=CARTESIAN_POINT('Ctrl Pts',(42.3753018360065,28.8538878467675,-3.94174183733194));
#2336=CARTESIAN_POINT('Ctrl Pts',(41.8823092169283,27.9999995827675,-4.2964281338128));
#2337=CARTESIAN_POINT('',(43.4411549437403,30.6999995827675,-2.5));
#2338=CARTESIAN_POINT('',(43.4411549437403,30.6999995827675,-2.5));
#2339=CARTESIAN_POINT('',(41.8823092169283,27.9999995827675,-2.5));
#2340=CARTESIAN_POINT('',(43.4411549437403,30.6999995827675,-2.5));
#2341=CARTESIAN_POINT('',(41.8823092169283,27.9999995827675,-2.5));
#2342=CARTESIAN_POINT('Origin',(43.4411549437403,25.2999995827675,-2.5));
#2343=CARTESIAN_POINT('',(43.4411549437403,25.2999995827675,-4.3401683959207));
#2344=CARTESIAN_POINT('Ctrl Pts',(41.8823092169283,27.9999995827675,-4.2964281338128));
#2345=CARTESIAN_POINT('Ctrl Pts',(42.4132393225305,27.0804016645965,-4.32438622681641));
#2346=CARTESIAN_POINT('Ctrl Pts',(42.9343045563809,26.1778902055099,-4.33861218511048));
#2347=CARTESIAN_POINT('Ctrl Pts',(43.4411549437403,25.2999995827675,-4.3401683959207));
#2348=CARTESIAN_POINT('',(43.4411549437403,25.2999995827675,-2.5));
#2349=CARTESIAN_POINT('',(41.8823092169283,27.9999995827675,-2.5));
#2350=CARTESIAN_POINT('',(43.4411549437403,25.2999995827675,-2.5));
#2351=CARTESIAN_POINT('Origin',(46.5588463973642,25.2999995827675,-2.5));
#2352=CARTESIAN_POINT('',(46.5588463973642,25.2999995827675,-3.41358390503128));
#2353=CARTESIAN_POINT('Ctrl Pts',(43.4411549437403,25.2999995827675,-4.3401683959207));
#2354=CARTESIAN_POINT('Ctrl Pts',(44.4289831102677,25.2999995827675,-3.99319452371172));
#2355=CARTESIAN_POINT('Ctrl Pts',(45.4791358830109,25.2999995827675,-3.67734327999006));
#2356=CARTESIAN_POINT('Ctrl Pts',(46.5588463973642,25.2999995827675,-3.41358390503128));
#2357=CARTESIAN_POINT('',(46.5588463973642,25.2999995827675,-2.5));
#2358=CARTESIAN_POINT('',(43.4411549437403,25.2999995827675,-2.5));
#2359=CARTESIAN_POINT('',(46.5588463973642,25.2999995827675,-2.5));
#2360=CARTESIAN_POINT('Origin',(48.1176921241762,27.9999995827675,-2.5));
#2361=CARTESIAN_POINT('',(48.1176921241762,27.9999995827675,-2.82434327654269));
#2362=CARTESIAN_POINT('Ctrl Pts',(46.5588463973642,25.2999995827675,-3.41358390503128));
#2363=CARTESIAN_POINT('Ctrl Pts',(46.8548387563667,25.812673387212,-3.27322178858273));
#2364=CARTESIAN_POINT('Ctrl Pts',(47.1548966987319,26.332388988603,-3.1473644727793));
#2365=CARTESIAN_POINT('Ctrl Pts',(47.6763908824386,27.2356434106348,-2.95787674190105));
#2366=CARTESIAN_POINT('Ctrl Pts',(47.8971839969492,27.6180683029283,-2.88659373326785));
#2367=CARTESIAN_POINT('Ctrl Pts',(48.1176921241762,27.9999995827675,-2.82434327654269));
#2368=CARTESIAN_POINT('',(48.1176921241762,27.9999995827675,-2.5));
#2369=CARTESIAN_POINT('',(46.5588463973642,25.2999995827675,-2.5));
#2370=CARTESIAN_POINT('',(48.1176921241762,27.9999995827675,-2.5));
#2371=CARTESIAN_POINT('Origin',(46.5588463973642,30.6999995827675,-2.5));
#2372=CARTESIAN_POINT('',(46.5588463973642,30.6999995827675,-2.8086259572816));
#2373=CARTESIAN_POINT('Ctrl Pts',(48.1176921241762,27.9999995827675,-2.82434327654269));
#2374=CARTESIAN_POINT('Ctrl Pts',(47.6156773749818,28.8695146345212,-2.82378626526524));
#2375=CARTESIAN_POINT('Ctrl Pts',(47.0930623365596,29.7747104338681,-2.81867605468016));
#2376=CARTESIAN_POINT('Ctrl Pts',(46.5588463973642,30.6999995827675,-2.8086259572816));
#2377=CARTESIAN_POINT('',(46.5588463973642,30.6999995827675,-2.5));
#2378=CARTESIAN_POINT('',(48.1176921241762,27.9999995827675,-2.5));
#2379=CARTESIAN_POINT('',(46.5588463973642,30.6999995827675,-2.5));
#2380=CARTESIAN_POINT('Origin',(43.4411549437403,30.6999995827675,-2.5));
#2381=CARTESIAN_POINT('Ctrl Pts',(46.5588463973642,30.6999995827675,-2.8086259572816));
#2382=CARTESIAN_POINT('Ctrl Pts',(46.0335562740861,30.6999995827675,-2.87817923953662));
#2383=CARTESIAN_POINT('Ctrl Pts',(45.5069837105492,30.6999995827675,-2.95956473941012));
#2384=CARTESIAN_POINT('Ctrl Pts',(44.4657975956316,30.6999995827675,-3.14337406516566));
#2385=CARTESIAN_POINT('Ctrl Pts',(43.9510745440837,30.6999995827675,-3.24545971289065));
#2386=CARTESIAN_POINT('Ctrl Pts',(43.4411549437403,30.6999995827675,-3.35742465345604));
#2387=CARTESIAN_POINT('',(46.5588463973642,30.6999995827675,-2.5));
#2388=CARTESIAN_POINT('Origin',(45.0000006705523,27.9999995827675,-2.5));
#2389=CARTESIAN_POINT('',(46.6000006705523,27.9999995827675,-2.5));
#2390=CARTESIAN_POINT('Origin',(45.0000006705523,27.9999995827675,-2.5));
#2391=CARTESIAN_POINT('Origin',(-42.671529677,11.0050166143016,-2.5));
#2392=CARTESIAN_POINT('',(-43.8117964586495,9.03001661430156,-7.46463885460945));
#2393=CARTESIAN_POINT('',(-42.671529677,11.0050166143016,-7.97850020772564));
#2394=CARTESIAN_POINT('Ctrl Pts',(-43.8117964586495,9.03001661430156,-7.46463885460945));
#2395=CARTESIAN_POINT('Ctrl Pts',(-43.7424778965435,9.15007988577669,-7.49721918827696));
#2396=CARTESIAN_POINT('Ctrl Pts',(-43.6731421094672,9.27017299177563,-7.52959647824324));
#2397=CARTESIAN_POINT('Ctrl Pts',(-43.2932268646642,9.92820549834455,-7.70574430317186));
#2398=CARTESIAN_POINT('Ctrl Pts',(-42.98234642177,10.4666662205168,-7.84527485109339));
#2399=CARTESIAN_POINT('Ctrl Pts',(-42.671529677,11.0050166143016,-7.97850020772564));
#2400=CARTESIAN_POINT('',(-43.8117964586495,9.03001661430156,-2.5));
#2401=CARTESIAN_POINT('',(-43.8117964586495,9.03001661430156,-2.5));
#2402=CARTESIAN_POINT('',(-42.671529677,11.0050166143016,-2.5));
#2403=CARTESIAN_POINT('',(-42.671529677,11.0050166143016,-2.5));
#2404=CARTESIAN_POINT('',(-42.671529677,11.0050166143016,-2.5));
#2405=CARTESIAN_POINT('Origin',(-43.8117964586495,12.9800166143016,-2.5));
#2406=CARTESIAN_POINT('',(-43.8117964586495,12.9800166143016,-6.78180662105857));
#2407=CARTESIAN_POINT('Ctrl Pts',(-42.671529677,11.0050166143016,-7.97850020772563));
#2408=CARTESIAN_POINT('Ctrl Pts',(-42.8432329876797,11.3024154722266,-7.78606886916228));
#2409=CARTESIAN_POINT('Ctrl Pts',(-43.0165300363129,11.6025747652609,-7.59751407406493));
#2410=CARTESIAN_POINT('Ctrl Pts',(-43.3965542546671,12.2607960195571,-7.19644537325807));
#2411=CARTESIAN_POINT('Ctrl Pts',(-43.6037410980148,12.6196541588953,-6.98565055431099));
#2412=CARTESIAN_POINT('Ctrl Pts',(-43.8117964586495,12.9800166143016,-6.78180662105857));
#2413=CARTESIAN_POINT('',(-43.8117964586495,12.9800166143016,-2.5));
#2414=CARTESIAN_POINT('',(-43.8117964586495,12.9800166143016,-2.5));
#2415=CARTESIAN_POINT('',(-43.8117964586495,12.9800166143016,-2.5));
#2416=CARTESIAN_POINT('Origin',(-46.0923300219485,12.9800166143016,-2.5));
#2417=CARTESIAN_POINT('',(-46.0923300219485,12.9800166143016,-5.46021244370839));
#2418=CARTESIAN_POINT('Ctrl Pts',(-43.8117964586495,12.9800166143016,-6.78180662105858));
#2419=CARTESIAN_POINT('Ctrl Pts',(-44.554822280319,12.9800166143016,-6.30070076647246));
#2420=CARTESIAN_POINT('Ctrl Pts',(-45.3221740212749,12.9800166143016,-5.85712386189747));
#2421=CARTESIAN_POINT('Ctrl Pts',(-46.0923300219485,12.9800166143016,-5.46021244370839));
#2422=CARTESIAN_POINT('',(-46.0923300219485,12.9800166143016,-2.5));
#2423=CARTESIAN_POINT('',(-46.0923300219485,12.9800166143016,-2.5));
#2424=CARTESIAN_POINT('',(-46.0923300219485,12.9800166143016,-2.5));
#2425=CARTESIAN_POINT('Origin',(-47.232596803598,11.0050166143016,-2.5));
#2426=CARTESIAN_POINT('',(-47.232596803598,11.0050166143016,-5.1430123945156));
#2427=CARTESIAN_POINT('Ctrl Pts',(-46.0923300219485,12.9800166143016,-5.46021244370839));
#2428=CARTESIAN_POINT('Ctrl Pts',(-46.2252913464245,12.7497208448676,-5.42511199010379));
#2429=CARTESIAN_POINT('Ctrl Pts',(-46.3582641218059,12.5194052418834,-5.38927060897796));
#2430=CARTESIAN_POINT('Ctrl Pts',(-46.7385182178281,11.8607858277868,-5.28489950785733));
#2431=CARTESIAN_POINT('Ctrl Pts',(-46.9857367422875,11.4325907828509,-5.21476960123652));
#2432=CARTESIAN_POINT('Ctrl Pts',(-47.232596803598,11.0050166143016,-5.1430123945156));
#2433=CARTESIAN_POINT('',(-47.232596803598,11.0050166143016,-2.5));
#2434=CARTESIAN_POINT('',(-47.232596803598,11.0050166143016,-2.5));
#2435=CARTESIAN_POINT('',(-47.232596803598,11.0050166143016,-2.5));
#2436=CARTESIAN_POINT('Origin',(-46.0923300219485,9.03001661430156,-2.5));
#2437=CARTESIAN_POINT('',(-46.0923300219485,9.03001661430156,-5.9760463160771));
#2438=CARTESIAN_POINT('Ctrl Pts',(-47.232596803598,11.0050166143016,-5.1430123945156));
#2439=CARTESIAN_POINT('Ctrl Pts',(-46.8470134556814,10.3371666651574,-5.40676607373711));
#2440=CARTESIAN_POINT('Ctrl Pts',(-46.4663605841232,9.67785655157168,-5.68559399590062));
#2441=CARTESIAN_POINT('Ctrl Pts',(-46.0923300219485,9.03001661430156,-5.9760463160771));
#2442=CARTESIAN_POINT('',(-46.0923300219485,9.03001661430156,-2.5));
#2443=CARTESIAN_POINT('',(-46.0923300219485,9.03001661430156,-2.5));
#2444=CARTESIAN_POINT('',(-46.0923300219485,9.03001661430156,-2.5));
#2445=CARTESIAN_POINT('Origin',(-43.8117964586495,9.03001661430156,-2.5));
#2446=CARTESIAN_POINT('Ctrl Pts',(-46.0923300219485,9.03001661430156,-5.97604631607711));
#2447=CARTESIAN_POINT('Ctrl Pts',(-45.6684279884066,9.03001661430156,-6.22182606985657));
#2448=CARTESIAN_POINT('Ctrl Pts',(-45.2487011720094,9.03001661430156,-6.48140694883398));
#2449=CARTESIAN_POINT('Ctrl Pts',(-44.4889397205939,9.03001661430156,-6.98214069761525));
#2450=CARTESIAN_POINT('Ctrl Pts',(-44.1465945444547,9.03001661430156,-7.21991721836592));
#2451=CARTESIAN_POINT('Ctrl Pts',(-43.8117964586495,9.03001661430156,-7.46463885460945));
#2452=CARTESIAN_POINT('',(-43.8117964586495,9.03001661430156,-2.5));
#2453=CARTESIAN_POINT('Origin',(-44.952063240299,11.0050166143016,-2.5));
#2454=CARTESIAN_POINT('Origin',(41.8823092169283,-28.0000004172325,-2.5));
#2455=CARTESIAN_POINT('',(43.4411549437403,-25.3000004172325,-4.34016822521711));
#2456=CARTESIAN_POINT('',(41.8823092169283,-28.0000004172325,-4.29642794781873));
#2457=CARTESIAN_POINT('Ctrl Pts',(43.4411549437403,-25.3000004172325,-4.34016822521711));
#2458=CARTESIAN_POINT('Ctrl Pts',(42.9343050093706,-26.1778902553737,-4.33861200996835));
#2459=CARTESIAN_POINT('Ctrl Pts',(42.4132395637154,-27.080402081317,-4.32438605775652));
#2460=CARTESIAN_POINT('Ctrl Pts',(41.8823092169283,-28.0000004172325,-4.29642794781873));
#2461=CARTESIAN_POINT('',(43.4411549437403,-25.3000004172325,-2.5));
#2462=CARTESIAN_POINT('',(43.4411549437403,-25.3000004172325,-2.5));
#2463=CARTESIAN_POINT('',(41.8823092169283,-28.0000004172325,-2.5));
#2464=CARTESIAN_POINT('',(43.4411549437403,-25.3000004172325,-2.5));
#2465=CARTESIAN_POINT('',(41.8823092169283,-28.0000004172325,-2.5));
#2466=CARTESIAN_POINT('Origin',(43.4411549437403,-30.7000004172325,-2.5));
#2467=CARTESIAN_POINT('',(43.4411549437403,-30.7000004172325,-3.35742452396925));
#2468=CARTESIAN_POINT('Ctrl Pts',(41.8823092169283,-28.0000004172325,-4.29642794781873));
#2469=CARTESIAN_POINT('Ctrl Pts',(42.3752756503985,-28.8538433264289,-3.94176050883219));
#2470=CARTESIAN_POINT('Ctrl Pts',(42.9008061673975,-29.7640888827992,-3.62129949347998));
#2471=CARTESIAN_POINT('Ctrl Pts',(43.4411549437403,-30.7000004172325,-3.35742452396925));
#2472=CARTESIAN_POINT('',(43.4411549437403,-30.7000004172325,-2.5));
#2473=CARTESIAN_POINT('',(41.8823092169283,-28.0000004172325,-2.5));
#2474=CARTESIAN_POINT('',(43.4411549437403,-30.7000004172325,-2.5));
#2475=CARTESIAN_POINT('Origin',(46.5588463973642,-30.7000004172325,-2.5));
#2476=CARTESIAN_POINT('',(46.5588463973642,-30.7000004172325,-2.80862588442605));
#2477=CARTESIAN_POINT('Ctrl Pts',(43.4411549437403,-30.7000004172325,-3.35742452396925));
#2478=CARTESIAN_POINT('Ctrl Pts',(43.951074350544,-30.7000004172325,-3.24545963582116));
#2479=CARTESIAN_POINT('Ctrl Pts',(44.4657972035132,-30.7000004172325,-3.14337403302102));
#2480=CARTESIAN_POINT('Ctrl Pts',(45.5069833155555,-30.7000004172325,-2.95956470944104));
#2481=CARTESIAN_POINT('Ctrl Pts',(46.0335560776656,-30.7000004172325,-2.8781791837523));
#2482=CARTESIAN_POINT('Ctrl Pts',(46.5588463973642,-30.7000004172325,-2.80862588442605));
#2483=CARTESIAN_POINT('',(46.5588463973642,-30.7000004172325,-2.5));
#2484=CARTESIAN_POINT('',(43.4411549437403,-30.7000004172325,-2.5));
#2485=CARTESIAN_POINT('',(46.5588463973642,-30.7000004172325,-2.5));
#2486=CARTESIAN_POINT('Origin',(48.1176921241762,-28.0000004172325,-2.5));
#2487=CARTESIAN_POINT('',(48.1176921241762,-28.0000004172325,-2.82434320827126));
#2488=CARTESIAN_POINT('Ctrl Pts',(46.5588463973642,-30.7000004172325,-2.80862588442605));
#2489=CARTESIAN_POINT('Ctrl Pts',(47.0930622669061,-29.7747113889764,-2.81867598141877));
#2490=CARTESIAN_POINT('Ctrl Pts',(47.6156770853582,-28.869515970629,-2.82378619461633));
#2491=CARTESIAN_POINT('Ctrl Pts',(48.1176921241762,-28.0000004172325,-2.82434320827126));
#2492=CARTESIAN_POINT('',(48.1176921241762,-28.0000004172325,-2.5));
#2493=CARTESIAN_POINT('',(46.5588463973642,-30.7000004172325,-2.5));
#2494=CARTESIAN_POINT('',(48.1176921241762,-28.0000004172325,-2.5));
#2495=CARTESIAN_POINT('Origin',(46.5588463973642,-25.3000004172325,-2.5));
#2496=CARTESIAN_POINT('',(46.5588463973642,-25.3000004172325,-3.41358379426004));
#2497=CARTESIAN_POINT('Ctrl Pts',(48.1176921241762,-28.0000004172325,-2.82434320827126));
#2498=CARTESIAN_POINT('Ctrl Pts',(47.8971839194104,-27.6180690030924,-2.88659368066686));
#2499=CARTESIAN_POINT('Ctrl Pts',(47.6763907267818,-27.2356439754941,-2.95787671153372));
#2500=CARTESIAN_POINT('Ctrl Pts',(47.1548965446582,-26.3323895562045,-3.14736444249079));
#2501=CARTESIAN_POINT('Ctrl Pts',(46.8548386807102,-25.812674090636,-3.27322172149575));
#2502=CARTESIAN_POINT('Ctrl Pts',(46.5588463973642,-25.3000004172325,-3.41358379426004));
#2503=CARTESIAN_POINT('',(46.5588463973642,-25.3000004172325,-2.5));
#2504=CARTESIAN_POINT('',(48.1176921241762,-28.0000004172325,-2.5));
#2505=CARTESIAN_POINT('',(46.5588463973642,-25.3000004172325,-2.5));
#2506=CARTESIAN_POINT('Origin',(43.4411549437403,-25.3000004172325,-2.5));
#2507=CARTESIAN_POINT('Ctrl Pts',(46.5588463973642,-25.3000004172325,-3.41358379426004));
#2508=CARTESIAN_POINT('Ctrl Pts',(45.4791702407924,-25.3000004172325,-3.67733475716694));
#2509=CARTESIAN_POINT('Ctrl Pts',(44.4290313215992,-25.3000004172325,-3.99317743975123));
#2510=CARTESIAN_POINT('Ctrl Pts',(43.4411549437403,-25.3000004172325,-4.34016822521711));
#2511=CARTESIAN_POINT('',(46.5588463973642,-25.3000004172325,-2.5));
#2512=CARTESIAN_POINT('Origin',(45.0000006705523,-28.0000004172325,-2.5));
#2513=CARTESIAN_POINT('',(46.6000006705523,-28.0000004172325,-2.5));
#2514=CARTESIAN_POINT('Origin',(45.0000006705523,-28.0000004172325,-2.5));
#2515=CARTESIAN_POINT('Origin',(-48.1176921241762,-28.0000004172325,-2.5));
#2516=CARTESIAN_POINT('',(-46.5588463973642,-25.3000004172325,-3.41358379426004));
#2517=CARTESIAN_POINT('',(-48.1176921241762,-28.0000004172325,-2.82434320827126));
#2518=CARTESIAN_POINT('Ctrl Pts',(-46.5588463973642,-25.3000004172325,-3.41358379426004));
#2519=CARTESIAN_POINT('Ctrl Pts',(-46.8548386807102,-25.812674090636,-3.27322172149575));
#2520=CARTESIAN_POINT('Ctrl Pts',(-47.1548965446582,-26.3323895562045,-3.14736444249079));
#2521=CARTESIAN_POINT('Ctrl Pts',(-47.6763907267817,-27.2356439754941,-2.95787671153373));
#2522=CARTESIAN_POINT('Ctrl Pts',(-47.8971839194104,-27.6180690030924,-2.88659368066686));
#2523=CARTESIAN_POINT('Ctrl Pts',(-48.1176921241762,-28.0000004172325,-2.82434320827126));
#2524=CARTESIAN_POINT('',(-46.5588463973642,-25.3000004172325,-2.5));
#2525=CARTESIAN_POINT('',(-46.5588463973642,-25.3000004172325,-2.5));
#2526=CARTESIAN_POINT('',(-48.1176921241762,-28.0000004172325,-2.5));
#2527=CARTESIAN_POINT('',(-48.1176921241762,-28.0000004172325,-2.5));
#2528=CARTESIAN_POINT('',(-48.1176921241762,-28.0000004172325,-2.5));
#2529=CARTESIAN_POINT('Origin',(-46.5588463973642,-30.7000004172325,-2.5));
#2530=CARTESIAN_POINT('',(-46.5588463973642,-30.7000004172325,-2.80862588442605));
#2531=CARTESIAN_POINT('Ctrl Pts',(-48.1176921241762,-28.0000004172325,-2.82434320827126));
#2532=CARTESIAN_POINT('Ctrl Pts',(-47.6156773730038,-28.8695154724122,-2.82378619493549));
#2533=CARTESIAN_POINT('Ctrl Pts',(-47.0930623344318,-29.7747112720185,-2.81867598268912));
#2534=CARTESIAN_POINT('Ctrl Pts',(-46.5588463973642,-30.7000004172325,-2.80862588442605));
#2535=CARTESIAN_POINT('',(-46.5588463973642,-30.7000004172325,-2.5));
#2536=CARTESIAN_POINT('',(-46.5588463973642,-30.7000004172325,-2.5));
#2537=CARTESIAN_POINT('',(-46.5588463973642,-30.7000004172325,-2.5));
#2538=CARTESIAN_POINT('Origin',(-43.4411549437403,-30.7000004172325,-2.5));
#2539=CARTESIAN_POINT('',(-43.4411549437403,-30.7000004172325,-3.35742452396925));
#2540=CARTESIAN_POINT('Ctrl Pts',(-46.5588463973642,-30.7000004172325,-2.80862588442605));
#2541=CARTESIAN_POINT('Ctrl Pts',(-46.0335560776656,-30.7000004172325,-2.8781791837523));
#2542=CARTESIAN_POINT('Ctrl Pts',(-45.5069833155555,-30.7000004172325,-2.95956470944103));
#2543=CARTESIAN_POINT('Ctrl Pts',(-44.4657972035132,-30.7000004172325,-3.14337403302101));
#2544=CARTESIAN_POINT('Ctrl Pts',(-43.951074350544,-30.7000004172325,-3.24545963582116));
#2545=CARTESIAN_POINT('Ctrl Pts',(-43.4411549437403,-30.7000004172325,-3.35742452396925));
#2546=CARTESIAN_POINT('',(-43.4411549437403,-30.7000004172325,-2.5));
#2547=CARTESIAN_POINT('',(-43.4411549437403,-30.7000004172325,-2.5));
#2548=CARTESIAN_POINT('',(-43.4411549437403,-30.7000004172325,-2.5));
#2549=CARTESIAN_POINT('Origin',(-41.8823092169283,-28.0000004172325,-2.5));
#2550=CARTESIAN_POINT('',(-41.8823092169283,-28.0000004172325,-4.29642794781873));
#2551=CARTESIAN_POINT('Ctrl Pts',(-43.4411549437403,-30.7000004172325,-3.35742452396925));
#2552=CARTESIAN_POINT('Ctrl Pts',(-42.9008263101783,-29.764123771119,-3.62128965691532));
#2553=CARTESIAN_POINT('Ctrl Pts',(-42.375301839522,-28.8538886873215,-3.94174166692179));
#2554=CARTESIAN_POINT('Ctrl Pts',(-41.8823092169283,-28.0000004172325,-4.29642794781873));
#2555=CARTESIAN_POINT('',(-41.8823092169283,-28.0000004172325,-2.5));
#2556=CARTESIAN_POINT('',(-41.8823092169283,-28.0000004172325,-2.5));
#2557=CARTESIAN_POINT('',(-41.8823092169283,-28.0000004172325,-2.5));
#2558=CARTESIAN_POINT('Origin',(-43.4411549437403,-25.3000004172325,-2.5));
#2559=CARTESIAN_POINT('',(-43.4411549437403,-25.3000004172325,-4.34016822521711));
#2560=CARTESIAN_POINT('Ctrl Pts',(-41.8823092169283,-28.0000004172325,-4.29642794781873));
#2561=CARTESIAN_POINT('Ctrl Pts',(-42.4132393214733,-27.0804025008927,-4.32438604500037));
#2562=CARTESIAN_POINT('Ctrl Pts',(-42.9343045553271,-26.1778910418002,-4.33861200857427));
#2563=CARTESIAN_POINT('Ctrl Pts',(-43.4411549437403,-25.3000004172325,-4.34016822521711));
#2564=CARTESIAN_POINT('',(-43.4411549437403,-25.3000004172325,-2.5));
#2565=CARTESIAN_POINT('',(-43.4411549437403,-25.3000004172325,-2.5));
#2566=CARTESIAN_POINT('',(-43.4411549437403,-25.3000004172325,-2.5));
#2567=CARTESIAN_POINT('Origin',(-46.5588463973642,-25.3000004172325,-2.5));
#2568=CARTESIAN_POINT('Ctrl Pts',(-43.4411549437403,-25.3000004172325,-4.34016822521711));
#2569=CARTESIAN_POINT('Ctrl Pts',(-44.4289831178353,-25.3000004172325,-3.99319437128464));
#2570=CARTESIAN_POINT('Ctrl Pts',(-45.479135890034,-25.3000004172325,-3.67734314861428));
#2571=CARTESIAN_POINT('Ctrl Pts',(-46.5588463973643,-25.3000004172325,-3.41358379426004));
#2572=CARTESIAN_POINT('',(-46.5588463973642,-25.3000004172325,-2.5));
#2573=CARTESIAN_POINT('Origin',(-45.0000006705523,-28.0000004172325,-2.5));
#2574=CARTESIAN_POINT('',(-43.4000006705523,-28.0000004172325,-2.5));
#2575=CARTESIAN_POINT('Origin',(-45.0000006705523,-28.0000004172325,-2.5));
#2576=CARTESIAN_POINT('Origin',(42.671529677,11.0050166143016,-2.5));
#2577=CARTESIAN_POINT('',(43.8117964586495,12.9800166143016,-6.78180662105857));
#2578=CARTESIAN_POINT('',(42.671529677,11.0050166143016,-7.97850020772564));
#2579=CARTESIAN_POINT('Ctrl Pts',(43.8117964586495,12.9800166143016,-6.78180662105857));
#2580=CARTESIAN_POINT('Ctrl Pts',(43.6037410980148,12.6196541588953,-6.98565055431099));
#2581=CARTESIAN_POINT('Ctrl Pts',(43.3965542546671,12.2607960195571,-7.19644537325807));
#2582=CARTESIAN_POINT('Ctrl Pts',(43.0165300363128,11.6025747652609,-7.59751407406493));
#2583=CARTESIAN_POINT('Ctrl Pts',(42.8432329876797,11.3024154722266,-7.78606886916228));
#2584=CARTESIAN_POINT('Ctrl Pts',(42.671529677,11.0050166143016,-7.97850020772563));
#2585=CARTESIAN_POINT('',(43.8117964586495,12.9800166143016,-2.5));
#2586=CARTESIAN_POINT('',(43.8117964586495,12.9800166143016,-2.5));
#2587=CARTESIAN_POINT('',(42.671529677,11.0050166143016,-2.5));
#2588=CARTESIAN_POINT('',(43.8117964586495,12.9800166143016,-2.5));
#2589=CARTESIAN_POINT('',(42.671529677,11.0050166143016,-2.5));
#2590=CARTESIAN_POINT('Origin',(43.8117964586495,9.03001661430157,-2.5));
#2591=CARTESIAN_POINT('',(43.8117964586495,9.03001661430157,-7.46463885460945));
#2592=CARTESIAN_POINT('Ctrl Pts',(42.671529677,11.0050166143016,-7.97850020772563));
#2593=CARTESIAN_POINT('Ctrl Pts',(42.98234642177,10.4666662205168,-7.84527485109338));
#2594=CARTESIAN_POINT('Ctrl Pts',(43.2932268646642,9.92820549834455,-7.70574430317185));
#2595=CARTESIAN_POINT('Ctrl Pts',(43.6731421094672,9.27017299177564,-7.52959647824323));
#2596=CARTESIAN_POINT('Ctrl Pts',(43.7424778965435,9.1500798857767,-7.49721918827696));
#2597=CARTESIAN_POINT('Ctrl Pts',(43.8117964586495,9.03001661430157,-7.46463885460945));
#2598=CARTESIAN_POINT('',(43.8117964586495,9.03001661430157,-2.5));
#2599=CARTESIAN_POINT('',(42.671529677,11.0050166143016,-2.5));
#2600=CARTESIAN_POINT('',(43.8117964586495,9.03001661430157,-2.5));
#2601=CARTESIAN_POINT('Origin',(46.0923300219485,9.03001661430156,-2.5));
#2602=CARTESIAN_POINT('',(46.0923300219485,9.03001661430156,-5.9760463160771));
#2603=CARTESIAN_POINT('Ctrl Pts',(43.8117964586495,9.03001661430157,-7.46463885460945));
#2604=CARTESIAN_POINT('Ctrl Pts',(44.1465945444547,9.03001661430157,-7.21991721836593));
#2605=CARTESIAN_POINT('Ctrl Pts',(44.4889397205939,9.03001661430157,-6.98214069761525));
#2606=CARTESIAN_POINT('Ctrl Pts',(45.2487011720094,9.03001661430156,-6.48140694883398));
#2607=CARTESIAN_POINT('Ctrl Pts',(45.6684279884067,9.03001661430156,-6.22182606985657));
#2608=CARTESIAN_POINT('Ctrl Pts',(46.0923300219485,9.03001661430156,-5.9760463160771));
#2609=CARTESIAN_POINT('',(46.0923300219485,9.03001661430156,-2.5));
#2610=CARTESIAN_POINT('',(43.8117964586495,9.03001661430157,-2.5));
#2611=CARTESIAN_POINT('',(46.0923300219485,9.03001661430156,-2.5));
#2612=CARTESIAN_POINT('Origin',(47.232596803598,11.0050166143016,-2.5));
#2613=CARTESIAN_POINT('',(47.232596803598,11.0050166143016,-5.1430123945156));
#2614=CARTESIAN_POINT('Ctrl Pts',(46.0923300219485,9.03001661430157,-5.9760463160771));
#2615=CARTESIAN_POINT('Ctrl Pts',(46.4663527911971,9.67784305382766,-5.68560004747423));
#2616=CARTESIAN_POINT('Ctrl Pts',(46.8470024999433,10.3371476892624,-5.40677356787875));
#2617=CARTESIAN_POINT('Ctrl Pts',(47.232596803598,11.0050166143016,-5.14301239451561));
#2618=CARTESIAN_POINT('',(47.232596803598,11.0050166143016,-2.5));
#2619=CARTESIAN_POINT('',(46.0923300219485,9.03001661430156,-2.5));
#2620=CARTESIAN_POINT('',(47.232596803598,11.0050166143016,-2.5));
#2621=CARTESIAN_POINT('Origin',(46.0923300219485,12.9800166143016,-2.5));
#2622=CARTESIAN_POINT('',(46.0923300219485,12.9800166143016,-5.46021244370839));
#2623=CARTESIAN_POINT('Ctrl Pts',(47.232596803598,11.0050166143016,-5.1430123945156));
#2624=CARTESIAN_POINT('Ctrl Pts',(46.9857367422875,11.4325907828509,-5.21476960123652));
#2625=CARTESIAN_POINT('Ctrl Pts',(46.7385182178281,11.8607858277868,-5.28489950785732));
#2626=CARTESIAN_POINT('Ctrl Pts',(46.3582641218059,12.5194052418834,-5.38927060897795));
#2627=CARTESIAN_POINT('Ctrl Pts',(46.2252913464245,12.7497208448676,-5.42511199010379));
#2628=CARTESIAN_POINT('Ctrl Pts',(46.0923300219485,12.9800166143016,-5.46021244370839));
#2629=CARTESIAN_POINT('',(46.0923300219485,12.9800166143016,-2.5));
#2630=CARTESIAN_POINT('',(47.232596803598,11.0050166143016,-2.5));
#2631=CARTESIAN_POINT('',(46.0923300219485,12.9800166143016,-2.5));
#2632=CARTESIAN_POINT('Origin',(43.8117964586495,12.9800166143016,-2.5));
#2633=CARTESIAN_POINT('Ctrl Pts',(46.0923300219485,12.9800166143016,-5.46021244370839));
#2634=CARTESIAN_POINT('Ctrl Pts',(45.3221752014711,12.9800166143016,-5.85712325366573));
#2635=CARTESIAN_POINT('Ctrl Pts',(44.5548254300541,12.9800166143016,-6.30069872703324));
#2636=CARTESIAN_POINT('Ctrl Pts',(43.8117964586495,12.9800166143016,-6.78180662105857));
#2637=CARTESIAN_POINT('',(46.0923300219485,12.9800166143016,-2.5));
#2638=CARTESIAN_POINT('Origin',(44.952063240299,11.0050166143016,-2.5));
#2639=CARTESIAN_POINT('',(46.152063240299,11.0050166143016,-2.5));
#2640=CARTESIAN_POINT('Origin',(44.952063240299,11.0050166143016,-2.5));
#2641=CARTESIAN_POINT('Ctrl Pts',(-40.,36.,-2.5));
#2642=CARTESIAN_POINT('Ctrl Pts',(-41.0394814963804,36.,-2.5));
#2643=CARTESIAN_POINT('Ctrl Pts',(-43.1319921911355,35.8448300956586,-2.5));
#2644=CARTESIAN_POINT('Ctrl Pts',(-47.0677065269701,34.4364921909406,-2.5));
#2645=CARTESIAN_POINT('Ctrl Pts',(-49.5385166755709,32.6876827387584,-2.5));
#2646=CARTESIAN_POINT('Ctrl Pts',(-50.6687477903475,31.5440893673164,-2.5));
#2647=CARTESIAN_POINT('Ctrl Pts',(-38.1456140213791,34.4283188015028,-3.1039542637661));
#2648=CARTESIAN_POINT('Ctrl Pts',(-39.1407907269524,34.3960047371357,-3.03369211687747));
#2649=CARTESIAN_POINT('Ctrl Pts',(-41.1186591204558,34.1777879187043,-2.89870470580276));
#2650=CARTESIAN_POINT('Ctrl Pts',(-44.7862616599433,32.7590547348006,-2.66358548705266));
#2651=CARTESIAN_POINT('Ctrl Pts',(-47.0922355612432,31.0720372298388,-2.54219878302553));
#2652=CARTESIAN_POINT('Ctrl Pts',(-48.1521421934569,29.9773636179635,-2.5));
#2653=CARTESIAN_POINT('Ctrl Pts',(-34.4387950453524,31.5594085848484,-5.02113116600623));
#2654=CARTESIAN_POINT('Ctrl Pts',(-35.3644725708061,31.4184905722762,-4.85116837961215));
#2655=CARTESIAN_POINT('Ctrl Pts',(-37.1367454285244,31.0002214286188,-4.52672392912639));
#2656=CARTESIAN_POINT('Ctrl Pts',(-40.2624740751369,29.4583634310763,-3.96317538000123));
#2657=CARTESIAN_POINT('Ctrl Pts',(-42.2154037687001,27.8547889674461,-3.67054560847936));
#2658=CARTESIAN_POINT('Ctrl Pts',(-43.1238969257079,26.8470036820332,-3.56885429271811));
#2659=CARTESIAN_POINT('Ctrl Pts',(-28.5270180783634,27.9331501727445,-10.5488116541862));
#2660=CARTESIAN_POINT('Ctrl Pts',(-29.4242360956615,27.478504450547,-10.3527245096531));
#2661=CARTESIAN_POINT('Ctrl Pts',(-30.9930733676843,26.5189227571102,-9.98569451348643));
#2662=CARTESIAN_POINT('Ctrl Pts',(-33.3567083732803,24.5122062936449,-9.36048085491972));
#2663=CARTESIAN_POINT('Ctrl Pts',(-34.7477726507286,22.9422357324086,-9.03622393890078));
#2664=CARTESIAN_POINT('Ctrl Pts',(-35.410208035222,22.0448070159551,-8.92381031097488));
#2665=CARTESIAN_POINT('Ctrl Pts',(-25.305980129299,26.8967886667266,-16.0052160191823));
#2666=CARTESIAN_POINT('Ctrl Pts',(-26.2826642924246,26.1410291790691,-15.9130945820133));
#2667=CARTESIAN_POINT('Ctrl Pts',(-27.9061019133856,24.6962713919416,-15.747905902991));
#2668=CARTESIAN_POINT('Ctrl Pts',(-30.0563478465896,22.245825314339,-15.4739025296608));
#2669=CARTESIAN_POINT('Ctrl Pts',(-31.2178210229828,20.6343332804737,-15.3354755450099));
#2670=CARTESIAN_POINT('Ctrl Pts',(-31.7694437077133,19.7782304708336,-15.2871494091612));
#2671=CARTESIAN_POINT('Ctrl Pts',(-23.9267465258441,26.8981560834197,-19.5));
#2672=CARTESIAN_POINT('Ctrl Pts',(-24.9886044675591,25.9536004142848,-19.5));
#2673=CARTESIAN_POINT('Ctrl Pts',(-26.7239887583554,24.2180759538062,-19.5));
#2674=CARTESIAN_POINT('Ctrl Pts',(-28.9150113034658,21.5146669032058,-19.5));
#2675=CARTESIAN_POINT('Ctrl Pts',(-30.035950757137,19.8703398114356,-19.5));
#2676=CARTESIAN_POINT('Ctrl Pts',(-30.5614730212058,19.0262021111443,-19.5));
#2677=CARTESIAN_POINT('',(-50.6687477903475,31.5440893673165,-2.5));
#2678=CARTESIAN_POINT('Origin',(-50.6687477903475,31.5440893673165,-27.5));
#2679=CARTESIAN_POINT('',(-40.,36.,-2.5));
#2680=CARTESIAN_POINT('Origin',(-40.,21.,-2.5));
#2681=CARTESIAN_POINT('',(-23.9267465258441,26.8981560834197,-19.5));
#2682=CARTESIAN_POINT('Origin',(-40.,44.967511239969,-25.8363180935003));
#2683=CARTESIAN_POINT('',(-30.5614730212058,19.0262021111443,-19.5));
#2684=CARTESIAN_POINT('Origin',(0.,0.,-19.5));
#2685=CARTESIAN_POINT('Origin',(-50.6687477903475,31.5440893673165,-27.5));
#2686=CARTESIAN_POINT('Origin',(0.,0.,-27.5));
#2687=CARTESIAN_POINT('',(0.,-36.,-19.5));
#2688=CARTESIAN_POINT('Origin',(0.,0.,-19.5));
#2689=CARTESIAN_POINT('',(-40.0000000000002,-36.,-3.1991350850742));
#2690=CARTESIAN_POINT('Ctrl Pts',(0.,-36.,-19.5));
#2691=CARTESIAN_POINT('Ctrl Pts',(-2.89144261731337,-36.,-19.5));
#2692=CARTESIAN_POINT('Ctrl Pts',(-5.70464448005335,-36.,-18.4040966677679));
#2693=CARTESIAN_POINT('Ctrl Pts',(-9.84554554362175,-36.,-16.3481030770133));
#2694=CARTESIAN_POINT('Ctrl Pts',(-11.2128831233124,-36.,-15.5953091783803));
#2695=CARTESIAN_POINT('Ctrl Pts',(-13.8947880435699,-36.,-14.0910962707854));
#2696=CARTESIAN_POINT('Ctrl Pts',(-15.2089582462129,-36.,-13.3389693025876));
#2697=CARTESIAN_POINT('Ctrl Pts',(-18.1068150974178,-36.,-11.7096103961494));
#2698=CARTESIAN_POINT('Ctrl Pts',(-19.9170138215595,-36.,-10.7122070980754));
#2699=CARTESIAN_POINT('Ctrl Pts',(-23.5905824684782,-36.,-8.82394817509901));
#2700=CARTESIAN_POINT('Ctrl Pts',(-25.4552792932314,-36.,-7.93567512668058));
#2701=CARTESIAN_POINT('Ctrl Pts',(-30.2260246307783,-36.,-5.87246004200768));
#2702=CARTESIAN_POINT('Ctrl Pts',(-33.6584479826267,-36.,-4.63892697753167));
#2703=CARTESIAN_POINT('Ctrl Pts',(-38.1118909772215,-36.,-3.56777470343894));
#2704=CARTESIAN_POINT('Ctrl Pts',(-39.0563698282815,-36.,-3.36858783367677));
#2705=CARTESIAN_POINT('Ctrl Pts',(-40.0000000000004,-36.,-3.19913508507417));
#2706=CARTESIAN_POINT('',(-50.6687477903475,-31.5440893673165,-2.5));
#2707=CARTESIAN_POINT('Ctrl Pts',(-40.0000000000002,-36.,-3.1991350850742));
#2708=CARTESIAN_POINT('Ctrl Pts',(-40.9498589487932,-36.,-3.02856380144878));
#2709=CARTESIAN_POINT('Ctrl Pts',(-41.9068485274792,-35.9097581522824,-2.90103374604667));
#2710=CARTESIAN_POINT('Ctrl Pts',(-44.0010897533699,-35.503422865019,-2.68857791733494));
#2711=CARTESIAN_POINT('Ctrl Pts',(-45.1185291026479,-35.1481811623889,-2.61903364338895));
#2712=CARTESIAN_POINT('Ctrl Pts',(-47.8563377155025,-33.9090473128128,-2.50660994341953));
#2713=CARTESIAN_POINT('Ctrl Pts',(-49.3767757190184,-32.8513358919816,-2.5));
#2714=CARTESIAN_POINT('Ctrl Pts',(-50.6687477903474,-31.5440893673165,-2.5));
#2715=CARTESIAN_POINT('',(-54.7374565537013,-23.7941679133092,-2.5));
#2716=CARTESIAN_POINT('Origin',(0.,0.,-2.5));
#2717=CARTESIAN_POINT('',(-55.,-20.9999999999983,-2.51321293690194));
#2718=CARTESIAN_POINT('Ctrl Pts',(-54.7374565537013,-23.7941679133091,-2.5));
#2719=CARTESIAN_POINT('Ctrl Pts',(-54.9122649041918,-22.8721651738508,-2.5));
#2720=CARTESIAN_POINT('Ctrl Pts',(-55.0000000000001,-21.9366287189049,-2.50234644497208));
#2721=CARTESIAN_POINT('Ctrl Pts',(-55.,-20.9999999999988,-2.51321293690194));
#2722=CARTESIAN_POINT('',(-55.,21.,-2.51321293690192));
#2723=CARTESIAN_POINT('Ctrl Pts',(-55.,-20.9999999999983,-2.51321293690194));
#2724=CARTESIAN_POINT('Ctrl Pts',(-55.,-19.3770162253114,-2.53204231906152));
#2725=CARTESIAN_POINT('Ctrl Pts',(-55.,-17.679428049127,-2.57113337386268));
#2726=CARTESIAN_POINT('Ctrl Pts',(-55.,-13.6571300330044,-2.67849822034467));
#2727=CARTESIAN_POINT('Ctrl Pts',(-55.,-10.8757454623855,-2.77012251180977));
#2728=CARTESIAN_POINT('Ctrl Pts',(-55.,-5.31216131138396,-2.90455640428003));
#2729=CARTESIAN_POINT('Ctrl Pts',(-55.,-2.5298568899116,-2.94299152060958));
#2730=CARTESIAN_POINT('Ctrl Pts',(-55.,0.,-2.94299152060958));
#2731=CARTESIAN_POINT('Ctrl Pts',(-55.,2.5298568899116,-2.94299152060958));
#2732=CARTESIAN_POINT('Ctrl Pts',(-55.,5.31216131138396,-2.90455640428003));
#2733=CARTESIAN_POINT('Ctrl Pts',(-55.,10.8757454623855,-2.77012251180977));
#2734=CARTESIAN_POINT('Ctrl Pts',(-55.,13.6571300330044,-2.67849822034467));
#2735=CARTESIAN_POINT('Ctrl Pts',(-55.,17.6794280491275,-2.57113337386266));
#2736=CARTESIAN_POINT('Ctrl Pts',(-55.,19.3770162253126,-2.53204231906149));
#2737=CARTESIAN_POINT('Ctrl Pts',(-55.,21.,-2.51321293690192));
#2738=CARTESIAN_POINT('',(-54.7374565537013,23.7941679133092,-2.5));
#2739=CARTESIAN_POINT('Ctrl Pts',(-55.,21.,-2.51321293690192));
#2740=CARTESIAN_POINT('Ctrl Pts',(-55.,21.935202373361,-2.50236299301512));
#2741=CARTESIAN_POINT('Ctrl Pts',(-54.9125346525381,22.8707424230866,-2.5));
#2742=CARTESIAN_POINT('Ctrl Pts',(-54.7374565537013,23.7941679133091,-2.5));
#2743=CARTESIAN_POINT('Origin',(0.,0.,-2.5));
#2744=CARTESIAN_POINT('Origin',(-45.0000006705523,-28.0000004172325,-0.5));
#2745=CARTESIAN_POINT('',(-43.4000006705523,-28.0000004172325,-0.5));
#2746=CARTESIAN_POINT('Origin',(-45.0000006705523,-28.0000004172325,-0.5));
#2747=CARTESIAN_POINT('',(-43.4000006705523,-28.0000004172325,-0.5));
#2748=CARTESIAN_POINT('Origin',(-45.0000006705523,27.9999995827675,-0.5));
#2749=CARTESIAN_POINT('',(-43.4000006705523,27.9999995827675,-0.5));
#2750=CARTESIAN_POINT('Origin',(-45.0000006705523,27.9999995827675,-0.5));
#2751=CARTESIAN_POINT('',(-43.4000006705523,27.9999995827675,-0.5));
#2752=CARTESIAN_POINT('Origin',(45.0000006705523,-28.0000004172325,-0.5));
#2753=CARTESIAN_POINT('',(46.6000006705523,-28.0000004172325,-0.5));
#2754=CARTESIAN_POINT('Origin',(45.0000006705523,-28.0000004172325,-0.5));
#2755=CARTESIAN_POINT('',(46.6000006705523,-28.0000004172325,-0.5));
#2756=CARTESIAN_POINT('Origin',(45.0000006705523,27.9999995827675,-0.5));
#2757=CARTESIAN_POINT('',(46.6000006705523,27.9999995827675,-0.5));
#2758=CARTESIAN_POINT('Origin',(45.0000006705523,27.9999995827675,-0.5));
#2759=CARTESIAN_POINT('',(46.6000006705523,27.9999995827675,-0.5));
#2760=CARTESIAN_POINT('Origin',(44.952063240299,11.0050166143016,19.847936759696));
#2761=CARTESIAN_POINT('',(46.152063240299,11.0050166143016,-0.499999999999998));
#2762=CARTESIAN_POINT('Origin',(44.952063240299,11.0050166143016,-0.499999999999998));
#2763=CARTESIAN_POINT('',(46.152063240299,11.0050166143016,19.847936759696));
#2764=CARTESIAN_POINT('Origin',(44.952063240299,-11.,19.847936759696));
#2765=CARTESIAN_POINT('',(46.152063240299,-11.,-0.499999999999998));
#2766=CARTESIAN_POINT('Origin',(44.952063240299,-11.,-0.499999999999998));
#2767=CARTESIAN_POINT('',(46.152063240299,-11.,19.847936759696));
#2768=CARTESIAN_POINT('Origin',(0.,0.,-27.5));
#2769=CARTESIAN_POINT('',(40.000000003581,-36.,-3.19913508443118));
#2770=CARTESIAN_POINT('Ctrl Pts',(40.0000000035812,-36.,-3.19913508443114));
#2771=CARTESIAN_POINT('Ctrl Pts',(39.0563698306709,-36.,-3.36858783317317));
#2772=CARTESIAN_POINT('Ctrl Pts',(38.1118909784088,-36.,-3.56777470315337));
#2773=CARTESIAN_POINT('Ctrl Pts',(33.6584479826267,-36.,-4.63892697753168));
#2774=CARTESIAN_POINT('Ctrl Pts',(30.2260246307783,-36.,-5.87246004200768));
#2775=CARTESIAN_POINT('Ctrl Pts',(25.4552792932314,-36.,-7.93567512668058));
#2776=CARTESIAN_POINT('Ctrl Pts',(23.5905824684782,-36.,-8.82394817509901));
#2777=CARTESIAN_POINT('Ctrl Pts',(19.9170138215595,-36.,-10.7122070980754));
#2778=CARTESIAN_POINT('Ctrl Pts',(18.1068150974178,-36.,-11.7096103961494));
#2779=CARTESIAN_POINT('Ctrl Pts',(15.2089582462129,-36.,-13.3389693025876));
#2780=CARTESIAN_POINT('Ctrl Pts',(13.8947880435699,-36.,-14.0910962707854));
#2781=CARTESIAN_POINT('Ctrl Pts',(11.2128831233124,-36.,-15.5953091783803));
#2782=CARTESIAN_POINT('Ctrl Pts',(9.84554554362175,-36.,-16.3481030770133));
#2783=CARTESIAN_POINT('Ctrl Pts',(5.70464448005335,-36.,-18.4040966677679));
#2784=CARTESIAN_POINT('Ctrl Pts',(2.89144261731337,-36.,-19.5));
#2785=CARTESIAN_POINT('Ctrl Pts',(0.,-36.,-19.5));
#2786=CARTESIAN_POINT('',(0.,36.,-19.5));
#2787=CARTESIAN_POINT('Origin',(0.,0.,-19.5));
#2788=CARTESIAN_POINT('',(40.0000000000002,36.,-3.19913508507421));
#2789=CARTESIAN_POINT('Ctrl Pts',(0.,36.,-19.5));
#2790=CARTESIAN_POINT('Ctrl Pts',(2.89144261731337,36.,-19.5));
#2791=CARTESIAN_POINT('Ctrl Pts',(5.70464448005335,36.,-18.4040966677679));
#2792=CARTESIAN_POINT('Ctrl Pts',(9.84554554362175,36.,-16.3481030770133));
#2793=CARTESIAN_POINT('Ctrl Pts',(11.2128831233124,36.,-15.5953091783803));
#2794=CARTESIAN_POINT('Ctrl Pts',(13.8947880435699,36.,-14.0910962707854));
#2795=CARTESIAN_POINT('Ctrl Pts',(15.2089582462129,36.,-13.3389693025876));
#2796=CARTESIAN_POINT('Ctrl Pts',(18.1068150974178,36.,-11.7096103961494));
#2797=CARTESIAN_POINT('Ctrl Pts',(19.9170138215595,36.,-10.7122070980754));
#2798=CARTESIAN_POINT('Ctrl Pts',(23.5905824684782,36.,-8.82394817509901));
#2799=CARTESIAN_POINT('Ctrl Pts',(25.4552792932314,36.,-7.93567512668058));
#2800=CARTESIAN_POINT('Ctrl Pts',(30.2260246307783,36.,-5.87246004200768));
#2801=CARTESIAN_POINT('Ctrl Pts',(33.6584479826267,36.,-4.63892697753167));
#2802=CARTESIAN_POINT('Ctrl Pts',(38.1118909772215,36.,-3.56777470343894));
#2803=CARTESIAN_POINT('Ctrl Pts',(39.0563698282815,36.,-3.36858783367677));
#2804=CARTESIAN_POINT('Ctrl Pts',(40.0000000000004,36.,-3.19913508507417));
#2805=CARTESIAN_POINT('',(50.6687477903475,31.5440893673164,-2.5));
#2806=CARTESIAN_POINT('Ctrl Pts',(40.0000000000002,36.,-3.19913508507421));
#2807=CARTESIAN_POINT('Ctrl Pts',(40.9498589487933,36.,-3.02856380144877));
#2808=CARTESIAN_POINT('Ctrl Pts',(41.9068485274792,35.9097581522824,-2.90103374604667));
#2809=CARTESIAN_POINT('Ctrl Pts',(44.0010897533697,35.503422865019,-2.68857791733496));
#2810=CARTESIAN_POINT('Ctrl Pts',(45.1185291026475,35.1481811623891,-2.61903364338896));
#2811=CARTESIAN_POINT('Ctrl Pts',(47.8563377155026,33.9090473128128,-2.50660994341952));
#2812=CARTESIAN_POINT('Ctrl Pts',(49.3767757190185,32.8513358919815,-2.5));
#2813=CARTESIAN_POINT('Ctrl Pts',(50.6687477903475,31.5440893673164,-2.5));
#2814=CARTESIAN_POINT('',(54.7374565537013,23.7941679133092,-2.5));
#2815=CARTESIAN_POINT('Origin',(0.,0.,-2.5));
#2816=CARTESIAN_POINT('',(55.,20.9999999999989,-2.51321293690194));
#2817=CARTESIAN_POINT('Ctrl Pts',(54.7374565537013,23.7941679133092,-2.5));
#2818=CARTESIAN_POINT('Ctrl Pts',(54.9122649041917,22.8721651738512,-2.5));
#2819=CARTESIAN_POINT('Ctrl Pts',(55.,21.9366287189054,-2.50234644497208));
#2820=CARTESIAN_POINT('Ctrl Pts',(55.,20.9999999999993,-2.51321293690193));
#2821=CARTESIAN_POINT('',(55.,-20.9999999999984,-2.51321293690194));
#2822=CARTESIAN_POINT('Ctrl Pts',(55.,20.9999999999989,-2.51321293690194));
#2823=CARTESIAN_POINT('Ctrl Pts',(55.,19.3770162253118,-2.53204231906151));
#2824=CARTESIAN_POINT('Ctrl Pts',(55.,17.6794280491272,-2.57113337386267));
#2825=CARTESIAN_POINT('Ctrl Pts',(55.,13.6571300330044,-2.67849822034467));
#2826=CARTESIAN_POINT('Ctrl Pts',(55.,10.8757454623855,-2.77012251180977));
#2827=CARTESIAN_POINT('Ctrl Pts',(55.,5.31216131138396,-2.90455640428003));
#2828=CARTESIAN_POINT('Ctrl Pts',(55.,2.5298568899116,-2.94299152060958));
#2829=CARTESIAN_POINT('Ctrl Pts',(55.,0.,-2.94299152060958));
#2830=CARTESIAN_POINT('Ctrl Pts',(55.,-2.5298568899116,-2.94299152060958));
#2831=CARTESIAN_POINT('Ctrl Pts',(55.,-5.31216131138396,-2.90455640428003));
#2832=CARTESIAN_POINT('Ctrl Pts',(55.,-10.8757454623855,-2.77012251180977));
#2833=CARTESIAN_POINT('Ctrl Pts',(55.,-13.6571300330044,-2.67849822034467));
#2834=CARTESIAN_POINT('Ctrl Pts',(55.,-17.679428049127,-2.57113337386268));
#2835=CARTESIAN_POINT('Ctrl Pts',(55.,-19.3770162253115,-2.53204231906152));
#2836=CARTESIAN_POINT('Ctrl Pts',(55.,-20.9999999999984,-2.51321293690194));
#2837=CARTESIAN_POINT('',(54.7374565537013,-23.7941679133092,-2.5));
#2838=CARTESIAN_POINT('Ctrl Pts',(55.,-20.9999999999984,-2.51321293690194));
#2839=CARTESIAN_POINT('Ctrl Pts',(55.0000000000001,-21.9352023733599,-2.50236299301512));
#2840=CARTESIAN_POINT('Ctrl Pts',(54.9125346525382,-22.8707424230861,-2.5));
#2841=CARTESIAN_POINT('Ctrl Pts',(54.7374565537013,-23.7941679133092,-2.5));
#2842=CARTESIAN_POINT('',(50.6687477903475,-31.5440893673164,-2.5));
#2843=CARTESIAN_POINT('Origin',(0.,0.,-2.5));
#2844=CARTESIAN_POINT('Ctrl Pts',(50.6687477903475,-31.5440893673164,-2.5));
#2845=CARTESIAN_POINT('Ctrl Pts',(49.7747531188908,-32.4486533693298,-2.5));
#2846=CARTESIAN_POINT('Ctrl Pts',(48.7694726523639,-33.2356864168937,-2.50395146235136));
#2847=CARTESIAN_POINT('Ctrl Pts',(46.3490075500134,-34.6777724807146,-2.55827153069229));
#2848=CARTESIAN_POINT('Ctrl Pts',(44.9080850921107,-35.2576804077991,-2.61790773756236));
#2849=CARTESIAN_POINT('Ctrl Pts',(42.2816627925934,-35.8705500013608,-2.85283542140099));
#2850=CARTESIAN_POINT('Ctrl Pts',(41.1373751703837,-35.9999999997285,-2.99489050444935));
#2851=CARTESIAN_POINT('Ctrl Pts',(40.000000003581,-36.,-3.19913508443118));
#2852=CARTESIAN_POINT('Origin',(27.5,0.,-2.5));
#2853=CARTESIAN_POINT('Origin',(40.,21.,-2.5));
#2854=CARTESIAN_POINT('Ctrl Pts',(0.,36.,-2.5));
#2855=CARTESIAN_POINT('Ctrl Pts',(-0.0112316316010838,36.,-2.5));
#2856=CARTESIAN_POINT('Ctrl Pts',(-0.0224651097694281,36.,-2.5));
#2857=CARTESIAN_POINT('Ctrl Pts',(-3.77049583082428,35.9999999999999,-2.49999999999996));
#2858=CARTESIAN_POINT('Ctrl Pts',(-9.42024850779393,36.,-2.50000000000001));
#2859=CARTESIAN_POINT('Ctrl Pts',(-18.694364489929,36.,-2.49999999999999));
#2860=CARTESIAN_POINT('Ctrl Pts',(-24.1610086268891,36.,-2.5));
#2861=CARTESIAN_POINT('Ctrl Pts',(-27.734783212649,36.,-2.5));
#2862=CARTESIAN_POINT('Ctrl Pts',(0.,36.,-2.5));
#2863=CARTESIAN_POINT('Ctrl Pts',(-0.0103554278012559,36.0000112249873,
-2.50136679365757));
#2864=CARTESIAN_POINT('Ctrl Pts',(-0.0207110410032522,35.999986606143,-2.50274200161769));
#2865=CARTESIAN_POINT('Ctrl Pts',(-3.47604486597023,36.0012878677885,-2.95958424054092));
#2866=CARTESIAN_POINT('Ctrl Pts',(-8.68550110985128,35.7961382792315,-3.64830752839951));
#2867=CARTESIAN_POINT('Ctrl Pts',(-17.168199967029,35.0041674501972,-4.54477715080103));
#2868=CARTESIAN_POINT('Ctrl Pts',(-22.1070643389712,34.2957890566579,-4.85711937376677));
#2869=CARTESIAN_POINT('Ctrl Pts',(-25.2784327469081,33.7750231019008,-4.89908824825139));
#2870=CARTESIAN_POINT('Ctrl Pts',(0.,36.,-2.5));
#2871=CARTESIAN_POINT('Ctrl Pts',(-0.00881832233806965,36.0000054557338,
-2.50376707381595));
#2872=CARTESIAN_POINT('Ctrl Pts',(-0.0176446730217333,35.9999905317006,
-2.50753297540814));
#2873=CARTESIAN_POINT('Ctrl Pts',(-2.96075551407521,35.9998678185248,-3.7642243865124));
#2874=CARTESIAN_POINT('Ctrl Pts',(-7.39869039584045,35.5861968787074,-5.66006276900978));
#2875=CARTESIAN_POINT('Ctrl Pts',(-14.4987767787419,33.9323081765464,-8.42255422978169));
#2876=CARTESIAN_POINT('Ctrl Pts',(-18.5108727041893,32.3944873840236,-9.72953470719304));
#2877=CARTESIAN_POINT('Ctrl Pts',(-20.9838017572353,31.2008919746873,-10.3140691713284));
#2878=CARTESIAN_POINT('Ctrl Pts',(0.,36.,-2.5));
#2879=CARTESIAN_POINT('Ctrl Pts',(-0.00728391614716806,36.0000061550029,
-2.50616544952255));
#2880=CARTESIAN_POINT('Ctrl Pts',(-0.0145755081658953,35.9999908956005,
-2.51232546148403));
#2881=CARTESIAN_POINT('Ctrl Pts',(-2.44576411037968,35.9997561725851,-4.56892305021064));
#2882=CARTESIAN_POINT('Ctrl Pts',(-6.11106143282351,35.6279340604593,-7.67066686237539));
#2883=CARTESIAN_POINT('Ctrl Pts',(-12.0289565407828,34.0994613241446,-12.5337301960948));
#2884=CARTESIAN_POINT('Ctrl Pts',(-15.4248607202295,32.6464755498143,-15.1932830829474));
#2885=CARTESIAN_POINT('Ctrl Pts',(-17.571146031837,31.4496328307548,-16.7447210997356));
#2886=CARTESIAN_POINT('Ctrl Pts',(0.,36.,-2.5));
#2887=CARTESIAN_POINT('Ctrl Pts',(-0.00662850390331642,36.,-2.50719031532897));
#2888=CARTESIAN_POINT('Ctrl Pts',(-0.0132580975687027,35.9999979246695,
-2.51438212743261));
#2889=CARTESIAN_POINT('Ctrl Pts',(-2.22521065393016,35.9988928346148,-4.9136618626489));
#2890=CARTESIAN_POINT('Ctrl Pts',(-5.55949092270406,35.6917836127397,-8.53186418428437));
#2891=CARTESIAN_POINT('Ctrl Pts',(-11.0327396989296,34.3972542878476,-14.2962143235764));
#2892=CARTESIAN_POINT('Ctrl Pts',(-14.2589559109509,33.1404548998702,-17.5328814959692));
#2893=CARTESIAN_POINT('Ctrl Pts',(-16.3680687812354,32.0637852471093,-19.4999999999992));
#2894=CARTESIAN_POINT('',(-16.3680687812352,32.0637852471094,-19.4999999999995));
#2895=CARTESIAN_POINT('',(-27.7347832126489,36.,-2.5));
#2896=CARTESIAN_POINT('Origin',(-27.7347832126489,54.3303027798241,-19.4999999999992));
#2897=CARTESIAN_POINT('',(0.,36.,-2.5));
#2898=CARTESIAN_POINT('',(-55.,36.,-2.5));
#2899=CARTESIAN_POINT('Ctrl Pts',(0.,36.,-2.5));
#2900=CARTESIAN_POINT('Ctrl Pts',(-0.00662850390331642,36.,-2.50719031532897));
#2901=CARTESIAN_POINT('Ctrl Pts',(-0.0132580975687027,35.9999979246695,
-2.51438212743261));
#2902=CARTESIAN_POINT('Ctrl Pts',(-2.22521065393016,35.9988928346148,-4.9136618626489));
#2903=CARTESIAN_POINT('Ctrl Pts',(-5.55949092270406,35.6917836127397,-8.53186418428437));
#2904=CARTESIAN_POINT('Ctrl Pts',(-11.0327396989296,34.3972542878476,-14.2962143235764));
#2905=CARTESIAN_POINT('Ctrl Pts',(-14.2589559109509,33.1404548998702,-17.5328814959692));
#2906=CARTESIAN_POINT('Ctrl Pts',(-16.3680687812354,32.0637852471093,-19.4999999999992));
#2907=CARTESIAN_POINT('Ctrl Pts',(-23.9267465258442,26.8981560834196,-19.5));
#2908=CARTESIAN_POINT('Ctrl Pts',(-21.5350291893607,29.0256630505898,-19.5));
#2909=CARTESIAN_POINT('Ctrl Pts',(-18.9879395258927,30.7263815620481,-19.5));
#2910=CARTESIAN_POINT('Ctrl Pts',(-16.3680687812355,32.0637852471093,-19.5));
#2911=CARTESIAN_POINT('Ctrl Pts',(-24.8462355948141,26.8972444722909,-17.1701440127882));
#2912=CARTESIAN_POINT('Ctrl Pts',(-22.4729263710439,28.8163911766476,-17.3712505835341));
#2913=CARTESIAN_POINT('Ctrl Pts',(-19.8805735349564,30.3895462845718,-17.5410998776234));
#2914=CARTESIAN_POINT('Ctrl Pts',(-17.1701202816365,31.6543503028729,-17.6631473998242));
#2915=CARTESIAN_POINT('Ctrl Pts',(-27.1731339582407,27.444815939748,-12.7050694749471));
#2916=CARTESIAN_POINT('Ctrl Pts',(-24.7244654342263,28.9197157386548,-13.2346370684955));
#2917=CARTESIAN_POINT('Ctrl Pts',(-21.9617384686915,30.2054998511842,-13.6737191906201));
#2918=CARTESIAN_POINT('Ctrl Pts',(-19.0037645578606,31.2859125397135,-13.9901641613388));
#2919=CARTESIAN_POINT('Ctrl Pts',(-32.5857817617381,30.2318642862776,-6.2569326637124));
#2920=CARTESIAN_POINT('Ctrl Pts',(-29.6790774931554,30.9158760310612,-6.95691539160281));
#2921=CARTESIAN_POINT('Ctrl Pts',(-26.3951806167207,31.6135875050712,-7.53029472273786));
#2922=CARTESIAN_POINT('Ctrl Pts',(-22.8230651701907,32.2499688892982,-7.94551734682073));
#2923=CARTESIAN_POINT('Ctrl Pts',(-37.2184210320686,33.6424782022542,-3.40593139564915));
#2924=CARTESIAN_POINT('Ctrl Pts',(-33.7910670925461,33.8446621063919,-3.77611753997943));
#2925=CARTESIAN_POINT('Ctrl Pts',(-30.0063232977914,34.0906928007426,-4.07658288094559));
#2926=CARTESIAN_POINT('Ctrl Pts',(-25.8925203633433,34.3312673264255,-4.29931618618863));
#2927=CARTESIAN_POINT('Ctrl Pts',(-40.,36.,-2.5));
#2928=CARTESIAN_POINT('Ctrl Pts',(-36.2589641017268,36.,-2.5));
#2929=CARTESIAN_POINT('Ctrl Pts',(-32.174008641097,36.,-2.5));
#2930=CARTESIAN_POINT('Ctrl Pts',(-27.734783212649,36.,-2.5));
#2931=CARTESIAN_POINT('',(-55.,36.,-2.5));
#2932=CARTESIAN_POINT('Origin',(0.,0.,-19.5));
#2933=CARTESIAN_POINT('Origin',(-27.5,0.,-2.5));
#2934=CARTESIAN_POINT('Origin',(-40.,21.,-2.5));
#2935=CARTESIAN_POINT('Origin',(0.,0.,-0.5));
#2936=CARTESIAN_POINT('',(0.,36.,-0.5));
#2937=CARTESIAN_POINT('Origin',(0.,0.,-19.5));
#2938=CARTESIAN_POINT('Origin',(40.,21.,-0.5));
#2939=CARTESIAN_POINT('',(40.,36.,-0.5));
#2940=CARTESIAN_POINT('',(40.,36.,-0.5));
#2941=CARTESIAN_POINT('',(55.,21.,-0.5));
#2942=CARTESIAN_POINT('Origin',(40.,21.,-0.5));
#2943=CARTESIAN_POINT('',(55.,21.,-0.5));
#2944=CARTESIAN_POINT('Origin',(55.,36.,-0.5));
#2945=CARTESIAN_POINT('',(55.,-21.,-0.5));
#2946=CARTESIAN_POINT('',(55.,36.,-0.5));
#2947=CARTESIAN_POINT('',(55.,-21.,-0.5));
#2948=CARTESIAN_POINT('Origin',(0.,0.,-0.5));
#2949=CARTESIAN_POINT('',(-40.,36.,-0.5));
#2950=CARTESIAN_POINT('',(-55.,36.,-0.5));
#2951=CARTESIAN_POINT('',(-55.,21.,-0.5));
#2952=CARTESIAN_POINT('Origin',(-40.,21.,-0.5));
#2953=CARTESIAN_POINT('',(-55.,-21.,-0.5));
#2954=CARTESIAN_POINT('',(-55.,-36.,-0.5));
#2955=CARTESIAN_POINT('',(-40.,-36.,-0.5));
#2956=CARTESIAN_POINT('Origin',(-40.,-21.,-0.5));
#2957=CARTESIAN_POINT('',(40.,-36.,-0.5));
#2958=CARTESIAN_POINT('',(55.,-36.,-0.5));
#2959=CARTESIAN_POINT('Origin',(40.,-21.,-0.5));
#2960=CARTESIAN_POINT('',(34.5,-4.22503145705837E-15,-0.5));
#2961=CARTESIAN_POINT('Origin',(0.,0.,-0.5));
#2962=CARTESIAN_POINT('Origin',(40.,-21.,-0.5));
#2963=CARTESIAN_POINT('Origin',(40.,-21.,-2.5));
#2964=CARTESIAN_POINT('',(40.,-36.,-0.5));
#2965=CARTESIAN_POINT('Origin',(55.,-36.,-0.5));
#2966=CARTESIAN_POINT('',(-40.,-36.,-0.5));
#2967=CARTESIAN_POINT('Origin',(-40.,-21.,-0.5));
#2968=CARTESIAN_POINT('Origin',(-40.,-21.,-2.5));
#2969=CARTESIAN_POINT('',(-55.,-21.,-0.5));
#2970=CARTESIAN_POINT('Origin',(-55.,-36.,-0.5));
#2971=CARTESIAN_POINT('',(-55.,21.,-0.5));
#2972=CARTESIAN_POINT('Origin',(-40.,21.,-0.5));
#2973=CARTESIAN_POINT('',(-40.,36.,-0.5));
#2974=CARTESIAN_POINT('Origin',(-55.,36.,-0.5));
#2975=CARTESIAN_POINT('Origin',(-27.5,0.,-2.5));
#2976=CARTESIAN_POINT('Origin',(27.5,0.,-2.5));
#2977=CARTESIAN_POINT('Origin',(0.,0.,-0.5));
#2978=CARTESIAN_POINT('',(34.5,-4.22503145705837E-15,-19.5));
#2979=CARTESIAN_POINT('Origin',(0.,0.,-19.5));
#2980=CARTESIAN_POINT('',(34.5,-4.22503145705837E-15,-0.5));
#2981=CARTESIAN_POINT('Origin',(0.,0.,-19.5));
#2982=UNCERTAINTY_MEASURE_WITH_UNIT(LENGTH_MEASURE(0.01),#2986,
'DISTANCE_ACCURACY_VALUE',
'Maximum model space distance between geometric entities at asserted c
onnectivities');
#2983=UNCERTAINTY_MEASURE_WITH_UNIT(LENGTH_MEASURE(0.01),#2986,
'DISTANCE_ACCURACY_VALUE',
'Maximum model space distance between geometric entities at asserted c
onnectivities');
#2984=(
GEOMETRIC_REPRESENTATION_CONTEXT(3)
GLOBAL_UNCERTAINTY_ASSIGNED_CONTEXT((#2982))
GLOBAL_UNIT_ASSIGNED_CONTEXT((#2986,#2987,#2988))
REPRESENTATION_CONTEXT('','3D')
);
#2985=(
GEOMETRIC_REPRESENTATION_CONTEXT(3)
GLOBAL_UNCERTAINTY_ASSIGNED_CONTEXT((#2983))
GLOBAL_UNIT_ASSIGNED_CONTEXT((#2986,#2987,#2988))
REPRESENTATION_CONTEXT('','3D')
);
#2986=(
LENGTH_UNIT()
NAMED_UNIT(*)
SI_UNIT(.MILLI.,.METRE.)
);
#2987=(
NAMED_UNIT(*)
PLANE_ANGLE_UNIT()
SI_UNIT($,.RADIAN.)
);
#2988=(
NAMED_UNIT(*)
SI_UNIT($,.STERADIAN.)
SOLID_ANGLE_UNIT()
);
#2989=SHAPE_DEFINITION_REPRESENTATION(#2990,#2991);
#2990=PRODUCT_DEFINITION_SHAPE('',$,#2993);
#2991=SHAPE_REPRESENTATION('',(#1603),#2984);
#2992=PRODUCT_DEFINITION_CONTEXT('part definition',#2997,'design');
#2993=PRODUCT_DEFINITION('Acuator Host-Join','Acuator Host-Join v15',#2994,
#2992);
#2994=PRODUCT_DEFINITION_FORMATION('',$,#2999);
#2995=PRODUCT_RELATED_PRODUCT_CATEGORY('Acuator Host-Join v15',
'Acuator Host-Join v15',(#2999));
#2996=APPLICATION_PROTOCOL_DEFINITION('international standard',
'automotive_design',2009,#2997);
#2997=APPLICATION_CONTEXT(
'Core Data for Automotive Mechanical Design Process');
#2998=PRODUCT_CONTEXT('part definition',#2997,'mechanical');
#2999=PRODUCT('Acuator Host-Join','Acuator Host-Join v15',$,(#2998));
#3000=PRESENTATION_STYLE_ASSIGNMENT((#3001));
#3001=SURFACE_STYLE_USAGE(.BOTH.,#3002);
#3002=SURFACE_SIDE_STYLE('',(#3003));
#3003=SURFACE_STYLE_FILL_AREA(#3004);
#3004=FILL_AREA_STYLE('Steel - Satin',(#3005));
#3005=FILL_AREA_STYLE_COLOUR('Steel - Satin',#3006);
#3006=COLOUR_RGB('Steel - Satin',0.627450980392157,0.627450980392157,0.627450980392157);
ENDSEC;
END-ISO-10303-21;
