ISO-10303-21;
HEADER;
/* Generated by software containing ST-Developer
 * from STEP Tools, Inc. (www.steptools.com) 
 */

FILE_DESCRIPTION(
/* description */ ('NOT SPECIFIED'),
/* implementation_level */ '2;1');

FILE_NAME(
/* name */ '0009-modified.step',
/* time_stamp */ '2026-09-04T21:30:17+10:00',
/* author */ (''),
/* organization */ (''),
/* preprocessor_version */ 'ST-DEVELOPER v20.2',
/* originating_system */ 'Autodesk Translation Framework v15.15.0.0',
/* authorisation */ '');

FILE_SCHEMA (('AUTOMOTIVE_DESIGN { 1 0 10303 214 3 1 1 }'));
ENDSEC;

DATA;
#10=MECHANICAL_DESIGN_GEOMETRIC_PRESENTATION_REPRESENTATION('',(#13),#3917);
#11=SHAPE_REPRESENTATION_RELATIONSHIP('SRR','None',#3924,#12);
#12=ADVANCED_BREP_SHAPE_REPRESENTATION('',(#14),#3916);
#13=STYLED_ITEM('',(#3934),#14);
#14=MANIFOLD_SOLID_BREP('Body1',#1950);
#15=(
BOUNDED_SURFACE()
B_SPLINE_SURFACE(3,3,((#3432,#3433,#3434,#3435),(#3436,#3437,#3438,#3439),
(#3440,#3441,#3442,#3443),(#3444,#3445,#3446,#3447)),.UNSPECIFIED.,.F.,
 .F.,.F.)
B_SPLINE_SURFACE_WITH_KNOTS((4,4),(4,4),(0.002228396608559,0.002542130771927),
(-0.01983578481466,1.019598067472),.UNSPECIFIED.)
GEOMETRIC_REPRESENTATION_ITEM()
RATIONAL_B_SPLINE_SURFACE(((1.01190719294,0.7998751362321,0.7998266558287,
1.01176175173),(1.01174399183,0.8026180664908,0.8025702505643,1.011600544051),
(1.011741970433,0.8026520402329,0.8026042325366,1.011598547344),(1.011907356937,
0.7998723799245,0.7998238988533,1.011761913723)))
REPRESENTATION_ITEM('')
SURFACE()
);
#16=(
BOUNDED_SURFACE()
B_SPLINE_SURFACE(3,3,((#3456,#3457,#3458,#3459),(#3460,#3461,#3462,#3463),
(#3464,#3465,#3466,#3467),(#3468,#3469,#3470,#3471)),.UNSPECIFIED.,.F.,
 .F.,.F.)
B_SPLINE_SURFACE_WITH_KNOTS((4,4),(4,4),(0.004283126004745,0.004566724555161),
(-0.02048597479023,1.020267333914),.UNSPECIFIED.)
GEOMETRIC_REPRESENTATION_ITEM()
RATIONAL_B_SPLINE_SURFACE(((1.010827820847,0.8237841747323,0.8237448889603,
1.010709963531),(1.011343025829,0.8153995447757,0.815358389724,1.011219560674),
(1.011909755229,0.806176388018,0.8061331767445,1.011780121408),(1.012514521994,
0.7963341975959,0.7962887920924,1.012378305484)))
REPRESENTATION_ITEM('')
SURFACE()
);
#17=TOROIDAL_SURFACE('',#2063,2.5,1.);
#18=TOROIDAL_SURFACE('',#2072,2.5,1.);
#19=TOROIDAL_SURFACE('',#2077,2.5,1.);
#20=TOROIDAL_SURFACE('',#2082,2.5,1.);
#21=B_SPLINE_SURFACE_WITH_KNOTS('',3,3,((#3099,#3100,#3101,#3102,#3103,
#3104,#3105,#3106,#3107,#3108,#3109),(#3110,#3111,#3112,#3113,#3114,#3115,
#3116,#3117,#3118,#3119,#3120),(#3121,#3122,#3123,#3124,#3125,#3126,#3127,
#3128,#3129,#3130,#3131),(#3132,#3133,#3134,#3135,#3136,#3137,#3138,#3139,
#3140,#3141,#3142),(#3143,#3144,#3145,#3146,#3147,#3148,#3149,#3150,#3151,
#3152,#3153),(#3154,#3155,#3156,#3157,#3158,#3159,#3160,#3161,#3162,#3163,
#3164),(#3165,#3166,#3167,#3168,#3169,#3170,#3171,#3172,#3173,#3174,#3175),
(#3176,#3177,#3178,#3179,#3180,#3181,#3182,#3183,#3184,#3185,#3186),(#3187,
#3188,#3189,#3190,#3191,#3192,#3193,#3194,#3195,#3196,#3197),(#3198,#3199,
#3200,#3201,#3202,#3203,#3204,#3205,#3206,#3207,#3208),(#3209,#3210,#3211,
#3212,#3213,#3214,#3215,#3216,#3217,#3218,#3219)),.UNSPECIFIED.,.F.,.F.,
 .F.,(4,1,1,1,1,1,1,1,4),(4,1,1,1,1,1,1,1,4),(0.001609909758165,0.001977739570151,
0.002297801262172,0.002617862954194,0.002937924646215,0.003257986338237,
0.003578048030258,0.00389810972228,0.004218171414301),(-0.02744370744797,
0.1249514587749,0.2499583932357,0.3749653276965,0.4999722621574,0.6249791966182,
0.749986131079,0.8749930655398,1.019534266901),.UNSPECIFIED.);
#22=B_SPLINE_SURFACE_WITH_KNOTS('',3,3,((#3238,#3239,#3240,#3241,#3242,
#3243,#3244,#3245,#3246,#3247,#3248),(#3249,#3250,#3251,#3252,#3253,#3254,
#3255,#3256,#3257,#3258,#3259),(#3260,#3261,#3262,#3263,#3264,#3265,#3266,
#3267,#3268,#3269,#3270),(#3271,#3272,#3273,#3274,#3275,#3276,#3277,#3278,
#3279,#3280,#3281),(#3282,#3283,#3284,#3285,#3286,#3287,#3288,#3289,#3290,
#3291,#3292),(#3293,#3294,#3295,#3296,#3297,#3298,#3299,#3300,#3301,#3302,
#3303),(#3304,#3305,#3306,#3307,#3308,#3309,#3310,#3311,#3312,#3313,#3314)),
 .UNSPECIFIED.,.F.,.F.,.F.,(4,1,1,1,4),(4,1,1,1,1,1,1,1,4),(0.001599740512601,
0.001997124643504,0.002355674217129,0.002714223790754,0.003114668408785),
(-0.02437070607447,0.125,0.25,0.375,0.5,0.6250000000001,0.7500000000001,
0.8750000000001,1.024175695677),.UNSPECIFIED.);
#23=B_SPLINE_SURFACE_WITH_KNOTS('',3,3,((#3331,#3332,#3333,#3334,#3335,
#3336,#3337,#3338,#3339,#3340,#3341),(#3342,#3343,#3344,#3345,#3346,#3347,
#3348,#3349,#3350,#3351,#3352),(#3353,#3354,#3355,#3356,#3357,#3358,#3359,
#3360,#3361,#3362,#3363),(#3364,#3365,#3366,#3367,#3368,#3369,#3370,#3371,
#3372,#3373,#3374),(#3375,#3376,#3377,#3378,#3379,#3380,#3381,#3382,#3383,
#3384,#3385),(#3386,#3387,#3388,#3389,#3390,#3391,#3392,#3393,#3394,#3395,
#3396),(#3397,#3398,#3399,#3400,#3401,#3402,#3403,#3404,#3405,#3406,#3407)),
 .UNSPECIFIED.,.F.,.F.,.F.,(4,1,1,1,4),(4,1,1,1,1,1,1,1,4),(0.001599740512601,
0.001997124643504,0.002355674217129,0.002714223790754,0.003114668408785),
(-0.02437070607457,0.1249999999999,0.2499999999999,0.3749999999999,0.5,
0.625,0.75,0.875,1.024175695677),.UNSPECIFIED.);
#24=B_SPLINE_SURFACE_WITH_KNOTS('',3,3,((#3571,#3572,#3573,#3574,#3575,
#3576,#3577,#3578,#3579,#3580,#3581),(#3582,#3583,#3584,#3585,#3586,#3587,
#3588,#3589,#3590,#3591,#3592),(#3593,#3594,#3595,#3596,#3597,#3598,#3599,
#3600,#3601,#3602,#3603),(#3604,#3605,#3606,#3607,#3608,#3609,#3610,#3611,
#3612,#3613,#3614),(#3615,#3616,#3617,#3618,#3619,#3620,#3621,#3622,#3623,
#3624,#3625),(#3626,#3627,#3628,#3629,#3630,#3631,#3632,#3633,#3634,#3635,
#3636),(#3637,#3638,#3639,#3640,#3641,#3642,#3643,#3644,#3645,#3646,#3647),
(#3648,#3649,#3650,#3651,#3652,#3653,#3654,#3655,#3656,#3657,#3658),(#3659,
#3660,#3661,#3662,#3663,#3664,#3665,#3666,#3667,#3668,#3669),(#3670,#3671,
#3672,#3673,#3674,#3675,#3676,#3677,#3678,#3679,#3680)),.UNSPECIFIED.,.F.,
 .F.,.F.,(4,1,1,1,1,1,1,4),(4,1,1,1,1,1,1,1,4),(0.001725358125417,0.00206587212573,
0.002373343452669,0.002680814779607,0.002988286106546,0.003295757433485,
0.003603228760424,0.004218171414301),(-0.02030648421919,0.1250009998546,
0.2500019997103,0.3750029995661,0.5000039994218,0.6250049992776,0.7500059991333,
0.8750069989891,1.026409906823),.UNSPECIFIED.);
#25=B_SPLINE_CURVE_WITH_KNOTS('',3,(#2857,#2858,#2859,#2860,#2861,#2862,
#2863,#2864,#2865,#2866),.UNSPECIFIED.,.F.,.F.,(4,3,3,4),(0.,0.3333333333333,
0.6666666666667,1.),.UNSPECIFIED.);
#26=B_SPLINE_CURVE_WITH_KNOTS('',3,(#2912,#2913,#2914,#2915,#2916,#2917),
 .UNSPECIFIED.,.F.,.F.,(4,2,4),(-0.409546661455595,-0.376378659883079,-0.31534008076019),
 .UNSPECIFIED.);
#27=B_SPLINE_CURVE_WITH_KNOTS('',2,(#2996,#2997,#2998),.UNSPECIFIED.,.F.,
 .F.,(3,3),(0.247348048805733,0.460889635095879),.UNSPECIFIED.);
#28=B_SPLINE_CURVE_WITH_KNOTS('',2,(#2999,#3000,#3001),.UNSPECIFIED.,.F.,
 .F.,(3,3),(0.247348048805725,0.460889635095869),.UNSPECIFIED.);
#29=B_SPLINE_CURVE_WITH_KNOTS('',3,(#3221,#3222,#3223,#3224,#3225,#3226,
#3227,#3228,#3229,#3230),.UNSPECIFIED.,.F.,.F.,(4,1,1,1,1,1,1,4),(0.,0.1428571428571,
0.2857142857143,0.4285714285714,0.5714285714286,0.7142857142857,0.8571428571429,
1.),.UNSPECIFIED.);
#30=B_SPLINE_CURVE_WITH_KNOTS('',3,(#3316,#3317,#3318,#3319,#3320,#3321,
#3322,#3323,#3324,#3325),.UNSPECIFIED.,.F.,.F.,(4,2,2,2,4),(0.,0.25,0.5,
0.75,1.),.UNSPECIFIED.);
#31=B_SPLINE_CURVE_WITH_KNOTS('',3,(#3409,#3410,#3411,#3412,#3413,#3414,
#3415,#3416,#3417,#3418),.UNSPECIFIED.,.F.,.F.,(4,2,2,2,4),(0.,0.25,0.5000000000001,
0.75,1.),.UNSPECIFIED.);
#32=B_SPLINE_CURVE_WITH_KNOTS('',3,(#3473,#3474,#3475,#3476,#3477,#3478,
#3479,#3480,#3481,#3482,#3483,#3484,#3485,#3486,#3487,#3488,#3489,#3490,
#3491,#3492,#3493,#3494,#3495,#3496,#3497,#3498,#3499,#3500,#3501,#3502,
#3503,#3504,#3505,#3506,#3507,#3508,#3509,#3510,#3511,#3512,#3513,#3514,
#3515,#3516,#3517,#3518,#3519,#3520,#3521,#3522,#3523,#3524,#3525,#3526,
#3527,#3528,#3529,#3530,#3531,#3532,#3533,#3534,#3535,#3536,#3537,#3538,
#3539,#3540,#3541,#3542,#3543,#3544,#3545,#3546,#3547,#3548,#3549,#3550,
#3551,#3552,#3553,#3554,#3555,#3556,#3557,#3558,#3559,#3560,#3561,#3562,
#3563,#3564,#3565,#3566),.UNSPECIFIED.,.F.,.F.,(4,3,3,3,3,3,3,3,3,3,3,3,
3,3,3,3,3,3,3,3,3,3,3,3,3,3,3,3,3,3,3,4),(0.,0.0612141183101457,0.118530864654464,
0.121477954666302,0.1666666666667,0.227804084501707,0.242080007532472,0.252444556276765,
0.313404112209781,0.3333333333333,0.369958163434445,0.409688387601078,0.485619718825433,
0.499358860658058,0.5,0.576764317696395,0.58333333333335,0.629258547058571,
0.6666666666667,0.720584919526229,0.738400872102692,0.75770217660915,0.808377509856491,
0.8333333333333,0.879199062238282,0.881731184990344,0.884269251506095,0.931153355248394,
0.935887714873301,0.985311943007082,0.988196195488063,0.999999999998895),
 .UNSPECIFIED.);
#33=B_SPLINE_CURVE_WITH_KNOTS('',3,(#3567,#3568,#3569,#3570),
 .UNSPECIFIED.,.F.,.F.,(4,4),(0.,1.),.UNSPECIFIED.);
#34=B_SPLINE_CURVE_WITH_KNOTS('',3,(#3681,#3682,#3683,#3684,#3685,#3686,
#3687,#3688,#3689,#3690),.UNSPECIFIED.,.F.,.F.,(4,1,1,1,1,1,1,4),(0.,0.1428571428571,
0.2857142857143,0.4285714285714,0.5714285714286,0.7142857142857,0.8571428571429,
1.),.UNSPECIFIED.);
#35=(
BOUNDED_CURVE()
B_SPLINE_CURVE(2,(#2843,#2844,#2845),.UNSPECIFIED.,.F.,.F.)
B_SPLINE_CURVE_WITH_KNOTS((3,3),(0.678257579866248,0.724100984000683),
 .UNSPECIFIED.)
CURVE()
GEOMETRIC_REPRESENTATION_ITEM()
RATIONAL_B_SPLINE_CURVE((1.24374457762637,1.21324597913016,1.17751105894467))
REPRESENTATION_ITEM('')
);
#36=(
BOUNDED_CURVE()
B_SPLINE_CURVE(2,(#2885,#2886,#2887),.UNSPECIFIED.,.F.,.F.)
B_SPLINE_CURVE_WITH_KNOTS((3,3),(-1.13489722481423,-1.0016178670682),
 .UNSPECIFIED.)
CURVE()
GEOMETRIC_REPRESENTATION_ITEM()
RATIONAL_B_SPLINE_CURVE((2.5746497262475,2.53609754053889,2.48488344802907))
REPRESENTATION_ITEM('')
);
#37=CONICAL_SURFACE('',#1987,3.15,0.785398163397448);
#38=CONICAL_SURFACE('',#2012,3.15,0.785398163397448);
#39=CONICAL_SURFACE('',#2018,1.15,0.785398163397448);
#40=CONICAL_SURFACE('',#2029,2.25,0.785398163397448);
#41=CONICAL_SURFACE('',#2036,1.35,0.785398163397274);
#42=CONICAL_SURFACE('',#2042,1.35,0.785398163397274);
#43=CONICAL_SURFACE('',#2043,0.85,0.785398163397448);
#44=CONICAL_SURFACE('',#2046,1.15,0.785398163397448);
#45=CONICAL_SURFACE('',#2088,1.449999998271,0.785398163397448);
#46=CONICAL_SURFACE('',#2094,2.15,0.785398163397448);
#47=CONICAL_SURFACE('',#2099,2.15,0.785398163397448);
#48=CONICAL_SURFACE('',#2103,2.15,0.785398163397448);
#49=CONICAL_SURFACE('',#2108,2.15,0.785398163397448);
#50=CONICAL_SURFACE('',#2116,1.149999996279,0.785398163397448);
#51=CONICAL_SURFACE('',#2120,1.149999996279,0.785398163397448);
#52=CONICAL_SURFACE('',#2127,1.449999998271,0.785398163397448);
#53=CONICAL_SURFACE('',#2131,2.25,0.785398163397448);
#54=CONICAL_SURFACE('',#2132,3.15,0.785398163397448);
#55=CONICAL_SURFACE('',#2147,0.85,0.785398163397448);
#56=CONICAL_SURFACE('',#2148,0.85,0.785398163397448);
#57=CONICAL_SURFACE('',#2151,0.85,0.785398163397448);
#58=CONICAL_SURFACE('',#2153,0.85,0.785398163397448);
#59=CONICAL_SURFACE('',#2155,3.15,0.785398163397448);
#60=CONICAL_SURFACE('',#2159,0.85,0.785398163397448);
#61=CONICAL_SURFACE('',#2161,1.35,0.785398163397448);
#62=CONICAL_SURFACE('',#2162,1.35,0.785398163397448);
#63=CONICAL_SURFACE('',#2163,2.25,0.785398163397448);
#64=CONICAL_SURFACE('',#2170,1.35,0.785398163397448);
#65=CONICAL_SURFACE('',#2175,1.35,0.785398163397448);
#66=CONICAL_SURFACE('',#2176,2.25,0.785398163397448);
#67=CONICAL_SURFACE('',#2179,2.25,0.785398163397448);
#68=FACE_BOUND('',#256,.T.);
#69=FACE_BOUND('',#259,.T.);
#70=FACE_BOUND('',#263,.T.);
#71=FACE_BOUND('',#274,.T.);
#72=FACE_BOUND('',#275,.T.);
#73=FACE_BOUND('',#276,.T.);
#74=FACE_BOUND('',#277,.T.);
#75=FACE_BOUND('',#289,.T.);
#76=FACE_BOUND('',#300,.T.);
#77=FACE_BOUND('',#301,.T.);
#78=FACE_BOUND('',#323,.T.);
#79=FACE_BOUND('',#324,.T.);
#80=FACE_BOUND('',#329,.T.);
#81=FACE_BOUND('',#330,.T.);
#82=FACE_BOUND('',#336,.T.);
#83=FACE_BOUND('',#377,.T.);
#84=FACE_BOUND('',#386,.T.);
#85=PLANE('',#1967);
#86=PLANE('',#1973);
#87=PLANE('',#1981);
#88=PLANE('',#1985);
#89=PLANE('',#1986);
#90=PLANE('',#1992);
#91=PLANE('',#1993);
#92=PLANE('',#1997);
#93=PLANE('',#2002);
#94=PLANE('',#2015);
#95=PLANE('',#2017);
#96=PLANE('',#2020);
#97=PLANE('',#2021);
#98=PLANE('',#2028);
#99=PLANE('',#2034);
#100=PLANE('',#2045);
#101=PLANE('',#2050);
#102=PLANE('',#2051);
#103=PLANE('',#2052);
#104=PLANE('',#2058);
#105=PLANE('',#2059);
#106=PLANE('',#2060);
#107=PLANE('',#2061);
#108=PLANE('',#2067);
#109=PLANE('',#2090);
#110=PLANE('',#2091);
#111=PLANE('',#2101);
#112=PLANE('',#2109);
#113=PLANE('',#2110);
#114=PLANE('',#2118);
#115=PLANE('',#2122);
#116=PLANE('',#2123);
#117=PLANE('',#2125);
#118=PLANE('',#2126);
#119=PLANE('',#2130);
#120=PLANE('',#2136);
#121=PLANE('',#2140);
#122=PLANE('',#2143);
#123=PLANE('',#2149);
#124=PLANE('',#2150);
#125=PLANE('',#2152);
#126=PLANE('',#2154);
#127=PLANE('',#2156);
#128=PLANE('',#2157);
#129=PLANE('',#2158);
#130=PLANE('',#2160);
#131=PLANE('',#2168);
#132=PLANE('',#2178);
#133=PLANE('',#2181);
#134=PLANE('',#2182);
#135=PLANE('',#2185);
#136=FACE_OUTER_BOUND('',#254,.T.);
#137=FACE_OUTER_BOUND('',#255,.T.);
#138=FACE_OUTER_BOUND('',#257,.T.);
#139=FACE_OUTER_BOUND('',#258,.T.);
#140=FACE_OUTER_BOUND('',#260,.T.);
#141=FACE_OUTER_BOUND('',#261,.T.);
#142=FACE_OUTER_BOUND('',#262,.T.);
#143=FACE_OUTER_BOUND('',#264,.T.);
#144=FACE_OUTER_BOUND('',#265,.T.);
#145=FACE_OUTER_BOUND('',#266,.T.);
#146=FACE_OUTER_BOUND('',#267,.T.);
#147=FACE_OUTER_BOUND('',#268,.T.);
#148=FACE_OUTER_BOUND('',#269,.T.);
#149=FACE_OUTER_BOUND('',#270,.T.);
#150=FACE_OUTER_BOUND('',#271,.T.);
#151=FACE_OUTER_BOUND('',#272,.T.);
#152=FACE_OUTER_BOUND('',#273,.T.);
#153=FACE_OUTER_BOUND('',#278,.T.);
#154=FACE_OUTER_BOUND('',#279,.T.);
#155=FACE_OUTER_BOUND('',#280,.T.);
#156=FACE_OUTER_BOUND('',#281,.T.);
#157=FACE_OUTER_BOUND('',#282,.T.);
#158=FACE_OUTER_BOUND('',#283,.T.);
#159=FACE_OUTER_BOUND('',#284,.T.);
#160=FACE_OUTER_BOUND('',#285,.T.);
#161=FACE_OUTER_BOUND('',#286,.T.);
#162=FACE_OUTER_BOUND('',#287,.T.);
#163=FACE_OUTER_BOUND('',#288,.T.);
#164=FACE_OUTER_BOUND('',#290,.T.);
#165=FACE_OUTER_BOUND('',#291,.T.);
#166=FACE_OUTER_BOUND('',#292,.T.);
#167=FACE_OUTER_BOUND('',#293,.T.);
#168=FACE_OUTER_BOUND('',#294,.T.);
#169=FACE_OUTER_BOUND('',#295,.T.);
#170=FACE_OUTER_BOUND('',#296,.T.);
#171=FACE_OUTER_BOUND('',#297,.T.);
#172=FACE_OUTER_BOUND('',#298,.T.);
#173=FACE_OUTER_BOUND('',#299,.T.);
#174=FACE_OUTER_BOUND('',#302,.T.);
#175=FACE_OUTER_BOUND('',#303,.T.);
#176=FACE_OUTER_BOUND('',#304,.T.);
#177=FACE_OUTER_BOUND('',#305,.T.);
#178=FACE_OUTER_BOUND('',#306,.T.);
#179=FACE_OUTER_BOUND('',#307,.T.);
#180=FACE_OUTER_BOUND('',#308,.T.);
#181=FACE_OUTER_BOUND('',#309,.T.);
#182=FACE_OUTER_BOUND('',#310,.T.);
#183=FACE_OUTER_BOUND('',#311,.T.);
#184=FACE_OUTER_BOUND('',#312,.T.);
#185=FACE_OUTER_BOUND('',#313,.T.);
#186=FACE_OUTER_BOUND('',#314,.T.);
#187=FACE_OUTER_BOUND('',#315,.T.);
#188=FACE_OUTER_BOUND('',#316,.T.);
#189=FACE_OUTER_BOUND('',#317,.T.);
#190=FACE_OUTER_BOUND('',#318,.T.);
#191=FACE_OUTER_BOUND('',#319,.T.);
#192=FACE_OUTER_BOUND('',#320,.T.);
#193=FACE_OUTER_BOUND('',#321,.T.);
#194=FACE_OUTER_BOUND('',#322,.T.);
#195=FACE_OUTER_BOUND('',#325,.T.);
#196=FACE_OUTER_BOUND('',#326,.T.);
#197=FACE_OUTER_BOUND('',#327,.T.);
#198=FACE_OUTER_BOUND('',#328,.T.);
#199=FACE_OUTER_BOUND('',#331,.T.);
#200=FACE_OUTER_BOUND('',#332,.T.);
#201=FACE_OUTER_BOUND('',#333,.T.);
#202=FACE_OUTER_BOUND('',#334,.T.);
#203=FACE_OUTER_BOUND('',#335,.T.);
#204=FACE_OUTER_BOUND('',#337,.T.);
#205=FACE_OUTER_BOUND('',#338,.T.);
#206=FACE_OUTER_BOUND('',#339,.T.);
#207=FACE_OUTER_BOUND('',#340,.T.);
#208=FACE_OUTER_BOUND('',#341,.T.);
#209=FACE_OUTER_BOUND('',#342,.T.);
#210=FACE_OUTER_BOUND('',#343,.T.);
#211=FACE_OUTER_BOUND('',#344,.T.);
#212=FACE_OUTER_BOUND('',#345,.T.);
#213=FACE_OUTER_BOUND('',#346,.T.);
#214=FACE_OUTER_BOUND('',#347,.T.);
#215=FACE_OUTER_BOUND('',#348,.T.);
#216=FACE_OUTER_BOUND('',#349,.T.);
#217=FACE_OUTER_BOUND('',#350,.T.);
#218=FACE_OUTER_BOUND('',#351,.T.);
#219=FACE_OUTER_BOUND('',#352,.T.);
#220=FACE_OUTER_BOUND('',#353,.T.);
#221=FACE_OUTER_BOUND('',#354,.T.);
#222=FACE_OUTER_BOUND('',#355,.T.);
#223=FACE_OUTER_BOUND('',#356,.T.);
#224=FACE_OUTER_BOUND('',#357,.T.);
#225=FACE_OUTER_BOUND('',#358,.T.);
#226=FACE_OUTER_BOUND('',#359,.T.);
#227=FACE_OUTER_BOUND('',#360,.T.);
#228=FACE_OUTER_BOUND('',#361,.T.);
#229=FACE_OUTER_BOUND('',#362,.T.);
#230=FACE_OUTER_BOUND('',#363,.T.);
#231=FACE_OUTER_BOUND('',#364,.T.);
#232=FACE_OUTER_BOUND('',#365,.T.);
#233=FACE_OUTER_BOUND('',#366,.T.);
#234=FACE_OUTER_BOUND('',#367,.T.);
#235=FACE_OUTER_BOUND('',#368,.T.);
#236=FACE_OUTER_BOUND('',#369,.T.);
#237=FACE_OUTER_BOUND('',#370,.T.);
#238=FACE_OUTER_BOUND('',#371,.T.);
#239=FACE_OUTER_BOUND('',#372,.T.);
#240=FACE_OUTER_BOUND('',#373,.T.);
#241=FACE_OUTER_BOUND('',#374,.T.);
#242=FACE_OUTER_BOUND('',#375,.T.);
#243=FACE_OUTER_BOUND('',#376,.T.);
#244=FACE_OUTER_BOUND('',#378,.T.);
#245=FACE_OUTER_BOUND('',#379,.T.);
#246=FACE_OUTER_BOUND('',#380,.T.);
#247=FACE_OUTER_BOUND('',#381,.T.);
#248=FACE_OUTER_BOUND('',#382,.T.);
#249=FACE_OUTER_BOUND('',#383,.T.);
#250=FACE_OUTER_BOUND('',#384,.T.);
#251=FACE_OUTER_BOUND('',#385,.T.);
#252=FACE_OUTER_BOUND('',#387,.T.);
#253=FACE_OUTER_BOUND('',#388,.T.);
#254=EDGE_LOOP('',(#1252,#1253,#1254,#1255));
#255=EDGE_LOOP('',(#1256));
#256=EDGE_LOOP('',(#1257));
#257=EDGE_LOOP('',(#1258,#1259,#1260,#1261,#1262));
#258=EDGE_LOOP('',(#1263));
#259=EDGE_LOOP('',(#1264));
#260=EDGE_LOOP('',(#1265,#1266,#1267,#1268));
#261=EDGE_LOOP('',(#1269,#1270,#1271,#1272,#1273));
#262=EDGE_LOOP('',(#1274));
#263=EDGE_LOOP('',(#1275));
#264=EDGE_LOOP('',(#1276,#1277,#1278,#1279));
#265=EDGE_LOOP('',(#1280,#1281,#1282));
#266=EDGE_LOOP('',(#1283,#1284,#1285,#1286));
#267=EDGE_LOOP('',(#1287,#1288,#1289,#1290,#1291,#1292));
#268=EDGE_LOOP('',(#1293,#1294,#1295,#1296,#1297,#1298,#1299,#1300));
#269=EDGE_LOOP('',(#1301,#1302,#1303,#1304,#1305,#1306,#1307));
#270=EDGE_LOOP('',(#1308,#1309,#1310,#1311));
#271=EDGE_LOOP('',(#1312,#1313,#1314,#1315,#1316,#1317));
#272=EDGE_LOOP('',(#1318,#1319,#1320,#1321,#1322,#1323,#1324));
#273=EDGE_LOOP('',(#1325,#1326,#1327,#1328,#1329,#1330,#1331,#1332,#1333,
#1334,#1335));
#274=EDGE_LOOP('',(#1336));
#275=EDGE_LOOP('',(#1337));
#276=EDGE_LOOP('',(#1338));
#277=EDGE_LOOP('',(#1339));
#278=EDGE_LOOP('',(#1340,#1341,#1342,#1343,#1344));
#279=EDGE_LOOP('',(#1345,#1346,#1347,#1348));
#280=EDGE_LOOP('',(#1349,#1350,#1351,#1352,#1353,#1354,#1355));
#281=EDGE_LOOP('',(#1356,#1357,#1358,#1359));
#282=EDGE_LOOP('',(#1360,#1361,#1362,#1363));
#283=EDGE_LOOP('',(#1364,#1365,#1366,#1367));
#284=EDGE_LOOP('',(#1368,#1369,#1370,#1371,#1372,#1373,#1374,#1375,#1376,
#1377,#1378,#1379));
#285=EDGE_LOOP('',(#1380,#1381,#1382,#1383,#1384,#1385,#1386,#1387));
#286=EDGE_LOOP('',(#1388,#1389,#1390,#1391,#1392,#1393,#1394));
#287=EDGE_LOOP('',(#1395,#1396,#1397,#1398,#1399));
#288=EDGE_LOOP('',(#1400));
#289=EDGE_LOOP('',(#1401));
#290=EDGE_LOOP('',(#1402,#1403,#1404,#1405,#1406));
#291=EDGE_LOOP('',(#1407,#1408,#1409,#1410,#1411,#1412));
#292=EDGE_LOOP('',(#1413,#1414,#1415,#1416,#1417));
#293=EDGE_LOOP('',(#1418,#1419,#1420,#1421));
#294=EDGE_LOOP('',(#1422,#1423,#1424,#1425));
#295=EDGE_LOOP('',(#1426,#1427,#1428,#1429));
#296=EDGE_LOOP('',(#1430,#1431,#1432,#1433));
#297=EDGE_LOOP('',(#1434,#1435,#1436,#1437));
#298=EDGE_LOOP('',(#1438,#1439,#1440,#1441));
#299=EDGE_LOOP('',(#1442,#1443,#1444,#1445,#1446,#1447,#1448,#1449,#1450,
#1451,#1452,#1453));
#300=EDGE_LOOP('',(#1454));
#301=EDGE_LOOP('',(#1455));
#302=EDGE_LOOP('',(#1456,#1457,#1458,#1459,#1460,#1461,#1462,#1463));
#303=EDGE_LOOP('',(#1464,#1465,#1466,#1467));
#304=EDGE_LOOP('',(#1468,#1469,#1470,#1471,#1472,#1473));
#305=EDGE_LOOP('',(#1474,#1475,#1476,#1477,#1478,#1479));
#306=EDGE_LOOP('',(#1480,#1481,#1482));
#307=EDGE_LOOP('',(#1483,#1484,#1485,#1486));
#308=EDGE_LOOP('',(#1487,#1488,#1489));
#309=EDGE_LOOP('',(#1490,#1491,#1492,#1493));
#310=EDGE_LOOP('',(#1494,#1495,#1496,#1497));
#311=EDGE_LOOP('',(#1498,#1499,#1500,#1501));
#312=EDGE_LOOP('',(#1502,#1503,#1504,#1505));
#313=EDGE_LOOP('',(#1506,#1507,#1508,#1509));
#314=EDGE_LOOP('',(#1510,#1511,#1512,#1513));
#315=EDGE_LOOP('',(#1514,#1515,#1516,#1517));
#316=EDGE_LOOP('',(#1518,#1519,#1520,#1521));
#317=EDGE_LOOP('',(#1522,#1523,#1524,#1525));
#318=EDGE_LOOP('',(#1526,#1527,#1528));
#319=EDGE_LOOP('',(#1529,#1530,#1531,#1532,#1533,#1534,#1535,#1536,#1537,
#1538,#1539));
#320=EDGE_LOOP('',(#1540,#1541,#1542,#1543));
#321=EDGE_LOOP('',(#1544,#1545,#1546,#1547));
#322=EDGE_LOOP('',(#1548,#1549,#1550,#1551));
#323=EDGE_LOOP('',(#1552));
#324=EDGE_LOOP('',(#1553));
#325=EDGE_LOOP('',(#1554,#1555,#1556,#1557,#1558));
#326=EDGE_LOOP('',(#1559,#1560,#1561,#1562,#1563));
#327=EDGE_LOOP('',(#1564,#1565,#1566,#1567));
#328=EDGE_LOOP('',(#1568,#1569,#1570,#1571));
#329=EDGE_LOOP('',(#1572));
#330=EDGE_LOOP('',(#1573));
#331=EDGE_LOOP('',(#1574,#1575,#1576,#1577));
#332=EDGE_LOOP('',(#1578,#1579,#1580,#1581,#1582));
#333=EDGE_LOOP('',(#1583,#1584,#1585,#1586,#1587));
#334=EDGE_LOOP('',(#1588,#1589,#1590,#1591));
#335=EDGE_LOOP('',(#1592,#1593,#1594,#1595));
#336=EDGE_LOOP('',(#1596,#1597,#1598,#1599));
#337=EDGE_LOOP('',(#1600,#1601,#1602,#1603));
#338=EDGE_LOOP('',(#1604,#1605,#1606,#1607));
#339=EDGE_LOOP('',(#1608,#1609,#1610,#1611));
#340=EDGE_LOOP('',(#1612,#1613,#1614,#1615));
#341=EDGE_LOOP('',(#1616,#1617,#1618,#1619));
#342=EDGE_LOOP('',(#1620,#1621,#1622,#1623));
#343=EDGE_LOOP('',(#1624,#1625,#1626,#1627));
#344=EDGE_LOOP('',(#1628,#1629,#1630,#1631));
#345=EDGE_LOOP('',(#1632,#1633,#1634,#1635));
#346=EDGE_LOOP('',(#1636,#1637,#1638,#1639));
#347=EDGE_LOOP('',(#1640,#1641,#1642,#1643,#1644));
#348=EDGE_LOOP('',(#1645,#1646,#1647));
#349=EDGE_LOOP('',(#1648,#1649,#1650,#1651));
#350=EDGE_LOOP('',(#1652,#1653,#1654,#1655));
#351=EDGE_LOOP('',(#1656,#1657,#1658,#1659));
#352=EDGE_LOOP('',(#1660,#1661,#1662,#1663));
#353=EDGE_LOOP('',(#1664,#1665,#1666,#1667));
#354=EDGE_LOOP('',(#1668,#1669,#1670,#1671,#1672,#1673,#1674));
#355=EDGE_LOOP('',(#1675,#1676,#1677,#1678));
#356=EDGE_LOOP('',(#1679,#1680,#1681,#1682));
#357=EDGE_LOOP('',(#1683,#1684,#1685,#1686));
#358=EDGE_LOOP('',(#1687,#1688,#1689,#1690));
#359=EDGE_LOOP('',(#1691,#1692,#1693,#1694));
#360=EDGE_LOOP('',(#1695,#1696,#1697,#1698));
#361=EDGE_LOOP('',(#1699,#1700,#1701,#1702));
#362=EDGE_LOOP('',(#1703,#1704,#1705,#1706));
#363=EDGE_LOOP('',(#1707,#1708,#1709,#1710));
#364=EDGE_LOOP('',(#1711,#1712,#1713,#1714));
#365=EDGE_LOOP('',(#1715,#1716,#1717,#1718));
#366=EDGE_LOOP('',(#1719,#1720,#1721,#1722));
#367=EDGE_LOOP('',(#1723,#1724,#1725,#1726));
#368=EDGE_LOOP('',(#1727,#1728,#1729));
#369=EDGE_LOOP('',(#1730,#1731,#1732,#1733));
#370=EDGE_LOOP('',(#1734,#1735,#1736,#1737));
#371=EDGE_LOOP('',(#1738,#1739,#1740,#1741));
#372=EDGE_LOOP('',(#1742,#1743,#1744,#1745,#1746));
#373=EDGE_LOOP('',(#1747,#1748,#1749,#1750,#1751));
#374=EDGE_LOOP('',(#1752,#1753,#1754,#1755,#1756,#1757,#1758));
#375=EDGE_LOOP('',(#1759,#1760,#1761,#1762,#1763));
#376=EDGE_LOOP('',(#1764));
#377=EDGE_LOOP('',(#1765));
#378=EDGE_LOOP('',(#1766,#1767,#1768,#1769));
#379=EDGE_LOOP('',(#1770,#1771,#1772,#1773,#1774));
#380=EDGE_LOOP('',(#1775,#1776,#1777,#1778,#1779));
#381=EDGE_LOOP('',(#1780,#1781,#1782,#1783));
#382=EDGE_LOOP('',(#1784,#1785,#1786,#1787));
#383=EDGE_LOOP('',(#1788,#1789,#1790,#1791));
#384=EDGE_LOOP('',(#1792,#1793,#1794,#1795));
#385=EDGE_LOOP('',(#1796,#1797,#1798,#1799));
#386=EDGE_LOOP('',(#1800));
#387=EDGE_LOOP('',(#1801,#1802,#1803,#1804));
#388=EDGE_LOOP('',(#1805));
#389=LINE('',#2792,#544);
#390=LINE('',#2801,#545);
#391=LINE('',#2810,#546);
#392=LINE('',#2816,#547);
#393=LINE('',#2825,#548);
#394=LINE('',#2830,#549);
#395=LINE('',#2832,#550);
#396=LINE('',#2833,#551);
#397=LINE('',#2837,#552);
#398=LINE('',#2838,#553);
#399=LINE('',#2839,#554);
#400=LINE('',#2855,#555);
#401=LINE('',#2867,#556);
#402=LINE('',#2869,#557);
#403=LINE('',#2871,#558);
#404=LINE('',#2873,#559);
#405=LINE('',#2874,#560);
#406=LINE('',#2878,#561);
#407=LINE('',#2880,#562);
#408=LINE('',#2882,#563);
#409=LINE('',#2884,#564);
#410=LINE('',#2888,#565);
#411=LINE('',#2892,#566);
#412=LINE('',#2898,#567);
#413=LINE('',#2899,#568);
#414=LINE('',#2901,#569);
#415=LINE('',#2903,#570);
#416=LINE('',#2904,#571);
#417=LINE('',#2910,#572);
#418=LINE('',#2923,#573);
#419=LINE('',#2927,#574);
#420=LINE('',#2931,#575);
#421=LINE('',#2935,#576);
#422=LINE('',#2947,#577);
#423=LINE('',#2950,#578);
#424=LINE('',#2953,#579);
#425=LINE('',#2955,#580);
#426=LINE('',#2957,#581);
#427=LINE('',#2960,#582);
#428=LINE('',#2963,#583);
#429=LINE('',#2964,#584);
#430=LINE('',#2967,#585);
#431=LINE('',#2971,#586);
#432=LINE('',#2972,#587);
#433=LINE('',#2976,#588);
#434=LINE('',#2982,#589);
#435=LINE('',#2986,#590);
#436=LINE('',#2987,#591);
#437=LINE('',#2991,#592);
#438=LINE('',#3003,#593);
#439=LINE('',#3005,#594);
#440=LINE('',#3006,#595);
#441=LINE('',#3011,#596);
#442=LINE('',#3016,#597);
#443=LINE('',#3024,#598);
#444=LINE('',#3031,#599);
#445=LINE('',#3033,#600);
#446=LINE('',#3037,#601);
#447=LINE('',#3040,#602);
#448=LINE('',#3041,#603);
#449=LINE('',#3046,#604);
#450=LINE('',#3049,#605);
#451=LINE('',#3052,#606);
#452=LINE('',#3053,#607);
#453=LINE('',#3056,#608);
#454=LINE('',#3057,#609);
#455=LINE('',#3061,#610);
#456=LINE('',#3065,#611);
#457=LINE('',#3068,#612);
#458=LINE('',#3072,#613);
#459=LINE('',#3078,#614);
#460=LINE('',#3080,#615);
#461=LINE('',#3082,#616);
#462=LINE('',#3084,#617);
#463=LINE('',#3085,#618);
#464=LINE('',#3086,#619);
#465=LINE('',#3089,#620);
#466=LINE('',#3090,#621);
#467=LINE('',#3092,#622);
#468=LINE('',#3096,#623);
#469=LINE('',#3097,#624);
#470=LINE('',#3098,#625);
#471=LINE('',#3329,#626);
#472=LINE('',#3427,#627);
#473=LINE('',#3695,#628);
#474=LINE('',#3696,#629);
#475=LINE('',#3699,#630);
#476=LINE('',#3702,#631);
#477=LINE('',#3705,#632);
#478=LINE('',#3707,#633);
#479=LINE('',#3708,#634);
#480=LINE('',#3710,#635);
#481=LINE('',#3719,#636);
#482=LINE('',#3723,#637);
#483=LINE('',#3727,#638);
#484=LINE('',#3731,#639);
#485=LINE('',#3732,#640);
#486=LINE('',#3738,#641);
#487=LINE('',#3744,#642);
#488=LINE('',#3746,#643);
#489=LINE('',#3749,#644);
#490=LINE('',#3750,#645);
#491=LINE('',#3757,#646);
#492=LINE('',#3760,#647);
#493=LINE('',#3765,#648);
#494=LINE('',#3766,#649);
#495=LINE('',#3771,#650);
#496=LINE('',#3772,#651);
#497=LINE('',#3777,#652);
#498=LINE('',#3778,#653);
#499=LINE('',#3781,#654);
#500=LINE('',#3784,#655);
#501=LINE('',#3786,#656);
#502=LINE('',#3788,#657);
#503=LINE('',#3790,#658);
#504=LINE('',#3792,#659);
#505=LINE('',#3799,#660);
#506=LINE('',#3802,#661);
#507=LINE('',#3806,#662);
#508=LINE('',#3811,#663);
#509=LINE('',#3812,#664);
#510=LINE('',#3813,#665);
#511=LINE('',#3817,#666);
#512=LINE('',#3822,#667);
#513=LINE('',#3823,#668);
#514=LINE('',#3825,#669);
#515=LINE('',#3826,#670);
#516=LINE('',#3829,#671);
#517=LINE('',#3833,#672);
#518=LINE('',#3834,#673);
#519=LINE('',#3840,#674);
#520=LINE('',#3841,#675);
#521=LINE('',#3844,#676);
#522=LINE('',#3846,#677);
#523=LINE('',#3848,#678);
#524=LINE('',#3850,#679);
#525=LINE('',#3852,#680);
#526=LINE('',#3855,#681);
#527=LINE('',#3857,#682);
#528=LINE('',#3859,#683);
#529=LINE('',#3861,#684);
#530=LINE('',#3864,#685);
#531=LINE('',#3866,#686);
#532=LINE('',#3871,#687);
#533=LINE('',#3876,#688);
#534=LINE('',#3883,#689);
#535=LINE('',#3889,#690);
#536=LINE('',#3891,#691);
#537=LINE('',#3894,#692);
#538=LINE('',#3896,#693);
#539=LINE('',#3900,#694);
#540=LINE('',#3901,#695);
#541=LINE('',#3904,#696);
#542=LINE('',#3907,#697);
#543=LINE('',#3912,#698);
#544=VECTOR('',#2192,1.49999999999999);
#545=VECTOR('',#2203,1.3);
#546=VECTOR('',#2214,1.99999999999999);
#547=VECTOR('',#2221,1.3);
#548=VECTOR('',#2232,1.99999999999999);
#549=VECTOR('',#2237,0.424264068711901);
#550=VECTOR('',#2238,0.424264068711901);
#551=VECTOR('',#2239,0.424264068711901);
#552=VECTOR('',#2242,0.424264068711872);
#553=VECTOR('',#2243,3.471572875254);
#554=VECTOR('',#2244,3.471572875254);
#555=VECTOR('',#2257,3.613670266965);
#556=VECTOR('',#2258,4.2);
#557=VECTOR('',#2259,0.0757769483220595);
#558=VECTOR('',#2260,0.156261558423096);
#559=VECTOR('',#2261,8.20000000000005);
#560=VECTOR('',#2262,0.54548237405822);
#561=VECTOR('',#2265,4.7);
#562=VECTOR('',#2266,5.7);
#563=VECTOR('',#2267,8.1);
#564=VECTOR('',#2268,15.4);
#565=VECTOR('',#2269,10.16491651253);
#566=VECTOR('',#2272,4.7);
#567=VECTOR('',#2279,12.6);
#568=VECTOR('',#2280,5.7);
#569=VECTOR('',#2281,10.1);
#570=VECTOR('',#2282,7.9);
#571=VECTOR('',#2283,15.8);
#572=VECTOR('',#2290,4.2);
#573=VECTOR('',#2297,2.);
#574=VECTOR('',#2300,14.50000000057);
#575=VECTOR('',#2303,20.5);
#576=VECTOR('',#2306,13.27157287525);
#577=VECTOR('',#2319,0.424264068711901);
#578=VECTOR('',#2324,4.2);
#579=VECTOR('',#2327,13.27157287525);
#580=VECTOR('',#2328,1.4);
#581=VECTOR('',#2329,8.5);
#582=VECTOR('',#2332,1.5);
#583=VECTOR('',#2335,0.424264068711901);
#584=VECTOR('',#2336,1.5);
#585=VECTOR('',#2339,0.424264068711901);
#586=VECTOR('',#2344,0.424264068711901);
#587=VECTOR('',#2345,8.5);
#588=VECTOR('',#2348,6.081667390675);
#589=VECTOR('',#2353,5.290833695337);
#590=VECTOR('',#2356,8.5);
#591=VECTOR('',#2357,21.9);
#592=VECTOR('',#2360,5.290833695337);
#593=VECTOR('',#2367,0.424264068711901);
#594=VECTOR('',#2368,20.5);
#595=VECTOR('',#2369,0.424264068711901);
#596=VECTOR('',#2374,2.25);
#597=VECTOR('',#2381,2.1);
#598=VECTOR('',#2390,1.35);
#599=VECTOR('',#2399,1.2);
#600=VECTOR('',#2402,1.35);
#601=VECTOR('',#2407,0.424264068711901);
#602=VECTOR('',#2410,8.5);
#603=VECTOR('',#2411,0.424264068711901);
#604=VECTOR('',#2416,0.424264068711901);
#605=VECTOR('',#2421,21.9);
#606=VECTOR('',#2424,1.5);
#607=VECTOR('',#2425,21.9);
#608=VECTOR('',#2428,0.424264068711901);
#609=VECTOR('',#2429,21.9);
#610=VECTOR('',#2432,0.2435340033749);
#611=VECTOR('',#2435,13.);
#612=VECTOR('',#2438,4.700000000568);
#613=VECTOR('',#2441,2.);
#614=VECTOR('',#2448,0.519615242270577);
#615=VECTOR('',#2449,0.143534003375);
#616=VECTOR('',#2450,1.356465996625);
#617=VECTOR('',#2451,13.);
#618=VECTOR('',#2452,1.356465996625);
#619=VECTOR('',#2453,0.424264068711901);
#620=VECTOR('',#2456,0.424264068711901);
#621=VECTOR('',#2457,8.2);
#622=VECTOR('',#2460,4.00777365539);
#623=VECTOR('',#2463,2.);
#624=VECTOR('',#2464,0.09999999999981);
#625=VECTOR('',#2465,1.907772788069);
#626=VECTOR('',#2482,13.);
#627=VECTOR('',#2497,13.);
#628=VECTOR('',#2520,10.18348486204);
#629=VECTOR('',#2521,10.10000000094);
#630=VECTOR('',#2524,0.141421356563001);
#631=VECTOR('',#2527,0.141421356594301);
#632=VECTOR('',#2530,12.99999995136);
#633=VECTOR('',#2531,12.99999993946);
#634=VECTOR('',#2532,0.141421356563001);
#635=VECTOR('',#2535,10.18348486195);
#636=VECTOR('',#2544,2.15);
#637=VECTOR('',#2549,2.);
#638=VECTOR('',#2554,2.15);
#639=VECTOR('',#2559,12.99999995136);
#640=VECTOR('',#2560,10.10000000103);
#641=VECTOR('',#2567,2.15);
#642=VECTOR('',#2574,2.);
#643=VECTOR('',#2577,2.15);
#644=VECTOR('',#2580,0.141421356594301);
#645=VECTOR('',#2581,12.99999993946);
#646=VECTOR('',#2588,13.);
#647=VECTOR('',#2591,13.);
#648=VECTOR('',#2596,1.400000001818);
#649=VECTOR('',#2597,1.400000002268);
#650=VECTOR('',#2602,0.141421356808701);
#651=VECTOR('',#2603,0.141421356950001);
#652=VECTOR('',#2608,12.99999995164);
#653=VECTOR('',#2609,12.99999995164);
#654=VECTOR('',#2612,0.141421356808701);
#655=VECTOR('',#2615,0.141421356950001);
#656=VECTOR('',#2618,12.99999996044);
#657=VECTOR('',#2621,1.400000002268);
#658=VECTOR('',#2624,1.400000001818);
#659=VECTOR('',#2627,12.99999996044);
#660=VECTOR('',#2640,0.424264068609101);
#661=VECTOR('',#2643,0.424264068711901);
#662=VECTOR('',#2648,4.2);
#663=VECTOR('',#2653,4.2);
#664=VECTOR('',#2654,2.);
#665=VECTOR('',#2655,2.);
#666=VECTOR('',#2658,4.2);
#667=VECTOR('',#2665,1.4);
#668=VECTOR('',#2666,14.50000000057);
#669=VECTOR('',#2667,4.700000000568);
#670=VECTOR('',#2668,1.5);
#671=VECTOR('',#2671,1.4);
#672=VECTOR('',#2676,1.4);
#673=VECTOR('',#2677,20.5);
#674=VECTOR('',#2688,0.424264068711872);
#675=VECTOR('',#2689,0.424264068711901);
#676=VECTOR('',#2694,0.424264068711901);
#677=VECTOR('',#2697,0.424264068711901);
#678=VECTOR('',#2700,0.424264068711872);
#679=VECTOR('',#2703,0.424264068711901);
#680=VECTOR('',#2706,0.424264068711901);
#681=VECTOR('',#2711,0.424264068711901);
#682=VECTOR('',#2714,0.424264068711901);
#683=VECTOR('',#2717,0.424264068711872);
#684=VECTOR('',#2720,0.424264068711901);
#685=VECTOR('',#2725,1.35);
#686=VECTOR('',#2728,1.35);
#687=VECTOR('',#2733,2.25);
#688=VECTOR('',#2740,2.1);
#689=VECTOR('',#2749,1.35);
#690=VECTOR('',#2756,1.2);
#691=VECTOR('',#2759,1.35);
#692=VECTOR('',#2762,0.424264068711901);
#693=VECTOR('',#2763,0.424264068711901);
#694=VECTOR('',#2768,0.424264068711901);
#695=VECTOR('',#2769,5.7);
#696=VECTOR('',#2772,0.424264068711901);
#697=VECTOR('',#2777,5.7);
#698=VECTOR('',#2784,0.8);
#699=CIRCLE('',#1965,1.49999999999999);
#700=CIRCLE('',#1966,1.49999999999999);
#701=CIRCLE('',#1968,0.8);
#702=CIRCLE('',#1970,1.3);
#703=CIRCLE('',#1971,1.29999999999999);
#704=CIRCLE('',#1972,1.29999999999999);
#705=CIRCLE('',#1974,1.99999999999999);
#706=CIRCLE('',#1976,1.99999999999999);
#707=CIRCLE('',#1978,1.3);
#708=CIRCLE('',#1979,1.29999999999999);
#709=CIRCLE('',#1980,1.29999999999999);
#710=CIRCLE('',#1982,1.99999999999999);
#711=CIRCLE('',#1984,1.99999999999999);
#712=CIRCLE('',#1988,3.);
#713=CIRCLE('',#1989,3.3);
#714=CIRCLE('',#1990,3.3);
#715=CIRCLE('',#1991,3.3);
#716=CIRCLE('',#1995,2.4);
#717=CIRCLE('',#1996,2.4);
#718=CIRCLE('',#1999,2.4);
#719=CIRCLE('',#2000,2.4);
#720=CIRCLE('',#2001,2.4);
#721=CIRCLE('',#2003,3.3);
#722=CIRCLE('',#2004,0.7);
#723=CIRCLE('',#2005,0.7);
#724=CIRCLE('',#2006,0.7);
#725=CIRCLE('',#2007,3.3);
#726=CIRCLE('',#2008,1.5);
#727=CIRCLE('',#2009,1.5);
#728=CIRCLE('',#2010,1.5);
#729=CIRCLE('',#2011,1.5);
#730=CIRCLE('',#2013,3.);
#731=CIRCLE('',#2016,1.3);
#732=CIRCLE('',#2019,1.);
#733=CIRCLE('',#2022,2.4);
#734=CIRCLE('',#2023,2.4);
#735=CIRCLE('',#2024,0.7);
#736=CIRCLE('',#2025,0.7);
#737=CIRCLE('',#2026,2.4);
#738=CIRCLE('',#2027,2.4);
#739=CIRCLE('',#2030,2.1);
#740=CIRCLE('',#2031,2.1);
#741=CIRCLE('',#2033,2.1);
#742=CIRCLE('',#2035,1.5);
#743=CIRCLE('',#2037,1.200000000001);
#744=CIRCLE('',#2038,1.200000000001);
#745=CIRCLE('',#2040,1.200000000001);
#746=CIRCLE('',#2041,1.200000000001);
#747=CIRCLE('',#2044,1.);
#748=CIRCLE('',#2047,1.3);
#749=CIRCLE('',#2048,1.);
#750=CIRCLE('',#2053,2.5);
#751=CIRCLE('',#2054,2.5);
#752=CIRCLE('',#2055,0.7);
#753=CIRCLE('',#2056,3.3);
#754=CIRCLE('',#2057,2.1);
#755=CIRCLE('',#2062,1.);
#756=CIRCLE('',#2064,1.5);
#757=CIRCLE('',#2065,1.);
#758=CIRCLE('',#2066,2.5);
#759=CIRCLE('',#2068,1.);
#760=CIRCLE('',#2070,1.);
#761=CIRCLE('',#2071,1.);
#762=CIRCLE('',#2073,1.);
#763=CIRCLE('',#2074,1.5);
#764=CIRCLE('',#2076,1.);
#765=CIRCLE('',#2078,1.);
#766=CIRCLE('',#2079,1.5);
#767=CIRCLE('',#2080,1.);
#768=CIRCLE('',#2081,1.5);
#769=CIRCLE('',#2083,1.);
#770=CIRCLE('',#2084,2.5);
#771=CIRCLE('',#2085,1.5);
#772=CIRCLE('',#2087,1.5);
#773=CIRCLE('',#2089,1.4);
#774=CIRCLE('',#2092,2.3);
#775=CIRCLE('',#2093,2.3);
#776=CIRCLE('',#2095,2.);
#777=CIRCLE('',#2096,2.);
#778=CIRCLE('',#2098,2.);
#779=CIRCLE('',#2100,2.3);
#780=CIRCLE('',#2102,2.3);
#781=CIRCLE('',#2104,2.);
#782=CIRCLE('',#2106,2.);
#783=CIRCLE('',#2107,2.);
#784=CIRCLE('',#2111,1.4);
#785=CIRCLE('',#2112,1.2);
#786=CIRCLE('',#2113,1.2);
#787=CIRCLE('',#2115,1.2);
#788=CIRCLE('',#2117,1.1);
#789=CIRCLE('',#2119,1.1);
#790=CIRCLE('',#2121,1.2);
#791=CIRCLE('',#2128,1.5);
#792=CIRCLE('',#2133,3.);
#793=CIRCLE('',#2135,3.);
#794=CIRCLE('',#2138,1.);
#795=CIRCLE('',#2139,1.);
#796=CIRCLE('',#2142,1.);
#797=CIRCLE('',#2145,1.);
#798=CIRCLE('',#2146,1.);
#799=CIRCLE('',#2164,2.1);
#800=CIRCLE('',#2165,2.1);
#801=CIRCLE('',#2167,2.1);
#802=CIRCLE('',#2169,1.5);
#803=CIRCLE('',#2171,1.2);
#804=CIRCLE('',#2173,1.2);
#805=CIRCLE('',#2174,1.2);
#806=CIRCLE('',#2177,2.1);
#807=CIRCLE('',#2180,2.1);
#808=CIRCLE('',#2184,0.8);
#809=VERTEX_POINT('',#2789);
#810=VERTEX_POINT('',#2791);
#811=VERTEX_POINT('',#2795);
#812=VERTEX_POINT('',#2798);
#813=VERTEX_POINT('',#2800);
#814=VERTEX_POINT('',#2802);
#815=VERTEX_POINT('',#2806);
#816=VERTEX_POINT('',#2809);
#817=VERTEX_POINT('',#2813);
#818=VERTEX_POINT('',#2815);
#819=VERTEX_POINT('',#2817);
#820=VERTEX_POINT('',#2821);
#821=VERTEX_POINT('',#2824);
#822=VERTEX_POINT('',#2828);
#823=VERTEX_POINT('',#2829);
#824=VERTEX_POINT('',#2831);
#825=VERTEX_POINT('',#2835);
#826=VERTEX_POINT('',#2836);
#827=VERTEX_POINT('',#2841);
#828=VERTEX_POINT('',#2842);
#829=VERTEX_POINT('',#2847);
#830=VERTEX_POINT('',#2849);
#831=VERTEX_POINT('',#2853);
#832=VERTEX_POINT('',#2854);
#833=VERTEX_POINT('',#2856);
#834=VERTEX_POINT('',#2868);
#835=VERTEX_POINT('',#2870);
#836=VERTEX_POINT('',#2872);
#837=VERTEX_POINT('',#2876);
#838=VERTEX_POINT('',#2877);
#839=VERTEX_POINT('',#2879);
#840=VERTEX_POINT('',#2881);
#841=VERTEX_POINT('',#2883);
#842=VERTEX_POINT('',#2890);
#843=VERTEX_POINT('',#2891);
#844=VERTEX_POINT('',#2896);
#845=VERTEX_POINT('',#2897);
#846=VERTEX_POINT('',#2900);
#847=VERTEX_POINT('',#2902);
#848=VERTEX_POINT('',#2907);
#849=VERTEX_POINT('',#2909);
#850=VERTEX_POINT('',#2911);
#851=VERTEX_POINT('',#2920);
#852=VERTEX_POINT('',#2922);
#853=VERTEX_POINT('',#2924);
#854=VERTEX_POINT('',#2926);
#855=VERTEX_POINT('',#2928);
#856=VERTEX_POINT('',#2930);
#857=VERTEX_POINT('',#2932);
#858=VERTEX_POINT('',#2934);
#859=VERTEX_POINT('',#2937);
#860=VERTEX_POINT('',#2939);
#861=VERTEX_POINT('',#2941);
#862=VERTEX_POINT('',#2943);
#863=VERTEX_POINT('',#2946);
#864=VERTEX_POINT('',#2952);
#865=VERTEX_POINT('',#2954);
#866=VERTEX_POINT('',#2956);
#867=VERTEX_POINT('',#2958);
#868=VERTEX_POINT('',#2962);
#869=VERTEX_POINT('',#2966);
#870=VERTEX_POINT('',#2970);
#871=VERTEX_POINT('',#2974);
#872=VERTEX_POINT('',#2975);
#873=VERTEX_POINT('',#2977);
#874=VERTEX_POINT('',#2979);
#875=VERTEX_POINT('',#2981);
#876=VERTEX_POINT('',#2983);
#877=VERTEX_POINT('',#2985);
#878=VERTEX_POINT('',#2988);
#879=VERTEX_POINT('',#2990);
#880=VERTEX_POINT('',#2992);
#881=VERTEX_POINT('',#3002);
#882=VERTEX_POINT('',#3004);
#883=VERTEX_POINT('',#3008);
#884=VERTEX_POINT('',#3009);
#885=VERTEX_POINT('',#3014);
#886=VERTEX_POINT('',#3018);
#887=VERTEX_POINT('',#3021);
#888=VERTEX_POINT('',#3022);
#889=VERTEX_POINT('',#3027);
#890=VERTEX_POINT('',#3028);
#891=VERTEX_POINT('',#3035);
#892=VERTEX_POINT('',#3039);
#893=VERTEX_POINT('',#3043);
#894=VERTEX_POINT('',#3045);
#895=VERTEX_POINT('',#3051);
#896=VERTEX_POINT('',#3055);
#897=VERTEX_POINT('',#3059);
#898=VERTEX_POINT('',#3060);
#899=VERTEX_POINT('',#3062);
#900=VERTEX_POINT('',#3064);
#901=VERTEX_POINT('',#3067);
#902=VERTEX_POINT('',#3069);
#903=VERTEX_POINT('',#3071);
#904=VERTEX_POINT('',#3073);
#905=VERTEX_POINT('',#3077);
#906=VERTEX_POINT('',#3079);
#907=VERTEX_POINT('',#3081);
#908=VERTEX_POINT('',#3083);
#909=VERTEX_POINT('',#3088);
#910=VERTEX_POINT('',#3094);
#911=VERTEX_POINT('',#3095);
#912=VERTEX_POINT('',#3220);
#913=VERTEX_POINT('',#3233);
#914=VERTEX_POINT('',#3315);
#915=VERTEX_POINT('',#3328);
#916=VERTEX_POINT('',#3408);
#917=VERTEX_POINT('',#3421);
#918=VERTEX_POINT('',#3425);
#919=VERTEX_POINT('',#3429);
#920=VERTEX_POINT('',#3448);
#921=VERTEX_POINT('',#3452);
#922=VERTEX_POINT('',#3472);
#923=VERTEX_POINT('',#3692);
#924=VERTEX_POINT('',#3693);
#925=VERTEX_POINT('',#3698);
#926=VERTEX_POINT('',#3700);
#927=VERTEX_POINT('',#3704);
#928=VERTEX_POINT('',#3706);
#929=VERTEX_POINT('',#3711);
#930=VERTEX_POINT('',#3713);
#931=VERTEX_POINT('',#3716);
#932=VERTEX_POINT('',#3717);
#933=VERTEX_POINT('',#3722);
#934=VERTEX_POINT('',#3726);
#935=VERTEX_POINT('',#3730);
#936=VERTEX_POINT('',#3733);
#937=VERTEX_POINT('',#3736);
#938=VERTEX_POINT('',#3740);
#939=VERTEX_POINT('',#3741);
#940=VERTEX_POINT('',#3748);
#941=VERTEX_POINT('',#3753);
#942=VERTEX_POINT('',#3754);
#943=VERTEX_POINT('',#3756);
#944=VERTEX_POINT('',#3758);
#945=VERTEX_POINT('',#3762);
#946=VERTEX_POINT('',#3763);
#947=VERTEX_POINT('',#3768);
#948=VERTEX_POINT('',#3769);
#949=VERTEX_POINT('',#3774);
#950=VERTEX_POINT('',#3775);
#951=VERTEX_POINT('',#3780);
#952=VERTEX_POINT('',#3782);
#953=VERTEX_POINT('',#3801);
#954=VERTEX_POINT('',#3805);
#955=VERTEX_POINT('',#3809);
#956=VERTEX_POINT('',#3810);
#957=VERTEX_POINT('',#3815);
#958=VERTEX_POINT('',#3816);
#959=VERTEX_POINT('',#3821);
#960=VERTEX_POINT('',#3824);
#961=VERTEX_POINT('',#3828);
#962=VERTEX_POINT('',#3832);
#963=VERTEX_POINT('',#3868);
#964=VERTEX_POINT('',#3869);
#965=VERTEX_POINT('',#3874);
#966=VERTEX_POINT('',#3878);
#967=VERTEX_POINT('',#3881);
#968=VERTEX_POINT('',#3885);
#969=VERTEX_POINT('',#3886);
#970=VERTEX_POINT('',#3893);
#971=VERTEX_POINT('',#3895);
#972=VERTEX_POINT('',#3899);
#973=VERTEX_POINT('',#3903);
#974=VERTEX_POINT('',#3910);
#975=EDGE_CURVE('',#809,#809,#699,.T.);
#976=EDGE_CURVE('',#809,#810,#389,.T.);
#977=EDGE_CURVE('',#810,#810,#700,.T.);
#978=EDGE_CURVE('',#811,#811,#701,.T.);
#979=EDGE_CURVE('',#812,#812,#702,.T.);
#980=EDGE_CURVE('',#812,#813,#390,.T.);
#981=EDGE_CURVE('',#814,#813,#703,.T.);
#982=EDGE_CURVE('',#813,#814,#704,.T.);
#983=EDGE_CURVE('',#815,#815,#705,.T.);
#984=EDGE_CURVE('',#815,#816,#391,.T.);
#985=EDGE_CURVE('',#816,#816,#706,.T.);
#986=EDGE_CURVE('',#817,#817,#707,.T.);
#987=EDGE_CURVE('',#817,#818,#392,.T.);
#988=EDGE_CURVE('',#819,#818,#708,.T.);
#989=EDGE_CURVE('',#818,#819,#709,.T.);
#990=EDGE_CURVE('',#820,#820,#710,.T.);
#991=EDGE_CURVE('',#820,#821,#393,.T.);
#992=EDGE_CURVE('',#821,#821,#711,.T.);
#993=EDGE_CURVE('',#822,#823,#394,.T.);
#994=EDGE_CURVE('',#823,#824,#395,.T.);
#995=EDGE_CURVE('',#824,#822,#396,.T.);
#996=EDGE_CURVE('',#825,#826,#397,.T.);
#997=EDGE_CURVE('',#825,#823,#398,.T.);
#998=EDGE_CURVE('',#822,#826,#399,.T.);
#999=EDGE_CURVE('',#827,#828,#35,.T.);
#1000=EDGE_CURVE('',#827,#825,#712,.T.);
#1001=EDGE_CURVE('',#829,#826,#713,.T.);
#1002=EDGE_CURVE('',#830,#829,#714,.T.);
#1003=EDGE_CURVE('',#828,#830,#715,.T.);
#1004=EDGE_CURVE('',#831,#832,#400,.T.);
#1005=EDGE_CURVE('',#833,#832,#25,.T.);
#1006=EDGE_CURVE('',#827,#833,#401,.T.);
#1007=EDGE_CURVE('',#834,#828,#402,.T.);
#1008=EDGE_CURVE('',#835,#834,#403,.T.);
#1009=EDGE_CURVE('',#835,#836,#404,.T.);
#1010=EDGE_CURVE('',#831,#836,#405,.T.);
#1011=EDGE_CURVE('',#837,#838,#406,.T.);
#1012=EDGE_CURVE('',#839,#837,#407,.T.);
#1013=EDGE_CURVE('',#840,#839,#408,.T.);
#1014=EDGE_CURVE('',#841,#840,#409,.T.);
#1015=EDGE_CURVE('',#832,#841,#36,.T.);
#1016=EDGE_CURVE('',#838,#831,#410,.T.);
#1017=EDGE_CURVE('',#842,#843,#411,.T.);
#1018=EDGE_CURVE('',#837,#843,#716,.T.);
#1019=EDGE_CURVE('',#842,#838,#717,.T.);
#1020=EDGE_CURVE('',#844,#845,#412,.T.);
#1021=EDGE_CURVE('',#843,#844,#413,.T.);
#1022=EDGE_CURVE('',#846,#842,#414,.T.);
#1023=EDGE_CURVE('',#847,#846,#415,.T.);
#1024=EDGE_CURVE('',#845,#847,#416,.T.);
#1025=EDGE_CURVE('',#844,#839,#718,.T.);
#1026=EDGE_CURVE('',#848,#845,#719,.T.);
#1027=EDGE_CURVE('',#848,#849,#417,.T.);
#1028=EDGE_CURVE('',#850,#849,#26,.T.);
#1029=EDGE_CURVE('',#840,#850,#720,.T.);
#1030=EDGE_CURVE('',#850,#851,#721,.T.);
#1031=EDGE_CURVE('',#852,#851,#418,.T.);
#1032=EDGE_CURVE('',#852,#853,#722,.T.);
#1033=EDGE_CURVE('',#854,#853,#419,.T.);
#1034=EDGE_CURVE('',#854,#855,#723,.T.);
#1035=EDGE_CURVE('',#856,#855,#420,.T.);
#1036=EDGE_CURVE('',#856,#857,#724,.T.);
#1037=EDGE_CURVE('',#858,#857,#421,.T.);
#1038=EDGE_CURVE('',#858,#841,#725,.T.);
#1039=EDGE_CURVE('',#859,#859,#726,.T.);
#1040=EDGE_CURVE('',#860,#860,#727,.T.);
#1041=EDGE_CURVE('',#861,#861,#728,.T.);
#1042=EDGE_CURVE('',#862,#862,#729,.T.);
#1043=EDGE_CURVE('',#858,#863,#422,.T.);
#1044=EDGE_CURVE('',#863,#833,#730,.T.);
#1045=EDGE_CURVE('',#863,#825,#423,.T.);
#1046=EDGE_CURVE('',#864,#863,#424,.T.);
#1047=EDGE_CURVE('',#865,#864,#425,.T.);
#1048=EDGE_CURVE('',#866,#865,#426,.T.);
#1049=EDGE_CURVE('',#866,#867,#731,.T.);
#1050=EDGE_CURVE('',#823,#867,#427,.T.);
#1051=EDGE_CURVE('',#868,#867,#428,.T.);
#1052=EDGE_CURVE('',#868,#824,#429,.T.);
#1053=EDGE_CURVE('',#866,#869,#430,.T.);
#1054=EDGE_CURVE('',#869,#868,#732,.T.);
#1055=EDGE_CURVE('',#870,#865,#431,.T.);
#1056=EDGE_CURVE('',#870,#869,#432,.T.);
#1057=EDGE_CURVE('',#871,#872,#433,.T.);
#1058=EDGE_CURVE('',#871,#873,#733,.T.);
#1059=EDGE_CURVE('',#873,#874,#734,.T.);
#1060=EDGE_CURVE('',#875,#874,#434,.T.);
#1061=EDGE_CURVE('',#875,#876,#735,.T.);
#1062=EDGE_CURVE('',#877,#876,#435,.T.);
#1063=EDGE_CURVE('',#869,#877,#436,.T.);
#1064=EDGE_CURVE('',#870,#878,#736,.T.);
#1065=EDGE_CURVE('',#879,#878,#437,.T.);
#1066=EDGE_CURVE('',#879,#880,#737,.T.);
#1067=EDGE_CURVE('',#880,#872,#738,.T.);
#1068=EDGE_CURVE('',#871,#874,#27,.F.);
#1069=EDGE_CURVE('',#879,#872,#28,.F.);
#1070=EDGE_CURVE('',#881,#878,#438,.T.);
#1071=EDGE_CURVE('',#881,#882,#439,.T.);
#1072=EDGE_CURVE('',#875,#882,#440,.T.);
#1073=EDGE_CURVE('',#883,#884,#739,.T.);
#1074=EDGE_CURVE('',#884,#873,#441,.T.);
#1075=EDGE_CURVE('',#884,#883,#740,.T.);
#1076=EDGE_CURVE('',#885,#885,#741,.T.);
#1077=EDGE_CURVE('',#885,#883,#442,.T.);
#1078=EDGE_CURVE('',#886,#886,#742,.T.);
#1079=EDGE_CURVE('',#887,#888,#743,.T.);
#1080=EDGE_CURVE('',#888,#886,#443,.T.);
#1081=EDGE_CURVE('',#888,#887,#744,.T.);
#1082=EDGE_CURVE('',#889,#890,#745,.T.);
#1083=EDGE_CURVE('',#890,#889,#746,.T.);
#1084=EDGE_CURVE('',#890,#887,#444,.T.);
#1085=EDGE_CURVE('',#889,#862,#445,.T.);
#1086=EDGE_CURVE('',#882,#891,#747,.T.);
#1087=EDGE_CURVE('',#891,#876,#446,.T.);
#1088=EDGE_CURVE('',#891,#892,#447,.T.);
#1089=EDGE_CURVE('',#877,#892,#448,.T.);
#1090=EDGE_CURVE('',#893,#892,#748,.T.);
#1091=EDGE_CURVE('',#893,#894,#449,.T.);
#1092=EDGE_CURVE('',#894,#877,#749,.T.);
#1093=EDGE_CURVE('',#894,#868,#450,.T.);
#1094=EDGE_CURVE('',#895,#894,#451,.T.);
#1095=EDGE_CURVE('',#824,#895,#452,.T.);
#1096=EDGE_CURVE('',#895,#896,#453,.T.);
#1097=EDGE_CURVE('',#896,#822,#454,.T.);
#1098=EDGE_CURVE('',#897,#898,#455,.T.);
#1099=EDGE_CURVE('',#897,#899,#750,.T.);
#1100=EDGE_CURVE('',#900,#899,#456,.T.);
#1101=EDGE_CURVE('',#900,#829,#751,.T.);
#1102=EDGE_CURVE('',#901,#896,#457,.T.);
#1103=EDGE_CURVE('',#901,#902,#752,.T.);
#1104=EDGE_CURVE('',#903,#902,#458,.T.);
#1105=EDGE_CURVE('',#903,#904,#753,.T.);
#1106=EDGE_CURVE('',#904,#898,#754,.T.);
#1107=EDGE_CURVE('',#905,#847,#459,.T.);
#1108=EDGE_CURVE('',#905,#906,#460,.T.);
#1109=EDGE_CURVE('',#907,#906,#461,.T.);
#1110=EDGE_CURVE('',#908,#907,#462,.T.);
#1111=EDGE_CURVE('',#897,#908,#463,.T.);
#1112=EDGE_CURVE('',#845,#898,#464,.T.);
#1113=EDGE_CURVE('',#909,#846,#465,.T.);
#1114=EDGE_CURVE('',#909,#905,#466,.T.);
#1115=EDGE_CURVE('',#836,#909,#467,.T.);
#1116=EDGE_CURVE('',#910,#911,#468,.T.);
#1117=EDGE_CURVE('',#905,#910,#469,.T.);
#1118=EDGE_CURVE('',#911,#835,#470,.T.);
#1119=EDGE_CURVE('',#912,#911,#29,.T.);
#1120=EDGE_CURVE('',#912,#910,#755,.T.);
#1121=EDGE_CURVE('',#912,#913,#756,.T.);
#1122=EDGE_CURVE('',#906,#913,#757,.T.);
#1123=EDGE_CURVE('',#910,#906,#758,.T.);
#1124=EDGE_CURVE('',#914,#913,#30,.T.);
#1125=EDGE_CURVE('',#914,#907,#759,.T.);
#1126=EDGE_CURVE('',#914,#915,#471,.T.);
#1127=EDGE_CURVE('',#908,#915,#760,.T.);
#1128=EDGE_CURVE('',#916,#915,#31,.T.);
#1129=EDGE_CURVE('',#916,#897,#761,.T.);
#1130=EDGE_CURVE('',#917,#899,#762,.T.);
#1131=EDGE_CURVE('',#916,#917,#763,.T.);
#1132=EDGE_CURVE('',#900,#918,#764,.T.);
#1133=EDGE_CURVE('',#917,#918,#472,.T.);
#1134=EDGE_CURVE('',#829,#919,#765,.T.);
#1135=EDGE_CURVE('',#918,#919,#766,.T.);
#1136=EDGE_CURVE('',#920,#830,#767,.T.);
#1137=EDGE_CURVE('',#919,#920,#768,.T.);
#1138=EDGE_CURVE('',#834,#921,#769,.T.);
#1139=EDGE_CURVE('',#830,#834,#770,.T.);
#1140=EDGE_CURVE('',#920,#921,#771,.T.);
#1141=EDGE_CURVE('',#835,#922,#32,.T.);
#1142=EDGE_CURVE('',#922,#921,#33,.T.);
#1143=EDGE_CURVE('',#922,#911,#34,.T.);
#1144=EDGE_CURVE('',#923,#924,#772,.T.);
#1145=EDGE_CURVE('',#914,#924,#473,.T.);
#1146=EDGE_CURVE('',#923,#918,#474,.T.);
#1147=EDGE_CURVE('',#923,#925,#475,.T.);
#1148=EDGE_CURVE('',#925,#926,#773,.T.);
#1149=EDGE_CURVE('',#924,#926,#476,.T.);
#1150=EDGE_CURVE('',#924,#927,#477,.T.);
#1151=EDGE_CURVE('',#926,#928,#478,.T.);
#1152=EDGE_CURVE('',#927,#928,#479,.T.);
#1153=EDGE_CURVE('',#927,#915,#480,.T.);
#1154=EDGE_CURVE('',#929,#929,#774,.T.);
#1155=EDGE_CURVE('',#930,#930,#775,.T.);
#1156=EDGE_CURVE('',#931,#932,#776,.T.);
#1157=EDGE_CURVE('',#932,#930,#481,.T.);
#1158=EDGE_CURVE('',#932,#931,#777,.T.);
#1159=EDGE_CURVE('',#931,#933,#482,.T.);
#1160=EDGE_CURVE('',#933,#933,#778,.T.);
#1161=EDGE_CURVE('',#933,#934,#483,.T.);
#1162=EDGE_CURVE('',#934,#934,#779,.T.);
#1163=EDGE_CURVE('',#935,#923,#484,.T.);
#1164=EDGE_CURVE('',#935,#917,#485,.T.);
#1165=EDGE_CURVE('',#936,#936,#780,.T.);
#1166=EDGE_CURVE('',#937,#937,#781,.T.);
#1167=EDGE_CURVE('',#937,#936,#486,.T.);
#1168=EDGE_CURVE('',#938,#939,#782,.T.);
#1169=EDGE_CURVE('',#939,#938,#783,.T.);
#1170=EDGE_CURVE('',#939,#937,#487,.T.);
#1171=EDGE_CURVE('',#938,#929,#488,.T.);
#1172=EDGE_CURVE('',#935,#940,#489,.T.);
#1173=EDGE_CURVE('',#940,#925,#490,.T.);
#1174=EDGE_CURVE('',#928,#940,#784,.T.);
#1175=EDGE_CURVE('',#941,#942,#785,.T.);
#1176=EDGE_CURVE('',#942,#943,#491,.T.);
#1177=EDGE_CURVE('',#943,#944,#786,.T.);
#1178=EDGE_CURVE('',#944,#941,#492,.T.);
#1179=EDGE_CURVE('',#945,#946,#787,.T.);
#1180=EDGE_CURVE('',#945,#942,#493,.T.);
#1181=EDGE_CURVE('',#946,#941,#494,.T.);
#1182=EDGE_CURVE('',#947,#948,#788,.T.);
#1183=EDGE_CURVE('',#947,#945,#495,.T.);
#1184=EDGE_CURVE('',#948,#946,#496,.T.);
#1185=EDGE_CURVE('',#949,#950,#789,.T.);
#1186=EDGE_CURVE('',#950,#947,#497,.T.);
#1187=EDGE_CURVE('',#948,#949,#498,.T.);
#1188=EDGE_CURVE('',#949,#951,#499,.T.);
#1189=EDGE_CURVE('',#951,#952,#790,.T.);
#1190=EDGE_CURVE('',#950,#952,#500,.T.);
#1191=EDGE_CURVE('',#952,#945,#501,.T.);
#1192=EDGE_CURVE('',#952,#943,#502,.T.);
#1193=EDGE_CURVE('',#951,#944,#503,.T.);
#1194=EDGE_CURVE('',#946,#951,#504,.T.);
#1195=EDGE_CURVE('',#927,#935,#791,.T.);
#1196=EDGE_CURVE('',#904,#848,#505,.T.);
#1197=EDGE_CURVE('',#903,#953,#506,.T.);
#1198=EDGE_CURVE('',#953,#848,#792,.T.);
#1199=EDGE_CURVE('',#953,#954,#507,.T.);
#1200=EDGE_CURVE('',#849,#954,#793,.T.);
#1201=EDGE_CURVE('',#955,#956,#508,.T.);
#1202=EDGE_CURVE('',#954,#955,#509,.T.);
#1203=EDGE_CURVE('',#956,#953,#510,.T.);
#1204=EDGE_CURVE('',#957,#958,#511,.T.);
#1205=EDGE_CURVE('',#955,#958,#794,.T.);
#1206=EDGE_CURVE('',#957,#956,#795,.T.);
#1207=EDGE_CURVE('',#959,#891,#512,.T.);
#1208=EDGE_CURVE('',#958,#959,#513,.T.);
#1209=EDGE_CURVE('',#960,#957,#514,.T.);
#1210=EDGE_CURVE('',#893,#960,#515,.T.);
#1211=EDGE_CURVE('',#882,#961,#516,.T.);
#1212=EDGE_CURVE('',#959,#961,#796,.T.);
#1213=EDGE_CURVE('',#962,#881,#517,.T.);
#1214=EDGE_CURVE('',#961,#962,#518,.T.);
#1215=EDGE_CURVE('',#962,#864,#797,.T.);
#1216=EDGE_CURVE('',#865,#881,#798,.T.);
#1217=EDGE_CURVE('',#864,#857,#519,.T.);
#1218=EDGE_CURVE('',#856,#962,#520,.T.);
#1219=EDGE_CURVE('',#961,#855,#521,.T.);
#1220=EDGE_CURVE('',#854,#959,#522,.T.);
#1221=EDGE_CURVE('',#958,#853,#523,.T.);
#1222=EDGE_CURVE('',#852,#955,#524,.T.);
#1223=EDGE_CURVE('',#954,#851,#525,.T.);
#1224=EDGE_CURVE('',#895,#960,#526,.T.);
#1225=EDGE_CURVE('',#960,#896,#527,.T.);
#1226=EDGE_CURVE('',#901,#957,#528,.T.);
#1227=EDGE_CURVE('',#956,#902,#529,.T.);
#1228=EDGE_CURVE('',#814,#860,#530,.T.);
#1229=EDGE_CURVE('',#819,#859,#531,.T.);
#1230=EDGE_CURVE('',#963,#964,#799,.T.);
#1231=EDGE_CURVE('',#964,#880,#532,.T.);
#1232=EDGE_CURVE('',#964,#963,#800,.T.);
#1233=EDGE_CURVE('',#965,#965,#801,.T.);
#1234=EDGE_CURVE('',#965,#963,#533,.T.);
#1235=EDGE_CURVE('',#966,#966,#802,.T.);
#1236=EDGE_CURVE('',#967,#967,#803,.T.);
#1237=EDGE_CURVE('',#967,#966,#534,.T.);
#1238=EDGE_CURVE('',#968,#969,#804,.T.);
#1239=EDGE_CURVE('',#969,#968,#805,.T.);
#1240=EDGE_CURVE('',#969,#967,#535,.T.);
#1241=EDGE_CURVE('',#968,#861,#536,.T.);
#1242=EDGE_CURVE('',#970,#844,#537,.T.);
#1243=EDGE_CURVE('',#839,#971,#538,.T.);
#1244=EDGE_CURVE('',#970,#971,#806,.T.);
#1245=EDGE_CURVE('',#843,#972,#539,.T.);
#1246=EDGE_CURVE('',#970,#972,#540,.T.);
#1247=EDGE_CURVE('',#973,#837,#541,.T.);
#1248=EDGE_CURVE('',#973,#972,#807,.T.);
#1249=EDGE_CURVE('',#973,#971,#542,.T.);
#1250=EDGE_CURVE('',#974,#974,#808,.T.);
#1251=EDGE_CURVE('',#974,#811,#543,.T.);
#1252=ORIENTED_EDGE('',*,*,#975,.F.);
#1253=ORIENTED_EDGE('',*,*,#976,.T.);
#1254=ORIENTED_EDGE('',*,*,#977,.T.);
#1255=ORIENTED_EDGE('',*,*,#976,.F.);
#1256=ORIENTED_EDGE('',*,*,#977,.F.);
#1257=ORIENTED_EDGE('',*,*,#978,.F.);
#1258=ORIENTED_EDGE('',*,*,#979,.F.);
#1259=ORIENTED_EDGE('',*,*,#980,.T.);
#1260=ORIENTED_EDGE('',*,*,#981,.F.);
#1261=ORIENTED_EDGE('',*,*,#982,.F.);
#1262=ORIENTED_EDGE('',*,*,#980,.F.);
#1263=ORIENTED_EDGE('',*,*,#983,.F.);
#1264=ORIENTED_EDGE('',*,*,#979,.T.);
#1265=ORIENTED_EDGE('',*,*,#983,.T.);
#1266=ORIENTED_EDGE('',*,*,#984,.T.);
#1267=ORIENTED_EDGE('',*,*,#985,.F.);
#1268=ORIENTED_EDGE('',*,*,#984,.F.);
#1269=ORIENTED_EDGE('',*,*,#986,.F.);
#1270=ORIENTED_EDGE('',*,*,#987,.T.);
#1271=ORIENTED_EDGE('',*,*,#988,.F.);
#1272=ORIENTED_EDGE('',*,*,#989,.F.);
#1273=ORIENTED_EDGE('',*,*,#987,.F.);
#1274=ORIENTED_EDGE('',*,*,#990,.F.);
#1275=ORIENTED_EDGE('',*,*,#986,.T.);
#1276=ORIENTED_EDGE('',*,*,#990,.T.);
#1277=ORIENTED_EDGE('',*,*,#991,.T.);
#1278=ORIENTED_EDGE('',*,*,#992,.F.);
#1279=ORIENTED_EDGE('',*,*,#991,.F.);
#1280=ORIENTED_EDGE('',*,*,#993,.T.);
#1281=ORIENTED_EDGE('',*,*,#994,.T.);
#1282=ORIENTED_EDGE('',*,*,#995,.T.);
#1283=ORIENTED_EDGE('',*,*,#996,.F.);
#1284=ORIENTED_EDGE('',*,*,#997,.T.);
#1285=ORIENTED_EDGE('',*,*,#993,.F.);
#1286=ORIENTED_EDGE('',*,*,#998,.T.);
#1287=ORIENTED_EDGE('',*,*,#999,.F.);
#1288=ORIENTED_EDGE('',*,*,#1000,.T.);
#1289=ORIENTED_EDGE('',*,*,#996,.T.);
#1290=ORIENTED_EDGE('',*,*,#1001,.F.);
#1291=ORIENTED_EDGE('',*,*,#1002,.F.);
#1292=ORIENTED_EDGE('',*,*,#1003,.F.);
#1293=ORIENTED_EDGE('',*,*,#1004,.T.);
#1294=ORIENTED_EDGE('',*,*,#1005,.F.);
#1295=ORIENTED_EDGE('',*,*,#1006,.F.);
#1296=ORIENTED_EDGE('',*,*,#999,.T.);
#1297=ORIENTED_EDGE('',*,*,#1007,.F.);
#1298=ORIENTED_EDGE('',*,*,#1008,.F.);
#1299=ORIENTED_EDGE('',*,*,#1009,.T.);
#1300=ORIENTED_EDGE('',*,*,#1010,.F.);
#1301=ORIENTED_EDGE('',*,*,#1011,.F.);
#1302=ORIENTED_EDGE('',*,*,#1012,.F.);
#1303=ORIENTED_EDGE('',*,*,#1013,.F.);
#1304=ORIENTED_EDGE('',*,*,#1014,.F.);
#1305=ORIENTED_EDGE('',*,*,#1015,.F.);
#1306=ORIENTED_EDGE('',*,*,#1004,.F.);
#1307=ORIENTED_EDGE('',*,*,#1016,.F.);
#1308=ORIENTED_EDGE('',*,*,#1017,.T.);
#1309=ORIENTED_EDGE('',*,*,#1018,.F.);
#1310=ORIENTED_EDGE('',*,*,#1011,.T.);
#1311=ORIENTED_EDGE('',*,*,#1019,.F.);
#1312=ORIENTED_EDGE('',*,*,#1020,.F.);
#1313=ORIENTED_EDGE('',*,*,#1021,.F.);
#1314=ORIENTED_EDGE('',*,*,#1017,.F.);
#1315=ORIENTED_EDGE('',*,*,#1022,.F.);
#1316=ORIENTED_EDGE('',*,*,#1023,.F.);
#1317=ORIENTED_EDGE('',*,*,#1024,.F.);
#1318=ORIENTED_EDGE('',*,*,#1013,.T.);
#1319=ORIENTED_EDGE('',*,*,#1025,.F.);
#1320=ORIENTED_EDGE('',*,*,#1020,.T.);
#1321=ORIENTED_EDGE('',*,*,#1026,.F.);
#1322=ORIENTED_EDGE('',*,*,#1027,.T.);
#1323=ORIENTED_EDGE('',*,*,#1028,.F.);
#1324=ORIENTED_EDGE('',*,*,#1029,.F.);
#1325=ORIENTED_EDGE('',*,*,#1029,.T.);
#1326=ORIENTED_EDGE('',*,*,#1030,.T.);
#1327=ORIENTED_EDGE('',*,*,#1031,.F.);
#1328=ORIENTED_EDGE('',*,*,#1032,.T.);
#1329=ORIENTED_EDGE('',*,*,#1033,.F.);
#1330=ORIENTED_EDGE('',*,*,#1034,.T.);
#1331=ORIENTED_EDGE('',*,*,#1035,.F.);
#1332=ORIENTED_EDGE('',*,*,#1036,.T.);
#1333=ORIENTED_EDGE('',*,*,#1037,.F.);
#1334=ORIENTED_EDGE('',*,*,#1038,.T.);
#1335=ORIENTED_EDGE('',*,*,#1014,.T.);
#1336=ORIENTED_EDGE('',*,*,#1039,.T.);
#1337=ORIENTED_EDGE('',*,*,#1040,.T.);
#1338=ORIENTED_EDGE('',*,*,#1041,.T.);
#1339=ORIENTED_EDGE('',*,*,#1042,.T.);
#1340=ORIENTED_EDGE('',*,*,#1015,.T.);
#1341=ORIENTED_EDGE('',*,*,#1038,.F.);
#1342=ORIENTED_EDGE('',*,*,#1043,.T.);
#1343=ORIENTED_EDGE('',*,*,#1044,.T.);
#1344=ORIENTED_EDGE('',*,*,#1005,.T.);
#1345=ORIENTED_EDGE('',*,*,#1006,.T.);
#1346=ORIENTED_EDGE('',*,*,#1044,.F.);
#1347=ORIENTED_EDGE('',*,*,#1045,.T.);
#1348=ORIENTED_EDGE('',*,*,#1000,.F.);
#1349=ORIENTED_EDGE('',*,*,#1045,.F.);
#1350=ORIENTED_EDGE('',*,*,#1046,.F.);
#1351=ORIENTED_EDGE('',*,*,#1047,.F.);
#1352=ORIENTED_EDGE('',*,*,#1048,.F.);
#1353=ORIENTED_EDGE('',*,*,#1049,.T.);
#1354=ORIENTED_EDGE('',*,*,#1050,.F.);
#1355=ORIENTED_EDGE('',*,*,#997,.F.);
#1356=ORIENTED_EDGE('',*,*,#1051,.F.);
#1357=ORIENTED_EDGE('',*,*,#1052,.T.);
#1358=ORIENTED_EDGE('',*,*,#994,.F.);
#1359=ORIENTED_EDGE('',*,*,#1050,.T.);
#1360=ORIENTED_EDGE('',*,*,#1053,.T.);
#1361=ORIENTED_EDGE('',*,*,#1054,.T.);
#1362=ORIENTED_EDGE('',*,*,#1051,.T.);
#1363=ORIENTED_EDGE('',*,*,#1049,.F.);
#1364=ORIENTED_EDGE('',*,*,#1053,.F.);
#1365=ORIENTED_EDGE('',*,*,#1048,.T.);
#1366=ORIENTED_EDGE('',*,*,#1055,.F.);
#1367=ORIENTED_EDGE('',*,*,#1056,.T.);
#1368=ORIENTED_EDGE('',*,*,#1057,.F.);
#1369=ORIENTED_EDGE('',*,*,#1058,.T.);
#1370=ORIENTED_EDGE('',*,*,#1059,.T.);
#1371=ORIENTED_EDGE('',*,*,#1060,.F.);
#1372=ORIENTED_EDGE('',*,*,#1061,.T.);
#1373=ORIENTED_EDGE('',*,*,#1062,.F.);
#1374=ORIENTED_EDGE('',*,*,#1063,.F.);
#1375=ORIENTED_EDGE('',*,*,#1056,.F.);
#1376=ORIENTED_EDGE('',*,*,#1064,.T.);
#1377=ORIENTED_EDGE('',*,*,#1065,.F.);
#1378=ORIENTED_EDGE('',*,*,#1066,.T.);
#1379=ORIENTED_EDGE('',*,*,#1067,.T.);
#1380=ORIENTED_EDGE('',*,*,#1068,.F.);
#1381=ORIENTED_EDGE('',*,*,#1057,.T.);
#1382=ORIENTED_EDGE('',*,*,#1069,.F.);
#1383=ORIENTED_EDGE('',*,*,#1065,.T.);
#1384=ORIENTED_EDGE('',*,*,#1070,.F.);
#1385=ORIENTED_EDGE('',*,*,#1071,.T.);
#1386=ORIENTED_EDGE('',*,*,#1072,.F.);
#1387=ORIENTED_EDGE('',*,*,#1060,.T.);
#1388=ORIENTED_EDGE('',*,*,#1073,.T.);
#1389=ORIENTED_EDGE('',*,*,#1074,.T.);
#1390=ORIENTED_EDGE('',*,*,#1058,.F.);
#1391=ORIENTED_EDGE('',*,*,#1068,.T.);
#1392=ORIENTED_EDGE('',*,*,#1059,.F.);
#1393=ORIENTED_EDGE('',*,*,#1074,.F.);
#1394=ORIENTED_EDGE('',*,*,#1075,.T.);
#1395=ORIENTED_EDGE('',*,*,#1076,.F.);
#1396=ORIENTED_EDGE('',*,*,#1077,.T.);
#1397=ORIENTED_EDGE('',*,*,#1075,.F.);
#1398=ORIENTED_EDGE('',*,*,#1073,.F.);
#1399=ORIENTED_EDGE('',*,*,#1077,.F.);
#1400=ORIENTED_EDGE('',*,*,#1076,.T.);
#1401=ORIENTED_EDGE('',*,*,#1078,.T.);
#1402=ORIENTED_EDGE('',*,*,#1079,.T.);
#1403=ORIENTED_EDGE('',*,*,#1080,.T.);
#1404=ORIENTED_EDGE('',*,*,#1078,.F.);
#1405=ORIENTED_EDGE('',*,*,#1080,.F.);
#1406=ORIENTED_EDGE('',*,*,#1081,.T.);
#1407=ORIENTED_EDGE('',*,*,#1082,.F.);
#1408=ORIENTED_EDGE('',*,*,#1083,.F.);
#1409=ORIENTED_EDGE('',*,*,#1084,.T.);
#1410=ORIENTED_EDGE('',*,*,#1081,.F.);
#1411=ORIENTED_EDGE('',*,*,#1079,.F.);
#1412=ORIENTED_EDGE('',*,*,#1084,.F.);
#1413=ORIENTED_EDGE('',*,*,#1082,.T.);
#1414=ORIENTED_EDGE('',*,*,#1083,.T.);
#1415=ORIENTED_EDGE('',*,*,#1085,.T.);
#1416=ORIENTED_EDGE('',*,*,#1042,.F.);
#1417=ORIENTED_EDGE('',*,*,#1085,.F.);
#1418=ORIENTED_EDGE('',*,*,#1072,.T.);
#1419=ORIENTED_EDGE('',*,*,#1086,.T.);
#1420=ORIENTED_EDGE('',*,*,#1087,.T.);
#1421=ORIENTED_EDGE('',*,*,#1061,.F.);
#1422=ORIENTED_EDGE('',*,*,#1087,.F.);
#1423=ORIENTED_EDGE('',*,*,#1088,.T.);
#1424=ORIENTED_EDGE('',*,*,#1089,.F.);
#1425=ORIENTED_EDGE('',*,*,#1062,.T.);
#1426=ORIENTED_EDGE('',*,*,#1089,.T.);
#1427=ORIENTED_EDGE('',*,*,#1090,.F.);
#1428=ORIENTED_EDGE('',*,*,#1091,.T.);
#1429=ORIENTED_EDGE('',*,*,#1092,.T.);
#1430=ORIENTED_EDGE('',*,*,#1063,.T.);
#1431=ORIENTED_EDGE('',*,*,#1092,.F.);
#1432=ORIENTED_EDGE('',*,*,#1093,.T.);
#1433=ORIENTED_EDGE('',*,*,#1054,.F.);
#1434=ORIENTED_EDGE('',*,*,#1093,.F.);
#1435=ORIENTED_EDGE('',*,*,#1094,.F.);
#1436=ORIENTED_EDGE('',*,*,#1095,.F.);
#1437=ORIENTED_EDGE('',*,*,#1052,.F.);
#1438=ORIENTED_EDGE('',*,*,#995,.F.);
#1439=ORIENTED_EDGE('',*,*,#1095,.T.);
#1440=ORIENTED_EDGE('',*,*,#1096,.T.);
#1441=ORIENTED_EDGE('',*,*,#1097,.T.);
#1442=ORIENTED_EDGE('',*,*,#1098,.F.);
#1443=ORIENTED_EDGE('',*,*,#1099,.T.);
#1444=ORIENTED_EDGE('',*,*,#1100,.F.);
#1445=ORIENTED_EDGE('',*,*,#1101,.T.);
#1446=ORIENTED_EDGE('',*,*,#1001,.T.);
#1447=ORIENTED_EDGE('',*,*,#998,.F.);
#1448=ORIENTED_EDGE('',*,*,#1097,.F.);
#1449=ORIENTED_EDGE('',*,*,#1102,.F.);
#1450=ORIENTED_EDGE('',*,*,#1103,.T.);
#1451=ORIENTED_EDGE('',*,*,#1104,.F.);
#1452=ORIENTED_EDGE('',*,*,#1105,.T.);
#1453=ORIENTED_EDGE('',*,*,#1106,.T.);
#1454=ORIENTED_EDGE('',*,*,#985,.T.);
#1455=ORIENTED_EDGE('',*,*,#992,.T.);
#1456=ORIENTED_EDGE('',*,*,#1107,.F.);
#1457=ORIENTED_EDGE('',*,*,#1108,.T.);
#1458=ORIENTED_EDGE('',*,*,#1109,.F.);
#1459=ORIENTED_EDGE('',*,*,#1110,.F.);
#1460=ORIENTED_EDGE('',*,*,#1111,.F.);
#1461=ORIENTED_EDGE('',*,*,#1098,.T.);
#1462=ORIENTED_EDGE('',*,*,#1112,.F.);
#1463=ORIENTED_EDGE('',*,*,#1024,.T.);
#1464=ORIENTED_EDGE('',*,*,#1113,.F.);
#1465=ORIENTED_EDGE('',*,*,#1114,.T.);
#1466=ORIENTED_EDGE('',*,*,#1107,.T.);
#1467=ORIENTED_EDGE('',*,*,#1023,.T.);
#1468=ORIENTED_EDGE('',*,*,#1115,.T.);
#1469=ORIENTED_EDGE('',*,*,#1113,.T.);
#1470=ORIENTED_EDGE('',*,*,#1022,.T.);
#1471=ORIENTED_EDGE('',*,*,#1019,.T.);
#1472=ORIENTED_EDGE('',*,*,#1016,.T.);
#1473=ORIENTED_EDGE('',*,*,#1010,.T.);
#1474=ORIENTED_EDGE('',*,*,#1116,.F.);
#1475=ORIENTED_EDGE('',*,*,#1117,.F.);
#1476=ORIENTED_EDGE('',*,*,#1114,.F.);
#1477=ORIENTED_EDGE('',*,*,#1115,.F.);
#1478=ORIENTED_EDGE('',*,*,#1009,.F.);
#1479=ORIENTED_EDGE('',*,*,#1118,.F.);
#1480=ORIENTED_EDGE('',*,*,#1116,.T.);
#1481=ORIENTED_EDGE('',*,*,#1119,.F.);
#1482=ORIENTED_EDGE('',*,*,#1120,.T.);
#1483=ORIENTED_EDGE('',*,*,#1120,.F.);
#1484=ORIENTED_EDGE('',*,*,#1121,.T.);
#1485=ORIENTED_EDGE('',*,*,#1122,.F.);
#1486=ORIENTED_EDGE('',*,*,#1123,.F.);
#1487=ORIENTED_EDGE('',*,*,#1117,.T.);
#1488=ORIENTED_EDGE('',*,*,#1123,.T.);
#1489=ORIENTED_EDGE('',*,*,#1108,.F.);
#1490=ORIENTED_EDGE('',*,*,#1122,.T.);
#1491=ORIENTED_EDGE('',*,*,#1124,.F.);
#1492=ORIENTED_EDGE('',*,*,#1125,.T.);
#1493=ORIENTED_EDGE('',*,*,#1109,.T.);
#1494=ORIENTED_EDGE('',*,*,#1125,.F.);
#1495=ORIENTED_EDGE('',*,*,#1126,.T.);
#1496=ORIENTED_EDGE('',*,*,#1127,.F.);
#1497=ORIENTED_EDGE('',*,*,#1110,.T.);
#1498=ORIENTED_EDGE('',*,*,#1127,.T.);
#1499=ORIENTED_EDGE('',*,*,#1128,.F.);
#1500=ORIENTED_EDGE('',*,*,#1129,.T.);
#1501=ORIENTED_EDGE('',*,*,#1111,.T.);
#1502=ORIENTED_EDGE('',*,*,#1130,.T.);
#1503=ORIENTED_EDGE('',*,*,#1099,.F.);
#1504=ORIENTED_EDGE('',*,*,#1129,.F.);
#1505=ORIENTED_EDGE('',*,*,#1131,.T.);
#1506=ORIENTED_EDGE('',*,*,#1132,.F.);
#1507=ORIENTED_EDGE('',*,*,#1100,.T.);
#1508=ORIENTED_EDGE('',*,*,#1130,.F.);
#1509=ORIENTED_EDGE('',*,*,#1133,.T.);
#1510=ORIENTED_EDGE('',*,*,#1134,.F.);
#1511=ORIENTED_EDGE('',*,*,#1101,.F.);
#1512=ORIENTED_EDGE('',*,*,#1132,.T.);
#1513=ORIENTED_EDGE('',*,*,#1135,.T.);
#1514=ORIENTED_EDGE('',*,*,#1136,.T.);
#1515=ORIENTED_EDGE('',*,*,#1002,.T.);
#1516=ORIENTED_EDGE('',*,*,#1134,.T.);
#1517=ORIENTED_EDGE('',*,*,#1137,.T.);
#1518=ORIENTED_EDGE('',*,*,#1138,.F.);
#1519=ORIENTED_EDGE('',*,*,#1139,.F.);
#1520=ORIENTED_EDGE('',*,*,#1136,.F.);
#1521=ORIENTED_EDGE('',*,*,#1140,.T.);
#1522=ORIENTED_EDGE('',*,*,#1141,.F.);
#1523=ORIENTED_EDGE('',*,*,#1008,.T.);
#1524=ORIENTED_EDGE('',*,*,#1138,.T.);
#1525=ORIENTED_EDGE('',*,*,#1142,.F.);
#1526=ORIENTED_EDGE('',*,*,#1143,.T.);
#1527=ORIENTED_EDGE('',*,*,#1118,.T.);
#1528=ORIENTED_EDGE('',*,*,#1141,.T.);
#1529=ORIENTED_EDGE('',*,*,#1144,.T.);
#1530=ORIENTED_EDGE('',*,*,#1145,.F.);
#1531=ORIENTED_EDGE('',*,*,#1124,.T.);
#1532=ORIENTED_EDGE('',*,*,#1121,.F.);
#1533=ORIENTED_EDGE('',*,*,#1119,.T.);
#1534=ORIENTED_EDGE('',*,*,#1143,.F.);
#1535=ORIENTED_EDGE('',*,*,#1142,.T.);
#1536=ORIENTED_EDGE('',*,*,#1140,.F.);
#1537=ORIENTED_EDGE('',*,*,#1137,.F.);
#1538=ORIENTED_EDGE('',*,*,#1135,.F.);
#1539=ORIENTED_EDGE('',*,*,#1146,.F.);
#1540=ORIENTED_EDGE('',*,*,#1144,.F.);
#1541=ORIENTED_EDGE('',*,*,#1147,.T.);
#1542=ORIENTED_EDGE('',*,*,#1148,.T.);
#1543=ORIENTED_EDGE('',*,*,#1149,.F.);
#1544=ORIENTED_EDGE('',*,*,#1150,.F.);
#1545=ORIENTED_EDGE('',*,*,#1149,.T.);
#1546=ORIENTED_EDGE('',*,*,#1151,.T.);
#1547=ORIENTED_EDGE('',*,*,#1152,.F.);
#1548=ORIENTED_EDGE('',*,*,#1150,.T.);
#1549=ORIENTED_EDGE('',*,*,#1153,.T.);
#1550=ORIENTED_EDGE('',*,*,#1126,.F.);
#1551=ORIENTED_EDGE('',*,*,#1145,.T.);
#1552=ORIENTED_EDGE('',*,*,#1154,.T.);
#1553=ORIENTED_EDGE('',*,*,#1155,.T.);
#1554=ORIENTED_EDGE('',*,*,#1156,.T.);
#1555=ORIENTED_EDGE('',*,*,#1157,.T.);
#1556=ORIENTED_EDGE('',*,*,#1155,.F.);
#1557=ORIENTED_EDGE('',*,*,#1157,.F.);
#1558=ORIENTED_EDGE('',*,*,#1158,.T.);
#1559=ORIENTED_EDGE('',*,*,#1156,.F.);
#1560=ORIENTED_EDGE('',*,*,#1159,.T.);
#1561=ORIENTED_EDGE('',*,*,#1160,.F.);
#1562=ORIENTED_EDGE('',*,*,#1159,.F.);
#1563=ORIENTED_EDGE('',*,*,#1158,.F.);
#1564=ORIENTED_EDGE('',*,*,#1160,.T.);
#1565=ORIENTED_EDGE('',*,*,#1161,.T.);
#1566=ORIENTED_EDGE('',*,*,#1162,.F.);
#1567=ORIENTED_EDGE('',*,*,#1161,.F.);
#1568=ORIENTED_EDGE('',*,*,#1163,.T.);
#1569=ORIENTED_EDGE('',*,*,#1146,.T.);
#1570=ORIENTED_EDGE('',*,*,#1133,.F.);
#1571=ORIENTED_EDGE('',*,*,#1164,.F.);
#1572=ORIENTED_EDGE('',*,*,#1162,.T.);
#1573=ORIENTED_EDGE('',*,*,#1165,.T.);
#1574=ORIENTED_EDGE('',*,*,#1166,.T.);
#1575=ORIENTED_EDGE('',*,*,#1167,.T.);
#1576=ORIENTED_EDGE('',*,*,#1165,.F.);
#1577=ORIENTED_EDGE('',*,*,#1167,.F.);
#1578=ORIENTED_EDGE('',*,*,#1168,.F.);
#1579=ORIENTED_EDGE('',*,*,#1169,.F.);
#1580=ORIENTED_EDGE('',*,*,#1170,.T.);
#1581=ORIENTED_EDGE('',*,*,#1166,.F.);
#1582=ORIENTED_EDGE('',*,*,#1170,.F.);
#1583=ORIENTED_EDGE('',*,*,#1168,.T.);
#1584=ORIENTED_EDGE('',*,*,#1169,.T.);
#1585=ORIENTED_EDGE('',*,*,#1171,.T.);
#1586=ORIENTED_EDGE('',*,*,#1154,.F.);
#1587=ORIENTED_EDGE('',*,*,#1171,.F.);
#1588=ORIENTED_EDGE('',*,*,#1163,.F.);
#1589=ORIENTED_EDGE('',*,*,#1172,.T.);
#1590=ORIENTED_EDGE('',*,*,#1173,.T.);
#1591=ORIENTED_EDGE('',*,*,#1147,.F.);
#1592=ORIENTED_EDGE('',*,*,#1151,.F.);
#1593=ORIENTED_EDGE('',*,*,#1148,.F.);
#1594=ORIENTED_EDGE('',*,*,#1173,.F.);
#1595=ORIENTED_EDGE('',*,*,#1174,.F.);
#1596=ORIENTED_EDGE('',*,*,#1175,.T.);
#1597=ORIENTED_EDGE('',*,*,#1176,.T.);
#1598=ORIENTED_EDGE('',*,*,#1177,.T.);
#1599=ORIENTED_EDGE('',*,*,#1178,.T.);
#1600=ORIENTED_EDGE('',*,*,#1179,.F.);
#1601=ORIENTED_EDGE('',*,*,#1180,.T.);
#1602=ORIENTED_EDGE('',*,*,#1175,.F.);
#1603=ORIENTED_EDGE('',*,*,#1181,.F.);
#1604=ORIENTED_EDGE('',*,*,#1182,.F.);
#1605=ORIENTED_EDGE('',*,*,#1183,.T.);
#1606=ORIENTED_EDGE('',*,*,#1179,.T.);
#1607=ORIENTED_EDGE('',*,*,#1184,.F.);
#1608=ORIENTED_EDGE('',*,*,#1185,.T.);
#1609=ORIENTED_EDGE('',*,*,#1186,.T.);
#1610=ORIENTED_EDGE('',*,*,#1182,.T.);
#1611=ORIENTED_EDGE('',*,*,#1187,.T.);
#1612=ORIENTED_EDGE('',*,*,#1185,.F.);
#1613=ORIENTED_EDGE('',*,*,#1188,.T.);
#1614=ORIENTED_EDGE('',*,*,#1189,.T.);
#1615=ORIENTED_EDGE('',*,*,#1190,.F.);
#1616=ORIENTED_EDGE('',*,*,#1186,.F.);
#1617=ORIENTED_EDGE('',*,*,#1190,.T.);
#1618=ORIENTED_EDGE('',*,*,#1191,.T.);
#1619=ORIENTED_EDGE('',*,*,#1183,.F.);
#1620=ORIENTED_EDGE('',*,*,#1191,.F.);
#1621=ORIENTED_EDGE('',*,*,#1192,.T.);
#1622=ORIENTED_EDGE('',*,*,#1176,.F.);
#1623=ORIENTED_EDGE('',*,*,#1180,.F.);
#1624=ORIENTED_EDGE('',*,*,#1189,.F.);
#1625=ORIENTED_EDGE('',*,*,#1193,.T.);
#1626=ORIENTED_EDGE('',*,*,#1177,.F.);
#1627=ORIENTED_EDGE('',*,*,#1192,.F.);
#1628=ORIENTED_EDGE('',*,*,#1194,.F.);
#1629=ORIENTED_EDGE('',*,*,#1181,.T.);
#1630=ORIENTED_EDGE('',*,*,#1178,.F.);
#1631=ORIENTED_EDGE('',*,*,#1193,.F.);
#1632=ORIENTED_EDGE('',*,*,#1187,.F.);
#1633=ORIENTED_EDGE('',*,*,#1184,.T.);
#1634=ORIENTED_EDGE('',*,*,#1194,.T.);
#1635=ORIENTED_EDGE('',*,*,#1188,.F.);
#1636=ORIENTED_EDGE('',*,*,#1195,.F.);
#1637=ORIENTED_EDGE('',*,*,#1152,.T.);
#1638=ORIENTED_EDGE('',*,*,#1174,.T.);
#1639=ORIENTED_EDGE('',*,*,#1172,.F.);
#1640=ORIENTED_EDGE('',*,*,#1195,.T.);
#1641=ORIENTED_EDGE('',*,*,#1164,.T.);
#1642=ORIENTED_EDGE('',*,*,#1131,.F.);
#1643=ORIENTED_EDGE('',*,*,#1128,.T.);
#1644=ORIENTED_EDGE('',*,*,#1153,.F.);
#1645=ORIENTED_EDGE('',*,*,#1003,.T.);
#1646=ORIENTED_EDGE('',*,*,#1139,.T.);
#1647=ORIENTED_EDGE('',*,*,#1007,.T.);
#1648=ORIENTED_EDGE('',*,*,#1112,.T.);
#1649=ORIENTED_EDGE('',*,*,#1106,.F.);
#1650=ORIENTED_EDGE('',*,*,#1196,.T.);
#1651=ORIENTED_EDGE('',*,*,#1026,.T.);
#1652=ORIENTED_EDGE('',*,*,#1196,.F.);
#1653=ORIENTED_EDGE('',*,*,#1105,.F.);
#1654=ORIENTED_EDGE('',*,*,#1197,.T.);
#1655=ORIENTED_EDGE('',*,*,#1198,.T.);
#1656=ORIENTED_EDGE('',*,*,#1199,.T.);
#1657=ORIENTED_EDGE('',*,*,#1200,.F.);
#1658=ORIENTED_EDGE('',*,*,#1027,.F.);
#1659=ORIENTED_EDGE('',*,*,#1198,.F.);
#1660=ORIENTED_EDGE('',*,*,#1201,.F.);
#1661=ORIENTED_EDGE('',*,*,#1202,.F.);
#1662=ORIENTED_EDGE('',*,*,#1199,.F.);
#1663=ORIENTED_EDGE('',*,*,#1203,.F.);
#1664=ORIENTED_EDGE('',*,*,#1204,.T.);
#1665=ORIENTED_EDGE('',*,*,#1205,.F.);
#1666=ORIENTED_EDGE('',*,*,#1201,.T.);
#1667=ORIENTED_EDGE('',*,*,#1206,.F.);
#1668=ORIENTED_EDGE('',*,*,#1207,.F.);
#1669=ORIENTED_EDGE('',*,*,#1208,.F.);
#1670=ORIENTED_EDGE('',*,*,#1204,.F.);
#1671=ORIENTED_EDGE('',*,*,#1209,.F.);
#1672=ORIENTED_EDGE('',*,*,#1210,.F.);
#1673=ORIENTED_EDGE('',*,*,#1090,.T.);
#1674=ORIENTED_EDGE('',*,*,#1088,.F.);
#1675=ORIENTED_EDGE('',*,*,#1211,.T.);
#1676=ORIENTED_EDGE('',*,*,#1212,.F.);
#1677=ORIENTED_EDGE('',*,*,#1207,.T.);
#1678=ORIENTED_EDGE('',*,*,#1086,.F.);
#1679=ORIENTED_EDGE('',*,*,#1213,.F.);
#1680=ORIENTED_EDGE('',*,*,#1214,.F.);
#1681=ORIENTED_EDGE('',*,*,#1211,.F.);
#1682=ORIENTED_EDGE('',*,*,#1071,.F.);
#1683=ORIENTED_EDGE('',*,*,#1047,.T.);
#1684=ORIENTED_EDGE('',*,*,#1215,.F.);
#1685=ORIENTED_EDGE('',*,*,#1213,.T.);
#1686=ORIENTED_EDGE('',*,*,#1216,.F.);
#1687=ORIENTED_EDGE('',*,*,#1055,.T.);
#1688=ORIENTED_EDGE('',*,*,#1216,.T.);
#1689=ORIENTED_EDGE('',*,*,#1070,.T.);
#1690=ORIENTED_EDGE('',*,*,#1064,.F.);
#1691=ORIENTED_EDGE('',*,*,#1217,.T.);
#1692=ORIENTED_EDGE('',*,*,#1036,.F.);
#1693=ORIENTED_EDGE('',*,*,#1218,.T.);
#1694=ORIENTED_EDGE('',*,*,#1215,.T.);
#1695=ORIENTED_EDGE('',*,*,#1043,.F.);
#1696=ORIENTED_EDGE('',*,*,#1037,.T.);
#1697=ORIENTED_EDGE('',*,*,#1217,.F.);
#1698=ORIENTED_EDGE('',*,*,#1046,.T.);
#1699=ORIENTED_EDGE('',*,*,#1218,.F.);
#1700=ORIENTED_EDGE('',*,*,#1035,.T.);
#1701=ORIENTED_EDGE('',*,*,#1219,.F.);
#1702=ORIENTED_EDGE('',*,*,#1214,.T.);
#1703=ORIENTED_EDGE('',*,*,#1219,.T.);
#1704=ORIENTED_EDGE('',*,*,#1034,.F.);
#1705=ORIENTED_EDGE('',*,*,#1220,.T.);
#1706=ORIENTED_EDGE('',*,*,#1212,.T.);
#1707=ORIENTED_EDGE('',*,*,#1220,.F.);
#1708=ORIENTED_EDGE('',*,*,#1033,.T.);
#1709=ORIENTED_EDGE('',*,*,#1221,.F.);
#1710=ORIENTED_EDGE('',*,*,#1208,.T.);
#1711=ORIENTED_EDGE('',*,*,#1221,.T.);
#1712=ORIENTED_EDGE('',*,*,#1032,.F.);
#1713=ORIENTED_EDGE('',*,*,#1222,.T.);
#1714=ORIENTED_EDGE('',*,*,#1205,.T.);
#1715=ORIENTED_EDGE('',*,*,#1222,.F.);
#1716=ORIENTED_EDGE('',*,*,#1031,.T.);
#1717=ORIENTED_EDGE('',*,*,#1223,.F.);
#1718=ORIENTED_EDGE('',*,*,#1202,.T.);
#1719=ORIENTED_EDGE('',*,*,#1028,.T.);
#1720=ORIENTED_EDGE('',*,*,#1200,.T.);
#1721=ORIENTED_EDGE('',*,*,#1223,.T.);
#1722=ORIENTED_EDGE('',*,*,#1030,.F.);
#1723=ORIENTED_EDGE('',*,*,#1091,.F.);
#1724=ORIENTED_EDGE('',*,*,#1210,.T.);
#1725=ORIENTED_EDGE('',*,*,#1224,.F.);
#1726=ORIENTED_EDGE('',*,*,#1094,.T.);
#1727=ORIENTED_EDGE('',*,*,#1225,.T.);
#1728=ORIENTED_EDGE('',*,*,#1096,.F.);
#1729=ORIENTED_EDGE('',*,*,#1224,.T.);
#1730=ORIENTED_EDGE('',*,*,#1226,.F.);
#1731=ORIENTED_EDGE('',*,*,#1102,.T.);
#1732=ORIENTED_EDGE('',*,*,#1225,.F.);
#1733=ORIENTED_EDGE('',*,*,#1209,.T.);
#1734=ORIENTED_EDGE('',*,*,#1227,.T.);
#1735=ORIENTED_EDGE('',*,*,#1103,.F.);
#1736=ORIENTED_EDGE('',*,*,#1226,.T.);
#1737=ORIENTED_EDGE('',*,*,#1206,.T.);
#1738=ORIENTED_EDGE('',*,*,#1197,.F.);
#1739=ORIENTED_EDGE('',*,*,#1104,.T.);
#1740=ORIENTED_EDGE('',*,*,#1227,.F.);
#1741=ORIENTED_EDGE('',*,*,#1203,.T.);
#1742=ORIENTED_EDGE('',*,*,#981,.T.);
#1743=ORIENTED_EDGE('',*,*,#982,.T.);
#1744=ORIENTED_EDGE('',*,*,#1228,.T.);
#1745=ORIENTED_EDGE('',*,*,#1040,.F.);
#1746=ORIENTED_EDGE('',*,*,#1228,.F.);
#1747=ORIENTED_EDGE('',*,*,#988,.T.);
#1748=ORIENTED_EDGE('',*,*,#989,.T.);
#1749=ORIENTED_EDGE('',*,*,#1229,.T.);
#1750=ORIENTED_EDGE('',*,*,#1039,.F.);
#1751=ORIENTED_EDGE('',*,*,#1229,.F.);
#1752=ORIENTED_EDGE('',*,*,#1230,.T.);
#1753=ORIENTED_EDGE('',*,*,#1231,.T.);
#1754=ORIENTED_EDGE('',*,*,#1066,.F.);
#1755=ORIENTED_EDGE('',*,*,#1069,.T.);
#1756=ORIENTED_EDGE('',*,*,#1067,.F.);
#1757=ORIENTED_EDGE('',*,*,#1231,.F.);
#1758=ORIENTED_EDGE('',*,*,#1232,.T.);
#1759=ORIENTED_EDGE('',*,*,#1233,.F.);
#1760=ORIENTED_EDGE('',*,*,#1234,.T.);
#1761=ORIENTED_EDGE('',*,*,#1232,.F.);
#1762=ORIENTED_EDGE('',*,*,#1230,.F.);
#1763=ORIENTED_EDGE('',*,*,#1234,.F.);
#1764=ORIENTED_EDGE('',*,*,#1233,.T.);
#1765=ORIENTED_EDGE('',*,*,#1235,.T.);
#1766=ORIENTED_EDGE('',*,*,#1236,.T.);
#1767=ORIENTED_EDGE('',*,*,#1237,.T.);
#1768=ORIENTED_EDGE('',*,*,#1235,.F.);
#1769=ORIENTED_EDGE('',*,*,#1237,.F.);
#1770=ORIENTED_EDGE('',*,*,#1238,.F.);
#1771=ORIENTED_EDGE('',*,*,#1239,.F.);
#1772=ORIENTED_EDGE('',*,*,#1240,.T.);
#1773=ORIENTED_EDGE('',*,*,#1236,.F.);
#1774=ORIENTED_EDGE('',*,*,#1240,.F.);
#1775=ORIENTED_EDGE('',*,*,#1238,.T.);
#1776=ORIENTED_EDGE('',*,*,#1239,.T.);
#1777=ORIENTED_EDGE('',*,*,#1241,.T.);
#1778=ORIENTED_EDGE('',*,*,#1041,.F.);
#1779=ORIENTED_EDGE('',*,*,#1241,.F.);
#1780=ORIENTED_EDGE('',*,*,#1242,.T.);
#1781=ORIENTED_EDGE('',*,*,#1025,.T.);
#1782=ORIENTED_EDGE('',*,*,#1243,.T.);
#1783=ORIENTED_EDGE('',*,*,#1244,.F.);
#1784=ORIENTED_EDGE('',*,*,#1245,.F.);
#1785=ORIENTED_EDGE('',*,*,#1021,.T.);
#1786=ORIENTED_EDGE('',*,*,#1242,.F.);
#1787=ORIENTED_EDGE('',*,*,#1246,.T.);
#1788=ORIENTED_EDGE('',*,*,#1247,.T.);
#1789=ORIENTED_EDGE('',*,*,#1018,.T.);
#1790=ORIENTED_EDGE('',*,*,#1245,.T.);
#1791=ORIENTED_EDGE('',*,*,#1248,.F.);
#1792=ORIENTED_EDGE('',*,*,#1247,.F.);
#1793=ORIENTED_EDGE('',*,*,#1249,.T.);
#1794=ORIENTED_EDGE('',*,*,#1243,.F.);
#1795=ORIENTED_EDGE('',*,*,#1012,.T.);
#1796=ORIENTED_EDGE('',*,*,#1246,.F.);
#1797=ORIENTED_EDGE('',*,*,#1244,.T.);
#1798=ORIENTED_EDGE('',*,*,#1249,.F.);
#1799=ORIENTED_EDGE('',*,*,#1248,.T.);
#1800=ORIENTED_EDGE('',*,*,#975,.T.);
#1801=ORIENTED_EDGE('',*,*,#1250,.F.);
#1802=ORIENTED_EDGE('',*,*,#1251,.T.);
#1803=ORIENTED_EDGE('',*,*,#978,.T.);
#1804=ORIENTED_EDGE('',*,*,#1251,.F.);
#1805=ORIENTED_EDGE('',*,*,#1250,.T.);
#1806=CYLINDRICAL_SURFACE('',#1964,1.49999999999999);
#1807=CYLINDRICAL_SURFACE('',#1969,1.3);
#1808=CYLINDRICAL_SURFACE('',#1975,1.99999999999999);
#1809=CYLINDRICAL_SURFACE('',#1977,1.3);
#1810=CYLINDRICAL_SURFACE('',#1983,1.99999999999999);
#1811=CYLINDRICAL_SURFACE('',#1994,2.4);
#1812=CYLINDRICAL_SURFACE('',#1998,2.4);
#1813=CYLINDRICAL_SURFACE('',#2014,3.);
#1814=CYLINDRICAL_SURFACE('',#2032,2.1);
#1815=CYLINDRICAL_SURFACE('',#2039,1.2);
#1816=CYLINDRICAL_SURFACE('',#2049,1.);
#1817=CYLINDRICAL_SURFACE('',#2069,1.);
#1818=CYLINDRICAL_SURFACE('',#2075,1.);
#1819=CYLINDRICAL_SURFACE('',#2086,1.5);
#1820=CYLINDRICAL_SURFACE('',#2097,2.);
#1821=CYLINDRICAL_SURFACE('',#2105,2.);
#1822=CYLINDRICAL_SURFACE('',#2114,1.2);
#1823=CYLINDRICAL_SURFACE('',#2124,1.2);
#1824=CYLINDRICAL_SURFACE('',#2129,1.5);
#1825=CYLINDRICAL_SURFACE('',#2134,3.);
#1826=CYLINDRICAL_SURFACE('',#2137,1.);
#1827=CYLINDRICAL_SURFACE('',#2141,1.);
#1828=CYLINDRICAL_SURFACE('',#2144,1.);
#1829=CYLINDRICAL_SURFACE('',#2166,2.1);
#1830=CYLINDRICAL_SURFACE('',#2172,1.2);
#1831=CYLINDRICAL_SURFACE('',#2183,0.8);
#1832=ADVANCED_FACE('',(#136),#1806,.F.);
#1833=ADVANCED_FACE('',(#137,#68),#85,.T.);
#1834=ADVANCED_FACE('',(#138),#1807,.F.);
#1835=ADVANCED_FACE('',(#139,#69),#86,.T.);
#1836=ADVANCED_FACE('',(#140),#1808,.F.);
#1837=ADVANCED_FACE('',(#141),#1809,.F.);
#1838=ADVANCED_FACE('',(#142,#70),#87,.T.);
#1839=ADVANCED_FACE('',(#143),#1810,.F.);
#1840=ADVANCED_FACE('',(#144),#88,.T.);
#1841=ADVANCED_FACE('',(#145),#89,.T.);
#1842=ADVANCED_FACE('',(#146),#37,.F.);
#1843=ADVANCED_FACE('',(#147),#90,.T.);
#1844=ADVANCED_FACE('',(#148),#91,.T.);
#1845=ADVANCED_FACE('',(#149),#1811,.T.);
#1846=ADVANCED_FACE('',(#150),#92,.T.);
#1847=ADVANCED_FACE('',(#151),#1812,.T.);
#1848=ADVANCED_FACE('',(#152,#71,#72,#73,#74),#93,.T.);
#1849=ADVANCED_FACE('',(#153),#38,.F.);
#1850=ADVANCED_FACE('',(#154),#1813,.F.);
#1851=ADVANCED_FACE('',(#155),#94,.F.);
#1852=ADVANCED_FACE('',(#156),#95,.F.);
#1853=ADVANCED_FACE('',(#157),#39,.F.);
#1854=ADVANCED_FACE('',(#158),#96,.T.);
#1855=ADVANCED_FACE('',(#159),#97,.T.);
#1856=ADVANCED_FACE('',(#160),#98,.F.);
#1857=ADVANCED_FACE('',(#161),#40,.F.);
#1858=ADVANCED_FACE('',(#162),#1814,.F.);
#1859=ADVANCED_FACE('',(#163,#75),#99,.T.);
#1860=ADVANCED_FACE('',(#164),#41,.F.);
#1861=ADVANCED_FACE('',(#165),#1815,.F.);
#1862=ADVANCED_FACE('',(#166),#42,.F.);
#1863=ADVANCED_FACE('',(#167),#43,.T.);
#1864=ADVANCED_FACE('',(#168),#100,.F.);
#1865=ADVANCED_FACE('',(#169),#44,.F.);
#1866=ADVANCED_FACE('',(#170),#1816,.F.);
#1867=ADVANCED_FACE('',(#171),#101,.F.);
#1868=ADVANCED_FACE('',(#172),#102,.T.);
#1869=ADVANCED_FACE('',(#173,#76,#77),#103,.T.);
#1870=ADVANCED_FACE('',(#174),#104,.F.);
#1871=ADVANCED_FACE('',(#175),#105,.F.);
#1872=ADVANCED_FACE('',(#176),#106,.T.);
#1873=ADVANCED_FACE('',(#177),#107,.T.);
#1874=ADVANCED_FACE('',(#178),#21,.F.);
#1875=ADVANCED_FACE('',(#179),#17,.F.);
#1876=ADVANCED_FACE('',(#180),#108,.T.);
#1877=ADVANCED_FACE('',(#181),#22,.F.);
#1878=ADVANCED_FACE('',(#182),#1817,.F.);
#1879=ADVANCED_FACE('',(#183),#23,.F.);
#1880=ADVANCED_FACE('',(#184),#18,.F.);
#1881=ADVANCED_FACE('',(#185),#1818,.F.);
#1882=ADVANCED_FACE('',(#186),#19,.F.);
#1883=ADVANCED_FACE('',(#187),#15,.F.);
#1884=ADVANCED_FACE('',(#188),#20,.F.);
#1885=ADVANCED_FACE('',(#189),#16,.F.);
#1886=ADVANCED_FACE('',(#190),#24,.F.);
#1887=ADVANCED_FACE('',(#191),#1819,.T.);
#1888=ADVANCED_FACE('',(#192),#45,.T.);
#1889=ADVANCED_FACE('',(#193),#109,.T.);
#1890=ADVANCED_FACE('',(#194,#78,#79),#110,.T.);
#1891=ADVANCED_FACE('',(#195),#46,.F.);
#1892=ADVANCED_FACE('',(#196),#1820,.F.);
#1893=ADVANCED_FACE('',(#197),#47,.F.);
#1894=ADVANCED_FACE('',(#198,#80,#81),#111,.T.);
#1895=ADVANCED_FACE('',(#199),#48,.F.);
#1896=ADVANCED_FACE('',(#200),#1821,.F.);
#1897=ADVANCED_FACE('',(#201),#49,.F.);
#1898=ADVANCED_FACE('',(#202),#112,.T.);
#1899=ADVANCED_FACE('',(#203,#82),#113,.T.);
#1900=ADVANCED_FACE('',(#204),#1822,.T.);
#1901=ADVANCED_FACE('',(#205),#50,.T.);
#1902=ADVANCED_FACE('',(#206),#114,.T.);
#1903=ADVANCED_FACE('',(#207),#51,.T.);
#1904=ADVANCED_FACE('',(#208),#115,.T.);
#1905=ADVANCED_FACE('',(#209),#116,.F.);
#1906=ADVANCED_FACE('',(#210),#1823,.T.);
#1907=ADVANCED_FACE('',(#211),#117,.F.);
#1908=ADVANCED_FACE('',(#212),#118,.T.);
#1909=ADVANCED_FACE('',(#213),#52,.T.);
#1910=ADVANCED_FACE('',(#214),#1824,.T.);
#1911=ADVANCED_FACE('',(#215),#119,.T.);
#1912=ADVANCED_FACE('',(#216),#53,.T.);
#1913=ADVANCED_FACE('',(#217),#54,.F.);
#1914=ADVANCED_FACE('',(#218),#1825,.F.);
#1915=ADVANCED_FACE('',(#219),#120,.F.);
#1916=ADVANCED_FACE('',(#220),#1826,.T.);
#1917=ADVANCED_FACE('',(#221),#121,.T.);
#1918=ADVANCED_FACE('',(#222),#1827,.T.);
#1919=ADVANCED_FACE('',(#223),#122,.T.);
#1920=ADVANCED_FACE('',(#224),#1828,.T.);
#1921=ADVANCED_FACE('',(#225),#55,.T.);
#1922=ADVANCED_FACE('',(#226),#56,.T.);
#1923=ADVANCED_FACE('',(#227),#123,.T.);
#1924=ADVANCED_FACE('',(#228),#124,.F.);
#1925=ADVANCED_FACE('',(#229),#57,.T.);
#1926=ADVANCED_FACE('',(#230),#125,.F.);
#1927=ADVANCED_FACE('',(#231),#58,.T.);
#1928=ADVANCED_FACE('',(#232),#126,.T.);
#1929=ADVANCED_FACE('',(#233),#59,.F.);
#1930=ADVANCED_FACE('',(#234),#127,.T.);
#1931=ADVANCED_FACE('',(#235),#128,.T.);
#1932=ADVANCED_FACE('',(#236),#129,.F.);
#1933=ADVANCED_FACE('',(#237),#60,.T.);
#1934=ADVANCED_FACE('',(#238),#130,.T.);
#1935=ADVANCED_FACE('',(#239),#61,.F.);
#1936=ADVANCED_FACE('',(#240),#62,.F.);
#1937=ADVANCED_FACE('',(#241),#63,.F.);
#1938=ADVANCED_FACE('',(#242),#1829,.F.);
#1939=ADVANCED_FACE('',(#243,#83),#131,.T.);
#1940=ADVANCED_FACE('',(#244),#64,.F.);
#1941=ADVANCED_FACE('',(#245),#1830,.F.);
#1942=ADVANCED_FACE('',(#246),#65,.F.);
#1943=ADVANCED_FACE('',(#247),#66,.T.);
#1944=ADVANCED_FACE('',(#248),#132,.F.);
#1945=ADVANCED_FACE('',(#249),#67,.T.);
#1946=ADVANCED_FACE('',(#250),#133,.F.);
#1947=ADVANCED_FACE('',(#251,#84),#134,.T.);
#1948=ADVANCED_FACE('',(#252),#1831,.F.);
#1949=ADVANCED_FACE('',(#253),#135,.T.);
#1950=CLOSED_SHELL('',(#1832,#1833,#1834,#1835,#1836,#1837,#1838,#1839,
#1840,#1841,#1842,#1843,#1844,#1845,#1846,#1847,#1848,#1849,#1850,#1851,
#1852,#1853,#1854,#1855,#1856,#1857,#1858,#1859,#1860,#1861,#1862,#1863,
#1864,#1865,#1866,#1867,#1868,#1869,#1870,#1871,#1872,#1873,#1874,#1875,
#1876,#1877,#1878,#1879,#1880,#1881,#1882,#1883,#1884,#1885,#1886,#1887,
#1888,#1889,#1890,#1891,#1892,#1893,#1894,#1895,#1896,#1897,#1898,#1899,
#1900,#1901,#1902,#1903,#1904,#1905,#1906,#1907,#1908,#1909,#1910,#1911,
#1912,#1913,#1914,#1915,#1916,#1917,#1918,#1919,#1920,#1921,#1922,#1923,
#1924,#1925,#1926,#1927,#1928,#1929,#1930,#1931,#1932,#1933,#1934,#1935,
#1936,#1937,#1938,#1939,#1940,#1941,#1942,#1943,#1944,#1945,#1946,#1947,
#1948,#1949));
#1951=DERIVED_UNIT_ELEMENT(#1953,1.);
#1952=DERIVED_UNIT_ELEMENT(#3919,-3.);
#1953=(
MASS_UNIT()
NAMED_UNIT(*)
SI_UNIT(.KILO.,.GRAM.)
);
#1954=DERIVED_UNIT((#1951,#1952));
#1955=MEASURE_REPRESENTATION_ITEM('density measure',
POSITIVE_RATIO_MEASURE(7850.),#1954);
#1956=PROPERTY_DEFINITION_REPRESENTATION(#1961,#1958);
#1957=PROPERTY_DEFINITION_REPRESENTATION(#1962,#1959);
#1958=REPRESENTATION('material name',(#1960),#3916);
#1959=REPRESENTATION('density',(#1955),#3916);
#1960=DESCRIPTIVE_REPRESENTATION_ITEM('Steel','Steel');
#1961=PROPERTY_DEFINITION('material property','material name',#3926);
#1962=PROPERTY_DEFINITION('material property','density of part',#3926);
#1963=AXIS2_PLACEMENT_3D('',#2787,#2186,#2187);
#1964=AXIS2_PLACEMENT_3D('',#2788,#2188,#2189);
#1965=AXIS2_PLACEMENT_3D('',#2790,#2190,#2191);
#1966=AXIS2_PLACEMENT_3D('',#2793,#2193,#2194);
#1967=AXIS2_PLACEMENT_3D('',#2794,#2195,#2196);
#1968=AXIS2_PLACEMENT_3D('',#2796,#2197,#2198);
#1969=AXIS2_PLACEMENT_3D('',#2797,#2199,#2200);
#1970=AXIS2_PLACEMENT_3D('',#2799,#2201,#2202);
#1971=AXIS2_PLACEMENT_3D('',#2803,#2204,#2205);
#1972=AXIS2_PLACEMENT_3D('',#2804,#2206,#2207);
#1973=AXIS2_PLACEMENT_3D('',#2805,#2208,#2209);
#1974=AXIS2_PLACEMENT_3D('',#2807,#2210,#2211);
#1975=AXIS2_PLACEMENT_3D('',#2808,#2212,#2213);
#1976=AXIS2_PLACEMENT_3D('',#2811,#2215,#2216);
#1977=AXIS2_PLACEMENT_3D('',#2812,#2217,#2218);
#1978=AXIS2_PLACEMENT_3D('',#2814,#2219,#2220);
#1979=AXIS2_PLACEMENT_3D('',#2818,#2222,#2223);
#1980=AXIS2_PLACEMENT_3D('',#2819,#2224,#2225);
#1981=AXIS2_PLACEMENT_3D('',#2820,#2226,#2227);
#1982=AXIS2_PLACEMENT_3D('',#2822,#2228,#2229);
#1983=AXIS2_PLACEMENT_3D('',#2823,#2230,#2231);
#1984=AXIS2_PLACEMENT_3D('',#2826,#2233,#2234);
#1985=AXIS2_PLACEMENT_3D('',#2827,#2235,#2236);
#1986=AXIS2_PLACEMENT_3D('',#2834,#2240,#2241);
#1987=AXIS2_PLACEMENT_3D('',#2840,#2245,#2246);
#1988=AXIS2_PLACEMENT_3D('',#2846,#2247,#2248);
#1989=AXIS2_PLACEMENT_3D('',#2848,#2249,#2250);
#1990=AXIS2_PLACEMENT_3D('',#2850,#2251,#2252);
#1991=AXIS2_PLACEMENT_3D('',#2851,#2253,#2254);
#1992=AXIS2_PLACEMENT_3D('',#2852,#2255,#2256);
#1993=AXIS2_PLACEMENT_3D('',#2875,#2263,#2264);
#1994=AXIS2_PLACEMENT_3D('',#2889,#2270,#2271);
#1995=AXIS2_PLACEMENT_3D('',#2893,#2273,#2274);
#1996=AXIS2_PLACEMENT_3D('',#2894,#2275,#2276);
#1997=AXIS2_PLACEMENT_3D('',#2895,#2277,#2278);
#1998=AXIS2_PLACEMENT_3D('',#2905,#2284,#2285);
#1999=AXIS2_PLACEMENT_3D('',#2906,#2286,#2287);
#2000=AXIS2_PLACEMENT_3D('',#2908,#2288,#2289);
#2001=AXIS2_PLACEMENT_3D('',#2918,#2291,#2292);
#2002=AXIS2_PLACEMENT_3D('',#2919,#2293,#2294);
#2003=AXIS2_PLACEMENT_3D('',#2921,#2295,#2296);
#2004=AXIS2_PLACEMENT_3D('',#2925,#2298,#2299);
#2005=AXIS2_PLACEMENT_3D('',#2929,#2301,#2302);
#2006=AXIS2_PLACEMENT_3D('',#2933,#2304,#2305);
#2007=AXIS2_PLACEMENT_3D('',#2936,#2307,#2308);
#2008=AXIS2_PLACEMENT_3D('',#2938,#2309,#2310);
#2009=AXIS2_PLACEMENT_3D('',#2940,#2311,#2312);
#2010=AXIS2_PLACEMENT_3D('',#2942,#2313,#2314);
#2011=AXIS2_PLACEMENT_3D('',#2944,#2315,#2316);
#2012=AXIS2_PLACEMENT_3D('',#2945,#2317,#2318);
#2013=AXIS2_PLACEMENT_3D('',#2948,#2320,#2321);
#2014=AXIS2_PLACEMENT_3D('',#2949,#2322,#2323);
#2015=AXIS2_PLACEMENT_3D('',#2951,#2325,#2326);
#2016=AXIS2_PLACEMENT_3D('',#2959,#2330,#2331);
#2017=AXIS2_PLACEMENT_3D('',#2961,#2333,#2334);
#2018=AXIS2_PLACEMENT_3D('',#2965,#2337,#2338);
#2019=AXIS2_PLACEMENT_3D('',#2968,#2340,#2341);
#2020=AXIS2_PLACEMENT_3D('',#2969,#2342,#2343);
#2021=AXIS2_PLACEMENT_3D('',#2973,#2346,#2347);
#2022=AXIS2_PLACEMENT_3D('',#2978,#2349,#2350);
#2023=AXIS2_PLACEMENT_3D('',#2980,#2351,#2352);
#2024=AXIS2_PLACEMENT_3D('',#2984,#2354,#2355);
#2025=AXIS2_PLACEMENT_3D('',#2989,#2358,#2359);
#2026=AXIS2_PLACEMENT_3D('',#2993,#2361,#2362);
#2027=AXIS2_PLACEMENT_3D('',#2994,#2363,#2364);
#2028=AXIS2_PLACEMENT_3D('',#2995,#2365,#2366);
#2029=AXIS2_PLACEMENT_3D('',#3007,#2370,#2371);
#2030=AXIS2_PLACEMENT_3D('',#3010,#2372,#2373);
#2031=AXIS2_PLACEMENT_3D('',#3012,#2375,#2376);
#2032=AXIS2_PLACEMENT_3D('',#3013,#2377,#2378);
#2033=AXIS2_PLACEMENT_3D('',#3015,#2379,#2380);
#2034=AXIS2_PLACEMENT_3D('',#3017,#2382,#2383);
#2035=AXIS2_PLACEMENT_3D('',#3019,#2384,#2385);
#2036=AXIS2_PLACEMENT_3D('',#3020,#2386,#2387);
#2037=AXIS2_PLACEMENT_3D('',#3023,#2388,#2389);
#2038=AXIS2_PLACEMENT_3D('',#3025,#2391,#2392);
#2039=AXIS2_PLACEMENT_3D('',#3026,#2393,#2394);
#2040=AXIS2_PLACEMENT_3D('',#3029,#2395,#2396);
#2041=AXIS2_PLACEMENT_3D('',#3030,#2397,#2398);
#2042=AXIS2_PLACEMENT_3D('',#3032,#2400,#2401);
#2043=AXIS2_PLACEMENT_3D('',#3034,#2403,#2404);
#2044=AXIS2_PLACEMENT_3D('',#3036,#2405,#2406);
#2045=AXIS2_PLACEMENT_3D('',#3038,#2408,#2409);
#2046=AXIS2_PLACEMENT_3D('',#3042,#2412,#2413);
#2047=AXIS2_PLACEMENT_3D('',#3044,#2414,#2415);
#2048=AXIS2_PLACEMENT_3D('',#3047,#2417,#2418);
#2049=AXIS2_PLACEMENT_3D('',#3048,#2419,#2420);
#2050=AXIS2_PLACEMENT_3D('',#3050,#2422,#2423);
#2051=AXIS2_PLACEMENT_3D('',#3054,#2426,#2427);
#2052=AXIS2_PLACEMENT_3D('',#3058,#2430,#2431);
#2053=AXIS2_PLACEMENT_3D('',#3063,#2433,#2434);
#2054=AXIS2_PLACEMENT_3D('',#3066,#2436,#2437);
#2055=AXIS2_PLACEMENT_3D('',#3070,#2439,#2440);
#2056=AXIS2_PLACEMENT_3D('',#3074,#2442,#2443);
#2057=AXIS2_PLACEMENT_3D('',#3075,#2444,#2445);
#2058=AXIS2_PLACEMENT_3D('',#3076,#2446,#2447);
#2059=AXIS2_PLACEMENT_3D('',#3087,#2454,#2455);
#2060=AXIS2_PLACEMENT_3D('',#3091,#2458,#2459);
#2061=AXIS2_PLACEMENT_3D('',#3093,#2461,#2462);
#2062=AXIS2_PLACEMENT_3D('',#3231,#2466,#2467);
#2063=AXIS2_PLACEMENT_3D('',#3232,#2468,#2469);
#2064=AXIS2_PLACEMENT_3D('',#3234,#2470,#2471);
#2065=AXIS2_PLACEMENT_3D('',#3235,#2472,#2473);
#2066=AXIS2_PLACEMENT_3D('',#3236,#2474,#2475);
#2067=AXIS2_PLACEMENT_3D('',#3237,#2476,#2477);
#2068=AXIS2_PLACEMENT_3D('',#3326,#2478,#2479);
#2069=AXIS2_PLACEMENT_3D('',#3327,#2480,#2481);
#2070=AXIS2_PLACEMENT_3D('',#3330,#2483,#2484);
#2071=AXIS2_PLACEMENT_3D('',#3419,#2485,#2486);
#2072=AXIS2_PLACEMENT_3D('',#3420,#2487,#2488);
#2073=AXIS2_PLACEMENT_3D('',#3422,#2489,#2490);
#2074=AXIS2_PLACEMENT_3D('',#3423,#2491,#2492);
#2075=AXIS2_PLACEMENT_3D('',#3424,#2493,#2494);
#2076=AXIS2_PLACEMENT_3D('',#3426,#2495,#2496);
#2077=AXIS2_PLACEMENT_3D('',#3428,#2498,#2499);
#2078=AXIS2_PLACEMENT_3D('',#3430,#2500,#2501);
#2079=AXIS2_PLACEMENT_3D('',#3431,#2502,#2503);
#2080=AXIS2_PLACEMENT_3D('',#3449,#2504,#2505);
#2081=AXIS2_PLACEMENT_3D('',#3450,#2506,#2507);
#2082=AXIS2_PLACEMENT_3D('',#3451,#2508,#2509);
#2083=AXIS2_PLACEMENT_3D('',#3453,#2510,#2511);
#2084=AXIS2_PLACEMENT_3D('',#3454,#2512,#2513);
#2085=AXIS2_PLACEMENT_3D('',#3455,#2514,#2515);
#2086=AXIS2_PLACEMENT_3D('',#3691,#2516,#2517);
#2087=AXIS2_PLACEMENT_3D('',#3694,#2518,#2519);
#2088=AXIS2_PLACEMENT_3D('',#3697,#2522,#2523);
#2089=AXIS2_PLACEMENT_3D('',#3701,#2525,#2526);
#2090=AXIS2_PLACEMENT_3D('',#3703,#2528,#2529);
#2091=AXIS2_PLACEMENT_3D('',#3709,#2533,#2534);
#2092=AXIS2_PLACEMENT_3D('',#3712,#2536,#2537);
#2093=AXIS2_PLACEMENT_3D('',#3714,#2538,#2539);
#2094=AXIS2_PLACEMENT_3D('',#3715,#2540,#2541);
#2095=AXIS2_PLACEMENT_3D('',#3718,#2542,#2543);
#2096=AXIS2_PLACEMENT_3D('',#3720,#2545,#2546);
#2097=AXIS2_PLACEMENT_3D('',#3721,#2547,#2548);
#2098=AXIS2_PLACEMENT_3D('',#3724,#2550,#2551);
#2099=AXIS2_PLACEMENT_3D('',#3725,#2552,#2553);
#2100=AXIS2_PLACEMENT_3D('',#3728,#2555,#2556);
#2101=AXIS2_PLACEMENT_3D('',#3729,#2557,#2558);
#2102=AXIS2_PLACEMENT_3D('',#3734,#2561,#2562);
#2103=AXIS2_PLACEMENT_3D('',#3735,#2563,#2564);
#2104=AXIS2_PLACEMENT_3D('',#3737,#2565,#2566);
#2105=AXIS2_PLACEMENT_3D('',#3739,#2568,#2569);
#2106=AXIS2_PLACEMENT_3D('',#3742,#2570,#2571);
#2107=AXIS2_PLACEMENT_3D('',#3743,#2572,#2573);
#2108=AXIS2_PLACEMENT_3D('',#3745,#2575,#2576);
#2109=AXIS2_PLACEMENT_3D('',#3747,#2578,#2579);
#2110=AXIS2_PLACEMENT_3D('',#3751,#2582,#2583);
#2111=AXIS2_PLACEMENT_3D('',#3752,#2584,#2585);
#2112=AXIS2_PLACEMENT_3D('',#3755,#2586,#2587);
#2113=AXIS2_PLACEMENT_3D('',#3759,#2589,#2590);
#2114=AXIS2_PLACEMENT_3D('',#3761,#2592,#2593);
#2115=AXIS2_PLACEMENT_3D('',#3764,#2594,#2595);
#2116=AXIS2_PLACEMENT_3D('',#3767,#2598,#2599);
#2117=AXIS2_PLACEMENT_3D('',#3770,#2600,#2601);
#2118=AXIS2_PLACEMENT_3D('',#3773,#2604,#2605);
#2119=AXIS2_PLACEMENT_3D('',#3776,#2606,#2607);
#2120=AXIS2_PLACEMENT_3D('',#3779,#2610,#2611);
#2121=AXIS2_PLACEMENT_3D('',#3783,#2613,#2614);
#2122=AXIS2_PLACEMENT_3D('',#3785,#2616,#2617);
#2123=AXIS2_PLACEMENT_3D('',#3787,#2619,#2620);
#2124=AXIS2_PLACEMENT_3D('',#3789,#2622,#2623);
#2125=AXIS2_PLACEMENT_3D('',#3791,#2625,#2626);
#2126=AXIS2_PLACEMENT_3D('',#3793,#2628,#2629);
#2127=AXIS2_PLACEMENT_3D('',#3794,#2630,#2631);
#2128=AXIS2_PLACEMENT_3D('',#3795,#2632,#2633);
#2129=AXIS2_PLACEMENT_3D('',#3796,#2634,#2635);
#2130=AXIS2_PLACEMENT_3D('',#3797,#2636,#2637);
#2131=AXIS2_PLACEMENT_3D('',#3798,#2638,#2639);
#2132=AXIS2_PLACEMENT_3D('',#3800,#2641,#2642);
#2133=AXIS2_PLACEMENT_3D('',#3803,#2644,#2645);
#2134=AXIS2_PLACEMENT_3D('',#3804,#2646,#2647);
#2135=AXIS2_PLACEMENT_3D('',#3807,#2649,#2650);
#2136=AXIS2_PLACEMENT_3D('',#3808,#2651,#2652);
#2137=AXIS2_PLACEMENT_3D('',#3814,#2656,#2657);
#2138=AXIS2_PLACEMENT_3D('',#3818,#2659,#2660);
#2139=AXIS2_PLACEMENT_3D('',#3819,#2661,#2662);
#2140=AXIS2_PLACEMENT_3D('',#3820,#2663,#2664);
#2141=AXIS2_PLACEMENT_3D('',#3827,#2669,#2670);
#2142=AXIS2_PLACEMENT_3D('',#3830,#2672,#2673);
#2143=AXIS2_PLACEMENT_3D('',#3831,#2674,#2675);
#2144=AXIS2_PLACEMENT_3D('',#3835,#2678,#2679);
#2145=AXIS2_PLACEMENT_3D('',#3836,#2680,#2681);
#2146=AXIS2_PLACEMENT_3D('',#3837,#2682,#2683);
#2147=AXIS2_PLACEMENT_3D('',#3838,#2684,#2685);
#2148=AXIS2_PLACEMENT_3D('',#3839,#2686,#2687);
#2149=AXIS2_PLACEMENT_3D('',#3842,#2690,#2691);
#2150=AXIS2_PLACEMENT_3D('',#3843,#2692,#2693);
#2151=AXIS2_PLACEMENT_3D('',#3845,#2695,#2696);
#2152=AXIS2_PLACEMENT_3D('',#3847,#2698,#2699);
#2153=AXIS2_PLACEMENT_3D('',#3849,#2701,#2702);
#2154=AXIS2_PLACEMENT_3D('',#3851,#2704,#2705);
#2155=AXIS2_PLACEMENT_3D('',#3853,#2707,#2708);
#2156=AXIS2_PLACEMENT_3D('',#3854,#2709,#2710);
#2157=AXIS2_PLACEMENT_3D('',#3856,#2712,#2713);
#2158=AXIS2_PLACEMENT_3D('',#3858,#2715,#2716);
#2159=AXIS2_PLACEMENT_3D('',#3860,#2718,#2719);
#2160=AXIS2_PLACEMENT_3D('',#3862,#2721,#2722);
#2161=AXIS2_PLACEMENT_3D('',#3863,#2723,#2724);
#2162=AXIS2_PLACEMENT_3D('',#3865,#2726,#2727);
#2163=AXIS2_PLACEMENT_3D('',#3867,#2729,#2730);
#2164=AXIS2_PLACEMENT_3D('',#3870,#2731,#2732);
#2165=AXIS2_PLACEMENT_3D('',#3872,#2734,#2735);
#2166=AXIS2_PLACEMENT_3D('',#3873,#2736,#2737);
#2167=AXIS2_PLACEMENT_3D('',#3875,#2738,#2739);
#2168=AXIS2_PLACEMENT_3D('',#3877,#2741,#2742);
#2169=AXIS2_PLACEMENT_3D('',#3879,#2743,#2744);
#2170=AXIS2_PLACEMENT_3D('',#3880,#2745,#2746);
#2171=AXIS2_PLACEMENT_3D('',#3882,#2747,#2748);
#2172=AXIS2_PLACEMENT_3D('',#3884,#2750,#2751);
#2173=AXIS2_PLACEMENT_3D('',#3887,#2752,#2753);
#2174=AXIS2_PLACEMENT_3D('',#3888,#2754,#2755);
#2175=AXIS2_PLACEMENT_3D('',#3890,#2757,#2758);
#2176=AXIS2_PLACEMENT_3D('',#3892,#2760,#2761);
#2177=AXIS2_PLACEMENT_3D('',#3897,#2764,#2765);
#2178=AXIS2_PLACEMENT_3D('',#3898,#2766,#2767);
#2179=AXIS2_PLACEMENT_3D('',#3902,#2770,#2771);
#2180=AXIS2_PLACEMENT_3D('',#3905,#2773,#2774);
#2181=AXIS2_PLACEMENT_3D('',#3906,#2775,#2776);
#2182=AXIS2_PLACEMENT_3D('',#3908,#2778,#2779);
#2183=AXIS2_PLACEMENT_3D('',#3909,#2780,#2781);
#2184=AXIS2_PLACEMENT_3D('',#3911,#2782,#2783);
#2185=AXIS2_PLACEMENT_3D('',#3913,#2785,#2786);
#2186=DIRECTION('axis',(0.,0.,1.));
#2187=DIRECTION('refdir',(1.,0.,0.));
#2188=DIRECTION('center_axis',(0.,0.,1.));
#2189=DIRECTION('ref_axis',(1.,0.,0.));
#2190=DIRECTION('center_axis',(0.,0.,1.));
#2191=DIRECTION('ref_axis',(1.,0.,0.));
#2192=DIRECTION('',(0.,0.,1.));
#2193=DIRECTION('center_axis',(0.,0.,1.));
#2194=DIRECTION('ref_axis',(1.,0.,0.));
#2195=DIRECTION('center_axis',(0.,0.,-1.));
#2196=DIRECTION('ref_axis',(1.,0.,0.));
#2197=DIRECTION('center_axis',(0.,0.,-1.));
#2198=DIRECTION('ref_axis',(1.,0.,0.));
#2199=DIRECTION('center_axis',(0.,0.,1.));
#2200=DIRECTION('ref_axis',(1.,0.,0.));
#2201=DIRECTION('center_axis',(0.,0.,-1.));
#2202=DIRECTION('ref_axis',(1.,0.,0.));
#2203=DIRECTION('',(0.,0.,-1.));
#2204=DIRECTION('center_axis',(0.,0.,1.));
#2205=DIRECTION('ref_axis',(-1.,0.,0.));
#2206=DIRECTION('center_axis',(0.,0.,1.));
#2207=DIRECTION('ref_axis',(-1.,0.,0.));
#2208=DIRECTION('center_axis',(0.,0.,1.));
#2209=DIRECTION('ref_axis',(1.,0.,0.));
#2210=DIRECTION('center_axis',(0.,0.,-1.));
#2211=DIRECTION('ref_axis',(-1.,0.,0.));
#2212=DIRECTION('center_axis',(0.,0.,1.));
#2213=DIRECTION('ref_axis',(-1.,0.,0.));
#2214=DIRECTION('',(0.,0.,1.));
#2215=DIRECTION('center_axis',(0.,0.,-1.));
#2216=DIRECTION('ref_axis',(-1.,0.,0.));
#2217=DIRECTION('center_axis',(0.,0.,1.));
#2218=DIRECTION('ref_axis',(1.,0.,0.));
#2219=DIRECTION('center_axis',(0.,0.,-1.));
#2220=DIRECTION('ref_axis',(1.,0.,0.));
#2221=DIRECTION('',(0.,0.,-1.));
#2222=DIRECTION('center_axis',(0.,0.,1.));
#2223=DIRECTION('ref_axis',(-1.,0.,0.));
#2224=DIRECTION('center_axis',(0.,0.,1.));
#2225=DIRECTION('ref_axis',(-1.,0.,0.));
#2226=DIRECTION('center_axis',(0.,0.,1.));
#2227=DIRECTION('ref_axis',(1.,0.,0.));
#2228=DIRECTION('center_axis',(0.,0.,-1.));
#2229=DIRECTION('ref_axis',(-1.,0.,0.));
#2230=DIRECTION('center_axis',(0.,0.,1.));
#2231=DIRECTION('ref_axis',(-1.,0.,0.));
#2232=DIRECTION('',(0.,0.,1.));
#2233=DIRECTION('center_axis',(0.,0.,-1.));
#2234=DIRECTION('ref_axis',(-1.,0.,0.));
#2235=DIRECTION('center_axis',(-0.577350269189626,-0.577350269189626,0.577350269189626));
#2236=DIRECTION('ref_axis',(-3.31679128606765E-14,-0.707106781186531,-0.707106781186564));
#2237=DIRECTION('',(-0.707106781186498,1.256073966947E-14,-0.707106781186598));
#2238=DIRECTION('',(0.707106781186498,-0.707106781186598,-1.67476528926299E-14));
#2239=DIRECTION('',(0.,0.707106781186498,0.707106781186598));
#2240=DIRECTION('center_axis',(-0.707106781186548,0.,0.707106781186548));
#2241=DIRECTION('ref_axis',(0.,1.,0.));
#2242=DIRECTION('',(0.707106781186548,0.,0.707106781186548));
#2243=DIRECTION('',(0.,-1.,0.));
#2244=DIRECTION('',(0.,1.,0.));
#2245=DIRECTION('center_axis',(0.,0.,1.));
#2246=DIRECTION('ref_axis',(1.,0.,0.));
#2247=DIRECTION('center_axis',(0.,0.,-1.));
#2248=DIRECTION('ref_axis',(0.431021376826175,0.902341716157947,0.));
#2249=DIRECTION('center_axis',(0.,0.,-1.));
#2250=DIRECTION('ref_axis',(0.46244676470368,0.886647049177461,0.));
#2251=DIRECTION('center_axis',(0.,0.,-1.));
#2252=DIRECTION('ref_axis',(0.399788803430995,0.916607283765088,0.));
#2253=DIRECTION('center_axis',(0.,0.,-1.));
#2254=DIRECTION('ref_axis',(0.333333333333292,0.942809041582078,0.));
#2255=DIRECTION('center_axis',(-0.902368927062206,-0.430964406271103,0.));
#2256=DIRECTION('ref_axis',(0.,0.,-1.));
#2257=DIRECTION('',(0.,0.,1.));
#2258=DIRECTION('',(0.,0.,-1.));
#2259=DIRECTION('',(0.430964406271103,-0.902368927062206,-9.37676630550205E-14));
#2260=DIRECTION('',(0.430962247765412,-0.902369957944625,4.54713713936112E-14));
#2261=DIRECTION('',(0.,-1.05770790283499E-7,-0.999999999999994));
#2262=DIRECTION('',(-0.430964406271184,0.902368927062167,0.));
#2263=DIRECTION('center_axis',(0.,-1.,0.));
#2264=DIRECTION('ref_axis',(0.,0.,-1.));
#2265=DIRECTION('',(0.,0.,1.));
#2266=DIRECTION('',(-1.,0.,0.));
#2267=DIRECTION('',(-1.05265590483E-14,0.,-1.));
#2268=DIRECTION('',(1.,0.,0.));
#2269=DIRECTION('',(-1.,0.,0.));
#2270=DIRECTION('center_axis',(0.,0.,1.));
#2271=DIRECTION('ref_axis',(-1.,1.22464679914735E-16,0.));
#2272=DIRECTION('',(0.,0.,-1.));
#2273=DIRECTION('center_axis',(0.,0.,-1.));
#2274=DIRECTION('ref_axis',(-1.,0.,0.));
#2275=DIRECTION('center_axis',(0.,0.,1.));
#2276=DIRECTION('ref_axis',(-4.736951571734E-14,1.,0.));
#2277=DIRECTION('center_axis',(0.,1.,0.));
#2278=DIRECTION('ref_axis',(1.,0.,0.));
#2279=DIRECTION('',(0.,0.,1.));
#2280=DIRECTION('',(1.,0.,0.));
#2281=DIRECTION('',(1.,0.,0.));
#2282=DIRECTION('',(0.,0.,-1.));
#2283=DIRECTION('',(-1.,0.,0.));
#2284=DIRECTION('center_axis',(0.,0.,1.));
#2285=DIRECTION('ref_axis',(1.,0.,0.));
#2286=DIRECTION('center_axis',(0.,0.,-1.));
#2287=DIRECTION('ref_axis',(1.,0.,0.));
#2288=DIRECTION('center_axis',(0.,0.,1.));
#2289=DIRECTION('ref_axis',(1.,0.,0.));
#2290=DIRECTION('',(0.,4.688566994966E-11,-1.));
#2291=DIRECTION('center_axis',(0.,0.,1.));
#2292=DIRECTION('ref_axis',(5.921189464667E-14,-1.,0.));
#2293=DIRECTION('center_axis',(0.,0.,-1.));
#2294=DIRECTION('ref_axis',(0.,-1.,0.));
#2295=DIRECTION('center_axis',(0.,0.,1.));
#2296=DIRECTION('ref_axis',(-0.962121212092527,-0.272622033668608,0.));
#2297=DIRECTION('',(-1.,0.,0.));
#2298=DIRECTION('center_axis',(0.,0.,-1.));
#2299=DIRECTION('ref_axis',(-4.060244204343E-14,1.,0.));
#2300=DIRECTION('',(0.,1.,0.));
#2301=DIRECTION('center_axis',(0.,0.,-1.));
#2302=DIRECTION('ref_axis',(1.,0.,0.));
#2303=DIRECTION('',(1.,0.,0.));
#2304=DIRECTION('center_axis',(0.,0.,-1.));
#2305=DIRECTION('ref_axis',(8.120488408687E-14,-1.,0.));
#2306=DIRECTION('',(0.,-1.,0.));
#2307=DIRECTION('center_axis',(0.,0.,1.));
#2308=DIRECTION('ref_axis',(1.,0.,0.));
#2309=DIRECTION('center_axis',(0.,0.,1.));
#2310=DIRECTION('ref_axis',(-1.,0.,0.));
#2311=DIRECTION('center_axis',(0.,0.,1.));
#2312=DIRECTION('ref_axis',(-1.,0.,0.));
#2313=DIRECTION('center_axis',(0.,0.,1.));
#2314=DIRECTION('ref_axis',(-1.,0.,0.));
#2315=DIRECTION('center_axis',(0.,0.,1.));
#2316=DIRECTION('ref_axis',(1.894780628693E-14,-1.,0.));
#2317=DIRECTION('center_axis',(0.,0.,-1.));
#2318=DIRECTION('ref_axis',(-1.,0.,0.));
#2319=DIRECTION('',(-0.707106781186598,0.,0.707106781186498));
#2320=DIRECTION('center_axis',(0.,0.,1.));
#2321=DIRECTION('ref_axis',(1.,0.,0.));
#2322=DIRECTION('center_axis',(0.,0.,-1.));
#2323=DIRECTION('ref_axis',(-1.,0.,0.));
#2324=DIRECTION('',(0.,0.,1.));
#2325=DIRECTION('center_axis',(1.,0.,0.));
#2326=DIRECTION('ref_axis',(0.,1.,0.));
#2327=DIRECTION('',(0.,1.,0.));
#2328=DIRECTION('',(0.,0.,-1.));
#2329=DIRECTION('',(0.,-1.,0.));
#2330=DIRECTION('center_axis',(1.,0.,0.));
#2331=DIRECTION('ref_axis',(0.,0.,-1.));
#2332=DIRECTION('',(-1.894780628694E-14,0.,-1.));
#2333=DIRECTION('center_axis',(0.707106781186498,0.707106781186598,0.));
#2334=DIRECTION('ref_axis',(0.,0.,1.));
#2335=DIRECTION('',(-0.707106781186598,0.707106781186498,0.));
#2336=DIRECTION('',(0.,0.,1.));
#2337=DIRECTION('center_axis',(-1.,0.,0.));
#2338=DIRECTION('ref_axis',(0.,0.,1.));
#2339=DIRECTION('',(0.707106781186598,0.,0.707106781186498));
#2340=DIRECTION('center_axis',(1.,0.,0.));
#2341=DIRECTION('ref_axis',(0.,0.,-1.));
#2342=DIRECTION('center_axis',(-0.707106781186498,0.,0.707106781186598));
#2343=DIRECTION('ref_axis',(0.,1.,0.));
#2344=DIRECTION('',(-0.707106781186498,0.,-0.707106781186598));
#2345=DIRECTION('',(0.,1.,0.));
#2346=DIRECTION('center_axis',(0.,0.,1.));
#2347=DIRECTION('ref_axis',(1.,0.,0.));
#2348=DIRECTION('',(-1.,0.,0.));
#2349=DIRECTION('center_axis',(0.,0.,-1.));
#2350=DIRECTION('ref_axis',(-0.399652626942692,-0.916666666666682,0.));
#2351=DIRECTION('center_axis',(0.,0.,-1.));
#2352=DIRECTION('ref_axis',(-0.399652626942692,-0.916666666666682,0.));
#2353=DIRECTION('',(-1.,0.,0.));
#2354=DIRECTION('center_axis',(0.,0.,1.));
#2355=DIRECTION('ref_axis',(0.,-1.,0.));
#2356=DIRECTION('',(0.,-1.,0.));
#2357=DIRECTION('',(1.,0.,0.));
#2358=DIRECTION('center_axis',(0.,0.,1.));
#2359=DIRECTION('ref_axis',(-1.,0.,0.));
#2360=DIRECTION('',(-1.,0.,0.));
#2361=DIRECTION('center_axis',(0.,0.,-1.));
#2362=DIRECTION('ref_axis',(-0.399652626942692,-0.916666666666682,0.));
#2363=DIRECTION('center_axis',(0.,0.,-1.));
#2364=DIRECTION('ref_axis',(-0.399652626942692,-0.916666666666682,0.));
#2365=DIRECTION('center_axis',(0.,0.707106781186498,-0.707106781186598));
#2366=DIRECTION('ref_axis',(-1.,0.,0.));
#2367=DIRECTION('',(-6.69906115705098E-14,0.707106781186598,0.707106781186498));
#2368=DIRECTION('',(1.,0.,0.));
#2369=DIRECTION('',(6.69906115705098E-14,-0.707106781186598,-0.707106781186498));
#2370=DIRECTION('center_axis',(0.,0.,1.));
#2371=DIRECTION('ref_axis',(1.,0.,0.));
#2372=DIRECTION('center_axis',(0.,0.,-1.));
#2373=DIRECTION('ref_axis',(-1.027214715404E-9,-1.,0.));
#2374=DIRECTION('',(-0.707106781186547,-8.65956056235493E-17,0.707106781186548));
#2375=DIRECTION('center_axis',(0.,0.,-1.));
#2376=DIRECTION('ref_axis',(-1.027214715404E-9,-1.,0.));
#2377=DIRECTION('center_axis',(0.,0.,1.));
#2378=DIRECTION('ref_axis',(0.,1.,0.));
#2379=DIRECTION('center_axis',(0.,0.,1.));
#2380=DIRECTION('ref_axis',(0.,-1.,0.));
#2381=DIRECTION('',(0.,0.,1.));
#2382=DIRECTION('center_axis',(0.,0.,1.));
#2383=DIRECTION('ref_axis',(1.,0.,0.));
#2384=DIRECTION('center_axis',(0.,0.,-1.));
#2385=DIRECTION('ref_axis',(0.,-1.,0.));
#2386=DIRECTION('center_axis',(0.,0.,1.));
#2387=DIRECTION('ref_axis',(0.,-1.,0.));
#2388=DIRECTION('center_axis',(0.,0.,-1.));
#2389=DIRECTION('ref_axis',(1.83331868205E-9,-1.,0.));
#2390=DIRECTION('',(-8.65956056235342E-17,0.707106781186424,0.707106781186671));
#2391=DIRECTION('center_axis',(0.,0.,-1.));
#2392=DIRECTION('ref_axis',(1.83331868205E-9,-1.,0.));
#2393=DIRECTION('center_axis',(0.,0.,1.));
#2394=DIRECTION('ref_axis',(1.,0.,0.));
#2395=DIRECTION('center_axis',(0.,0.,1.));
#2396=DIRECTION('ref_axis',(1.,0.,0.));
#2397=DIRECTION('center_axis',(0.,0.,1.));
#2398=DIRECTION('ref_axis',(1.,0.,0.));
#2399=DIRECTION('',(0.,0.,1.));
#2400=DIRECTION('center_axis',(0.,0.,-1.));
#2401=DIRECTION('ref_axis',(0.,-1.,0.));
#2402=DIRECTION('',(8.65956056235342E-17,0.707106781186424,-0.707106781186671));
#2403=DIRECTION('center_axis',(0.,0.,-1.));
#2404=DIRECTION('ref_axis',(-1.,0.,0.));
#2405=DIRECTION('center_axis',(0.,0.,1.));
#2406=DIRECTION('ref_axis',(0.,-1.,0.));
#2407=DIRECTION('',(-0.707106781186498,0.,0.707106781186598));
#2408=DIRECTION('center_axis',(-0.707106781186498,0.,-0.707106781186598));
#2409=DIRECTION('ref_axis',(0.,-1.,0.));
#2410=DIRECTION('',(0.,1.,0.));
#2411=DIRECTION('',(0.707106781186498,0.,-0.707106781186598));
#2412=DIRECTION('center_axis',(1.,0.,0.));
#2413=DIRECTION('ref_axis',(0.,0.,-1.));
#2414=DIRECTION('center_axis',(-1.,0.,0.));
#2415=DIRECTION('ref_axis',(0.,1.,0.));
#2416=DIRECTION('',(-0.707106781186498,-0.707106781186598,0.));
#2417=DIRECTION('center_axis',(-1.,0.,0.));
#2418=DIRECTION('ref_axis',(0.,1.,0.));
#2419=DIRECTION('center_axis',(-1.,0.,0.));
#2420=DIRECTION('ref_axis',(0.,0.,1.));
#2421=DIRECTION('',(-1.,0.,0.));
#2422=DIRECTION('center_axis',(0.,1.,0.));
#2423=DIRECTION('ref_axis',(0.,0.,1.));
#2424=DIRECTION('',(0.,0.,-1.));
#2425=DIRECTION('',(1.,0.,0.));
#2426=DIRECTION('center_axis',(0.,-0.707106781186598,0.707106781186498));
#2427=DIRECTION('ref_axis',(1.,0.,0.));
#2428=DIRECTION('',(6.69906115705098E-14,0.707106781186498,0.707106781186598));
#2429=DIRECTION('',(-1.,0.,0.));
#2430=DIRECTION('center_axis',(0.,0.,1.));
#2431=DIRECTION('ref_axis',(1.,0.,0.));
#2432=DIRECTION('',(1.,-1.458816275989E-14,-2.917632551978E-14));
#2433=DIRECTION('center_axis',(0.,0.,-1.));
#2434=DIRECTION('ref_axis',(0.542586398650006,0.84000000000001,0.));
#2435=DIRECTION('',(1.,0.,0.));
#2436=DIRECTION('center_axis',(0.,0.,-1.));
#2437=DIRECTION('ref_axis',(0.,-1.,0.));
#2438=DIRECTION('',(0.,-1.,0.));
#2439=DIRECTION('center_axis',(0.,0.,1.));
#2440=DIRECTION('ref_axis',(1.,0.,0.));
#2441=DIRECTION('',(1.,0.,0.));
#2442=DIRECTION('center_axis',(0.,0.,-1.));
#2443=DIRECTION('ref_axis',(0.,-1.,0.));
#2444=DIRECTION('center_axis',(0.,0.,1.));
#2445=DIRECTION('ref_axis',(1.,-1.833499278329E-9,0.));
#2446=DIRECTION('center_axis',(0.,-0.707106781186548,-0.707106781186548));
#2447=DIRECTION('ref_axis',(1.,0.,0.));
#2448=DIRECTION('',(0.577350269189626,0.577350269189626,-0.577350269189626));
#2449=DIRECTION('',(1.,6.806723415342E-14,0.));
#2450=DIRECTION('',(-1.,0.,0.));
#2451=DIRECTION('',(-1.,0.,0.));
#2452=DIRECTION('',(-1.,0.,-1.047638108921E-14));
#2453=DIRECTION('',(2.00971834711499E-13,-0.707106781186598,0.707106781186498));
#2454=DIRECTION('center_axis',(0.707106781186548,-0.707106781186548,0.));
#2455=DIRECTION('ref_axis',(0.,0.,-1.));
#2456=DIRECTION('',(0.707106781186598,0.707106781186498,0.));
#2457=DIRECTION('',(0.,0.,1.));
#2458=DIRECTION('center_axis',(0.,0.,-1.));
#2459=DIRECTION('ref_axis',(0.,-1.,0.));
#2460=DIRECTION('',(0.,1.,0.));
#2461=DIRECTION('center_axis',(-1.,0.,0.));
#2462=DIRECTION('ref_axis',(0.,0.,1.));
#2463=DIRECTION('',(7.1054273576E-14,-1.,0.));
#2464=DIRECTION('',(-1.136868377218E-12,-1.,0.));
#2465=DIRECTION('',(-5.959139287057E-14,-1.,-1.489784821764E-14));
#2466=DIRECTION('center_axis',(0.8,0.6,0.));
#2467=DIRECTION('ref_axis',(0.6,-0.8,0.));
#2468=DIRECTION('center_axis',(0.,0.,1.));
#2469=DIRECTION('ref_axis',(1.,0.,0.));
#2470=DIRECTION('center_axis',(0.,0.,-1.));
#2471=DIRECTION('ref_axis',(-0.6,0.8,0.));
#2472=DIRECTION('center_axis',(-0.84000000000001,-0.542586398650006,0.));
#2473=DIRECTION('ref_axis',(0.,0.,-1.));
#2474=DIRECTION('center_axis',(0.,0.,-1.));
#2475=DIRECTION('ref_axis',(-0.6,0.8,0.));
#2476=DIRECTION('center_axis',(0.,0.,1.));
#2477=DIRECTION('ref_axis',(1.,0.,0.));
#2478=DIRECTION('center_axis',(1.,0.,0.));
#2479=DIRECTION('ref_axis',(0.,-1.,0.));
#2480=DIRECTION('center_axis',(1.,0.,0.));
#2481=DIRECTION('ref_axis',(0.,0.,-1.));
#2482=DIRECTION('',(1.,0.,0.));
#2483=DIRECTION('center_axis',(-1.,0.,0.));
#2484=DIRECTION('ref_axis',(0.,-0.399999999999988,-0.916515138991173));
#2485=DIRECTION('center_axis',(0.84000000000001,-0.542586398650006,0.));
#2486=DIRECTION('ref_axis',(-0.542586398650006,-0.84000000000001,0.));
#2487=DIRECTION('center_axis',(0.,0.,1.));
#2488=DIRECTION('ref_axis',(1.,0.,0.));
#2489=DIRECTION('center_axis',(-1.,0.,0.));
#2490=DIRECTION('ref_axis',(0.,1.,0.));
#2491=DIRECTION('center_axis',(0.,0.,-1.));
#2492=DIRECTION('ref_axis',(0.542586398650006,0.84000000000001,0.));
#2493=DIRECTION('center_axis',(1.,0.,0.));
#2494=DIRECTION('ref_axis',(0.,0.,-1.));
#2495=DIRECTION('center_axis',(1.,0.,0.));
#2496=DIRECTION('ref_axis',(0.,0.,-1.));
#2497=DIRECTION('',(-1.,0.,0.));
#2498=DIRECTION('center_axis',(0.,0.,1.));
#2499=DIRECTION('ref_axis',(1.,0.,0.));
#2500=DIRECTION('center_axis',(0.920996744984239,-0.389570270591117,0.));
#2501=DIRECTION('ref_axis',(0.,0.,-1.));
#2502=DIRECTION('center_axis',(0.,0.,-1.));
#2503=DIRECTION('ref_axis',(0.,-1.,0.));
#2504=DIRECTION('center_axis',(-0.881449235328562,0.47227877947108,0.));
#2505=DIRECTION('ref_axis',(0.47227877947108,0.881449235328562,0.));
#2506=DIRECTION('center_axis',(0.,0.,-1.));
#2507=DIRECTION('ref_axis',(-0.389570270591201,-0.920996744984204,0.));
#2508=DIRECTION('center_axis',(0.,0.,1.));
#2509=DIRECTION('ref_axis',(1.,0.,0.));
#2510=DIRECTION('center_axis',(0.819511409588767,-0.573062867017077,0.));
#2511=DIRECTION('ref_axis',(0.,0.,-1.));
#2512=DIRECTION('center_axis',(0.,0.,-1.));
#2513=DIRECTION('ref_axis',(-0.47227877947108,-0.881449235328562,0.));
#2514=DIRECTION('center_axis',(0.,0.,-1.));
#2515=DIRECTION('ref_axis',(-0.47227877947108,-0.881449235328562,0.));
#2516=DIRECTION('center_axis',(0.,0.,1.));
#2517=DIRECTION('ref_axis',(-1.,-6.64949306387744E-10,0.));
#2518=DIRECTION('center_axis',(0.,0.,-1.));
#2519=DIRECTION('ref_axis',(0.,-1.,0.));
#2520=DIRECTION('',(2.28852385498E-9,-1.014113134858E-10,1.));
#2521=DIRECTION('',(-2.508874340168E-9,-9.327737701278E-11,-1.));
#2522=DIRECTION('center_axis',(0.,0.,-1.));
#2523=DIRECTION('ref_axis',(-1.,-8.92543433776081E-10,0.));
#2524=DIRECTION('',(4.37991986406598E-8,0.707106781186497,0.707106781186597));
#2525=DIRECTION('center_axis',(0.,0.,-1.));
#2526=DIRECTION('ref_axis',(0.,-1.,0.));
#2527=DIRECTION('',(4.02823925042198E-8,-0.707106781186597,0.707106781186497));
#2528=DIRECTION('center_axis',(0.,0.707106781186598,0.707106781186498));
#2529=DIRECTION('ref_axis',(0.,-0.707106781186498,0.707106781186598));
#2530=DIRECTION('',(1.,6.970902513809E-12,-6.971517406564E-12));
#2531=DIRECTION('',(1.,8.674770344189E-12,-8.674087130017E-12));
#2532=DIRECTION('',(-4.37993996124898E-8,-0.707106781186497,0.707106781186597));
#2533=DIRECTION('center_axis',(0.,1.,0.));
#2534=DIRECTION('ref_axis',(0.,0.,1.));
#2535=DIRECTION('',(2.488306427669E-9,9.251242145031E-11,-1.));
#2536=DIRECTION('center_axis',(0.,-1.,0.));
#2537=DIRECTION('ref_axis',(0.,0.,1.));
#2538=DIRECTION('center_axis',(0.,-1.,0.));
#2539=DIRECTION('ref_axis',(0.,0.,1.));
#2540=DIRECTION('center_axis',(0.,1.,0.));
#2541=DIRECTION('ref_axis',(0.,0.,1.));
#2542=DIRECTION('center_axis',(0.,-1.,0.));
#2543=DIRECTION('ref_axis',(0.,0.,1.));
#2544=DIRECTION('',(-8.65956056235493E-17,0.707106781186548,-0.707106781186547));
#2545=DIRECTION('center_axis',(0.,-1.,0.));
#2546=DIRECTION('ref_axis',(0.,0.,1.));
#2547=DIRECTION('center_axis',(0.,-1.,0.));
#2548=DIRECTION('ref_axis',(0.,0.,-1.));
#2549=DIRECTION('',(0.,-1.,0.));
#2550=DIRECTION('center_axis',(0.,1.,0.));
#2551=DIRECTION('ref_axis',(0.,0.,1.));
#2552=DIRECTION('center_axis',(0.,-1.,0.));
#2553=DIRECTION('ref_axis',(0.,0.,-1.));
#2554=DIRECTION('',(-8.65956056235493E-17,-0.707106781186548,0.707106781186547));
#2555=DIRECTION('center_axis',(0.,1.,0.));
#2556=DIRECTION('ref_axis',(0.,0.,1.));
#2557=DIRECTION('center_axis',(0.,-1.,0.));
#2558=DIRECTION('ref_axis',(0.,0.,-1.));
#2559=DIRECTION('',(-1.,-6.970697549558E-12,-6.970970835227E-12));
#2560=DIRECTION('',(2.307440399132E-9,-1.022495619422E-10,-1.));
#2561=DIRECTION('center_axis',(0.,1.,0.));
#2562=DIRECTION('ref_axis',(0.,0.,-1.));
#2563=DIRECTION('center_axis',(0.,-1.,0.));
#2564=DIRECTION('ref_axis',(0.,0.,-1.));
#2565=DIRECTION('center_axis',(0.,1.,0.));
#2566=DIRECTION('ref_axis',(0.,0.,-1.));
#2567=DIRECTION('',(-8.65956056235493E-17,-0.707106781186548,0.707106781186547));
#2568=DIRECTION('center_axis',(0.,-1.,0.));
#2569=DIRECTION('ref_axis',(0.,0.,-1.));
#2570=DIRECTION('center_axis',(0.,-1.,0.));
#2571=DIRECTION('ref_axis',(0.,0.,-1.));
#2572=DIRECTION('center_axis',(0.,-1.,0.));
#2573=DIRECTION('ref_axis',(0.,0.,-1.));
#2574=DIRECTION('',(0.,-1.,0.));
#2575=DIRECTION('center_axis',(0.,1.,0.));
#2576=DIRECTION('ref_axis',(0.,0.,1.));
#2577=DIRECTION('',(-8.65956056235493E-17,0.707106781186548,-0.707106781186547));
#2578=DIRECTION('center_axis',(0.,-0.707106781186598,0.707106781186498));
#2579=DIRECTION('ref_axis',(0.,0.707106781186498,0.707106781186598));
#2580=DIRECTION('',(-4.02823925042198E-8,0.707106781186597,0.707106781186497));
#2581=DIRECTION('',(-1.,-8.674838665606E-12,-8.674087130017E-12));
#2582=DIRECTION('center_axis',(0.,0.,1.));
#2583=DIRECTION('ref_axis',(1.,0.,0.));
#2584=DIRECTION('center_axis',(0.,0.,-1.));
#2585=DIRECTION('ref_axis',(0.,1.,0.));
#2586=DIRECTION('center_axis',(0.,0.,-1.));
#2587=DIRECTION('ref_axis',(0.,-1.,0.));
#2588=DIRECTION('',(1.,0.,0.));
#2589=DIRECTION('center_axis',(0.,0.,-1.));
#2590=DIRECTION('ref_axis',(-2.368475785867E-14,1.,0.));
#2591=DIRECTION('',(-1.,0.,0.));
#2592=DIRECTION('center_axis',(0.,0.,1.));
#2593=DIRECTION('ref_axis',(-1.,9.08334175687295E-9,0.));
#2594=DIRECTION('center_axis',(0.,0.,1.));
#2595=DIRECTION('ref_axis',(0.,1.,0.));
#2596=DIRECTION('',(-2.192375548096E-8,1.298708440688E-9,-1.));
#2597=DIRECTION('',(-6.336193781604E-9,-1.619746873684E-9,-1.));
#2598=DIRECTION('center_axis',(0.,0.,-1.));
#2599=DIRECTION('ref_axis',(-1.,1.21363767311942E-8,0.));
#2600=DIRECTION('center_axis',(0.,0.,1.));
#2601=DIRECTION('ref_axis',(0.,1.,0.));
#2602=DIRECTION('',(-4.82298236147098E-8,0.707106781186597,-0.707106781186497));
#2603=DIRECTION('',(-1.39388034698499E-8,-0.707106781186598,-0.707106781186497));
#2604=DIRECTION('center_axis',(0.,0.,1.));
#2605=DIRECTION('ref_axis',(1.,0.,0.));
#2606=DIRECTION('center_axis',(0.,0.,1.));
#2607=DIRECTION('ref_axis',(0.,-1.,0.));
#2608=DIRECTION('',(-1.,4.225631825992E-11,-4.225870950952E-11));
#2609=DIRECTION('',(1.,-4.225638658133E-11,-4.225870950952E-11));
#2610=DIRECTION('center_axis',(0.,0.,-1.));
#2611=DIRECTION('ref_axis',(1.,-1.21363761646403E-8,0.));
#2612=DIRECTION('',(4.82300245865398E-8,-0.707106781186597,-0.707106781186497));
#2613=DIRECTION('center_axis',(0.,0.,1.));
#2614=DIRECTION('ref_axis',(0.,-1.,0.));
#2615=DIRECTION('',(1.39392054135099E-8,0.707106781186497,-0.707106781186598));
#2616=DIRECTION('center_axis',(0.,0.707106781186598,0.707106781186498));
#2617=DIRECTION('ref_axis',(0.,0.707106781186498,-0.707106781186598));
#2618=DIRECTION('',(-1.,3.457343823472E-11,-3.457500962731E-11));
#2619=DIRECTION('center_axis',(0.,-1.,0.));
#2620=DIRECTION('ref_axis',(1.,0.,0.));
#2621=DIRECTION('',(6.336153179162E-9,1.619747508097E-9,-1.));
#2622=DIRECTION('center_axis',(0.,0.,1.));
#2623=DIRECTION('ref_axis',(1.,0.,0.));
#2624=DIRECTION('',(2.192371487852E-8,-1.298708440688E-9,-1.));
#2625=DIRECTION('center_axis',(0.,1.,0.));
#2626=DIRECTION('ref_axis',(-1.,0.,0.));
#2627=DIRECTION('',(1.,-3.457323327047E-11,-3.457500962731E-11));
#2628=DIRECTION('center_axis',(0.,-0.707106781186498,0.707106781186598));
#2629=DIRECTION('ref_axis',(0.,-0.707106781186598,-0.707106781186498));
#2630=DIRECTION('center_axis',(0.,0.,-1.));
#2631=DIRECTION('ref_axis',(1.,8.93330038231406E-10,0.));
#2632=DIRECTION('center_axis',(0.,0.,-1.));
#2633=DIRECTION('ref_axis',(0.,1.,0.));
#2634=DIRECTION('center_axis',(0.,0.,1.));
#2635=DIRECTION('ref_axis',(1.,0.,0.));
#2636=DIRECTION('center_axis',(0.,0.,1.));
#2637=DIRECTION('ref_axis',(1.,0.,0.));
#2638=DIRECTION('center_axis',(0.,0.,-1.));
#2639=DIRECTION('ref_axis',(0.707106781692241,0.707106780680854,0.));
#2640=DIRECTION('',(0.707106781015198,3.07273374608699E-9,-0.707106781357897));
#2641=DIRECTION('center_axis',(0.,0.,1.));
#2642=DIRECTION('ref_axis',(1.,0.,0.));
#2643=DIRECTION('',(6.69906115705098E-14,0.707106781186598,-0.707106781186498));
#2644=DIRECTION('center_axis',(0.,0.,-1.));
#2645=DIRECTION('ref_axis',(0.,-1.,0.));
#2646=DIRECTION('center_axis',(0.,0.,1.));
#2647=DIRECTION('ref_axis',(1.,0.,0.));
#2648=DIRECTION('',(0.,0.,-1.));
#2649=DIRECTION('center_axis',(0.,0.,1.));
#2650=DIRECTION('ref_axis',(-1.,-1.892921375202E-10,0.));
#2651=DIRECTION('center_axis',(0.,-1.,0.));
#2652=DIRECTION('ref_axis',(0.,0.,-1.));
#2653=DIRECTION('',(0.,0.,1.));
#2654=DIRECTION('',(1.,0.,0.));
#2655=DIRECTION('',(-1.,0.,0.));
#2656=DIRECTION('center_axis',(0.,0.,-1.));
#2657=DIRECTION('ref_axis',(-1.,0.,0.));
#2658=DIRECTION('',(0.,0.,-1.));
#2659=DIRECTION('center_axis',(0.,0.,-1.));
#2660=DIRECTION('ref_axis',(0.,1.,0.));
#2661=DIRECTION('center_axis',(0.,0.,1.));
#2662=DIRECTION('ref_axis',(1.,0.,0.));
#2663=DIRECTION('center_axis',(1.,0.,0.));
#2664=DIRECTION('ref_axis',(0.,1.,0.));
#2665=DIRECTION('',(0.,0.,1.));
#2666=DIRECTION('',(0.,-1.,0.));
#2667=DIRECTION('',(0.,1.,0.));
#2668=DIRECTION('',(1.894780628694E-14,0.,1.));
#2669=DIRECTION('center_axis',(0.,0.,-1.));
#2670=DIRECTION('ref_axis',(-1.,0.,0.));
#2671=DIRECTION('',(0.,0.,-1.));
#2672=DIRECTION('center_axis',(0.,0.,-1.));
#2673=DIRECTION('ref_axis',(1.,0.,0.));
#2674=DIRECTION('center_axis',(0.,-1.,0.));
#2675=DIRECTION('ref_axis',(0.,0.,-1.));
#2676=DIRECTION('',(0.,0.,1.));
#2677=DIRECTION('',(-1.,0.,0.));
#2678=DIRECTION('center_axis',(0.,0.,-1.));
#2679=DIRECTION('ref_axis',(-1.,0.,0.));
#2680=DIRECTION('center_axis',(0.,0.,-1.));
#2681=DIRECTION('ref_axis',(0.,-1.,0.));
#2682=DIRECTION('center_axis',(0.,0.,1.));
#2683=DIRECTION('ref_axis',(-1.,0.,0.));
#2684=DIRECTION('center_axis',(0.,0.,-1.));
#2685=DIRECTION('ref_axis',(-1.,0.,0.));
#2686=DIRECTION('center_axis',(0.,0.,1.));
#2687=DIRECTION('ref_axis',(1.,0.,0.));
#2688=DIRECTION('',(0.707106781186548,0.,-0.707106781186548));
#2689=DIRECTION('',(-6.69906115705098E-14,-0.707106781186598,0.707106781186498));
#2690=DIRECTION('center_axis',(-0.707106781186498,0.,-0.707106781186598));
#2691=DIRECTION('ref_axis',(0.,-1.,0.));
#2692=DIRECTION('center_axis',(0.,0.707106781186498,0.707106781186598));
#2693=DIRECTION('ref_axis',(1.,0.,0.));
#2694=DIRECTION('',(-6.69906115705098E-14,0.707106781186598,-0.707106781186498));
#2695=DIRECTION('center_axis',(0.,0.,1.));
#2696=DIRECTION('ref_axis',(1.,0.,0.));
#2697=DIRECTION('',(0.707106781186598,0.,0.707106781186498));
#2698=DIRECTION('center_axis',(-0.707106781186498,0.,0.707106781186598));
#2699=DIRECTION('ref_axis',(0.,-1.,0.));
#2700=DIRECTION('',(-0.707106781186548,0.,-0.707106781186548));
#2701=DIRECTION('center_axis',(0.,0.,1.));
#2702=DIRECTION('ref_axis',(1.,0.,0.));
#2703=DIRECTION('',(6.69906115705098E-14,0.707106781186598,0.707106781186498));
#2704=DIRECTION('center_axis',(0.,0.707106781186498,-0.707106781186598));
#2705=DIRECTION('ref_axis',(-1.,0.,0.));
#2706=DIRECTION('',(-6.69906115705098E-14,-0.707106781186598,-0.707106781186498));
#2707=DIRECTION('center_axis',(0.,0.,-1.));
#2708=DIRECTION('ref_axis',(-1.,0.,0.));
#2709=DIRECTION('center_axis',(0.707106781186498,-0.707106781186598,0.));
#2710=DIRECTION('ref_axis',(0.,0.,-1.));
#2711=DIRECTION('',(0.707106781186498,0.707106781186598,0.));
#2712=DIRECTION('center_axis',(0.577350269189626,-0.577350269189626,0.577350269189626));
#2713=DIRECTION('ref_axis',(3.31679128606765E-14,-0.707106781186531,-0.707106781186564));
#2714=DIRECTION('',(-0.707106781186498,0.,0.707106781186598));
#2715=DIRECTION('center_axis',(-0.707106781186548,0.,-0.707106781186548));
#2716=DIRECTION('ref_axis',(0.,1.,0.));
#2717=DIRECTION('',(0.707106781186548,0.,-0.707106781186548));
#2718=DIRECTION('center_axis',(0.,0.,-1.));
#2719=DIRECTION('ref_axis',(-1.,0.,0.));
#2720=DIRECTION('',(-6.69906115705098E-14,-0.707106781186598,0.707106781186498));
#2721=DIRECTION('center_axis',(0.,0.707106781186548,0.707106781186548));
#2722=DIRECTION('ref_axis',(-1.,0.,0.));
#2723=DIRECTION('center_axis',(0.,0.,-1.));
#2724=DIRECTION('ref_axis',(-1.,0.,0.));
#2725=DIRECTION('',(0.707106781186547,-8.65956056235493E-17,-0.707106781186548));
#2726=DIRECTION('center_axis',(0.,0.,-1.));
#2727=DIRECTION('ref_axis',(-1.,0.,0.));
#2728=DIRECTION('',(0.707106781186547,-8.65956056235493E-17,-0.707106781186548));
#2729=DIRECTION('center_axis',(0.,0.,1.));
#2730=DIRECTION('ref_axis',(1.,0.,0.));
#2731=DIRECTION('center_axis',(0.,0.,-1.));
#2732=DIRECTION('ref_axis',(-1.027214715404E-9,-1.,0.));
#2733=DIRECTION('',(-0.707106781186547,-8.65956056235493E-17,0.707106781186548));
#2734=DIRECTION('center_axis',(0.,0.,-1.));
#2735=DIRECTION('ref_axis',(-1.027214715404E-9,-1.,0.));
#2736=DIRECTION('center_axis',(0.,0.,1.));
#2737=DIRECTION('ref_axis',(0.,1.,0.));
#2738=DIRECTION('center_axis',(0.,0.,1.));
#2739=DIRECTION('ref_axis',(0.,1.,0.));
#2740=DIRECTION('',(0.,0.,1.));
#2741=DIRECTION('center_axis',(0.,0.,1.));
#2742=DIRECTION('ref_axis',(1.,0.,0.));
#2743=DIRECTION('center_axis',(0.,0.,-1.));
#2744=DIRECTION('ref_axis',(1.,0.,0.));
#2745=DIRECTION('center_axis',(0.,0.,1.));
#2746=DIRECTION('ref_axis',(1.,0.,0.));
#2747=DIRECTION('center_axis',(0.,0.,-1.));
#2748=DIRECTION('ref_axis',(1.,0.,0.));
#2749=DIRECTION('',(-0.707106781186547,-8.65956056235493E-17,0.707106781186548));
#2750=DIRECTION('center_axis',(0.,0.,1.));
#2751=DIRECTION('ref_axis',(1.,0.,0.));
#2752=DIRECTION('center_axis',(0.,0.,1.));
#2753=DIRECTION('ref_axis',(1.,0.,0.));
#2754=DIRECTION('center_axis',(0.,0.,1.));
#2755=DIRECTION('ref_axis',(1.,0.,0.));
#2756=DIRECTION('',(0.,0.,1.));
#2757=DIRECTION('center_axis',(0.,0.,-1.));
#2758=DIRECTION('ref_axis',(-1.,0.,0.));
#2759=DIRECTION('',(0.707106781186547,-8.65956056235493E-17,-0.707106781186548));
#2760=DIRECTION('center_axis',(0.,0.,1.));
#2761=DIRECTION('ref_axis',(1.,0.,0.));
#2762=DIRECTION('',(-6.69906115705098E-14,0.707106781186598,0.707106781186498));
#2763=DIRECTION('',(2.00971834711499E-13,0.707106781186598,-0.707106781186498));
#2764=DIRECTION('center_axis',(0.,0.,-1.));
#2765=DIRECTION('ref_axis',(1.,0.,0.));
#2766=DIRECTION('center_axis',(0.,-0.707106781186498,0.707106781186598));
#2767=DIRECTION('ref_axis',(-1.,0.,0.));
#2768=DIRECTION('',(0.,-0.707106781186598,-0.707106781186498));
#2769=DIRECTION('',(-1.,0.,0.));
#2770=DIRECTION('center_axis',(0.,0.,1.));
#2771=DIRECTION('ref_axis',(-1.,-1.22464679914735E-16,0.));
#2772=DIRECTION('',(0.,-0.707106781186598,0.707106781186498));
#2773=DIRECTION('center_axis',(0.,0.,-1.));
#2774=DIRECTION('ref_axis',(-5.413658939125E-14,-1.,0.));
#2775=DIRECTION('center_axis',(0.,0.707106781186498,0.707106781186598));
#2776=DIRECTION('ref_axis',(-1.,0.,0.));
#2777=DIRECTION('',(1.,0.,0.));
#2778=DIRECTION('center_axis',(0.,0.,-1.));
#2779=DIRECTION('ref_axis',(0.,-1.,0.));
#2780=DIRECTION('center_axis',(0.,0.,-1.));
#2781=DIRECTION('ref_axis',(1.,0.,0.));
#2782=DIRECTION('center_axis',(0.,0.,-1.));
#2783=DIRECTION('ref_axis',(-1.,0.,0.));
#2784=DIRECTION('',(0.,0.,-1.));
#2785=DIRECTION('center_axis',(0.,0.,-1.));
#2786=DIRECTION('ref_axis',(0.,-1.,0.));
#2787=CARTESIAN_POINT('',(0.,0.,0.));
#2788=CARTESIAN_POINT('Origin',(214.4520657839,-6.5,24.6479367597));
#2789=CARTESIAN_POINT('',(212.9520657839,-6.5,24.6479367597));
#2790=CARTESIAN_POINT('Origin',(214.4520657839,-6.5,24.6479367597));
#2791=CARTESIAN_POINT('',(212.9520657839,-6.5,29.6479367597));
#2792=CARTESIAN_POINT('',(212.9520657839,-6.5,24.6479367597));
#2793=CARTESIAN_POINT('Origin',(214.4520657839,-6.5,29.6479367597));
#2794=CARTESIAN_POINT('Origin',(214.4520657839,-6.5,29.6479367597));
#2795=CARTESIAN_POINT('',(213.6520657839,-6.5,29.6479367597));
#2796=CARTESIAN_POINT('Origin',(214.4520657839,-6.5,29.6479367597));
#2797=CARTESIAN_POINT('Origin',(218.4520657839,-11.5,33.8479367597));
#2798=CARTESIAN_POINT('',(217.1520657839,-11.5,34.8479367597));
#2799=CARTESIAN_POINT('Origin',(218.4520657839,-11.5,34.8479367597));
#2800=CARTESIAN_POINT('',(217.1520657839,-11.5,33.2479367597));
#2801=CARTESIAN_POINT('',(217.1520657839,-11.5,33.8479367597));
#2802=CARTESIAN_POINT('',(219.7520657839,-11.5,33.2479367597));
#2803=CARTESIAN_POINT('Origin',(218.4520657839,-11.5,33.2479367597));
#2804=CARTESIAN_POINT('Origin',(218.4520657839,-11.5,33.2479367597));
#2805=CARTESIAN_POINT('Origin',(0.,0.,34.8479367597));
#2806=CARTESIAN_POINT('',(220.4520657839,-11.5,34.8479367597));
#2807=CARTESIAN_POINT('Origin',(218.4520657839,-11.5,34.8479367597));
#2808=CARTESIAN_POINT('Origin',(218.4520657839,-11.5,33.8479367597));
#2809=CARTESIAN_POINT('',(220.4520657839,-11.5,37.8479367597));
#2810=CARTESIAN_POINT('',(220.4520657839,-11.5,33.8479367597));
#2811=CARTESIAN_POINT('Origin',(218.4520657839,-11.5,37.8479367597));
#2812=CARTESIAN_POINT('Origin',(210.4520657839,-11.5,33.8479367597));
#2813=CARTESIAN_POINT('',(209.1520657839,-11.5,34.8479367597));
#2814=CARTESIAN_POINT('Origin',(210.4520657839,-11.5,34.8479367597));
#2815=CARTESIAN_POINT('',(209.1520657839,-11.5,33.2479367597));
#2816=CARTESIAN_POINT('',(209.1520657839,-11.5,33.8479367597));
#2817=CARTESIAN_POINT('',(211.7520657839,-11.5,33.2479367597));
#2818=CARTESIAN_POINT('Origin',(210.4520657839,-11.5,33.2479367597));
#2819=CARTESIAN_POINT('Origin',(210.4520657839,-11.5,33.2479367597));
#2820=CARTESIAN_POINT('Origin',(0.,0.,34.8479367597));
#2821=CARTESIAN_POINT('',(212.4520657839,-11.5,34.8479367597));
#2822=CARTESIAN_POINT('Origin',(210.4520657839,-11.5,34.8479367597));
#2823=CARTESIAN_POINT('Origin',(210.4520657839,-11.5,33.8479367597));
#2824=CARTESIAN_POINT('',(212.4520657839,-11.5,37.8479367597));
#2825=CARTESIAN_POINT('',(212.4520657839,-11.5,33.8479367597));
#2826=CARTESIAN_POINT('Origin',(210.4520657839,-11.5,37.8479367597));
#2827=CARTESIAN_POINT('Origin',(203.5020657839,-15.2,37.8479367597));
#2828=CARTESIAN_POINT('',(203.5020657839,-15.2,37.8479367597));
#2829=CARTESIAN_POINT('',(203.2020657839,-15.2,37.5479367597));
#2830=CARTESIAN_POINT('',(203.5020657839,-15.2,37.8479367597));
#2831=CARTESIAN_POINT('',(203.5020657839,-15.5,37.5479367597));
#2832=CARTESIAN_POINT('',(203.2020657839,-15.2,37.5479367597));
#2833=CARTESIAN_POINT('',(203.5020657839,-15.5,37.5479367597));
#2834=CARTESIAN_POINT('Origin',(203.5020657839,1.50012,37.8479367597));
#2835=CARTESIAN_POINT('',(203.2020657839,-11.72842712475,37.5479367597));
#2836=CARTESIAN_POINT('',(203.5020657839,-11.72842712475,37.8479367597));
#2837=CARTESIAN_POINT('',(203.2020657839,-11.72842712475,37.5479367597));
#2838=CARTESIAN_POINT('',(203.2020657839,-11.72842712475,37.5479367597));
#2839=CARTESIAN_POINT('',(203.5020657839,-15.2,37.8479367597));
#2840=CARTESIAN_POINT('Origin',(200.2020657839,-11.72842712475,37.6979367597));
#2841=CARTESIAN_POINT('',(201.4951299144,-9.021401976272,37.5479367597));
#2842=CARTESIAN_POINT('',(201.3020657839,-8.617157287525,37.8479367597));
#2843=CARTESIAN_POINT('Ctrl Pts',(201.495129914382,-9.02140197627961,37.5479367596983));
#2844=CARTESIAN_POINT('Ctrl Pts',(201.403194614147,-8.8289045054341,37.6820091782109));
#2845=CARTESIAN_POINT('Ctrl Pts',(201.302065783889,-8.61715728750257,37.8479367597214));
#2846=CARTESIAN_POINT('Origin',(200.2020657839,-11.72842712475,37.5479367597));
#2847=CARTESIAN_POINT('',(201.7281401074,-8.802491862461,37.8479367597));
#2848=CARTESIAN_POINT('Origin',(200.2020657839,-11.72842712475,37.8479367597));
#2849=CARTESIAN_POINT('',(201.5213688352,-8.703623088321,37.8479367597));
#2850=CARTESIAN_POINT('Origin',(200.2020657839,-11.72842712475,37.8479367597));
#2851=CARTESIAN_POINT('Origin',(200.2020657839,-11.72842712475,37.8479367597));
#2852=CARTESIAN_POINT('Origin',(201.2020657839,-8.40777365539,40.0479367597));
#2853=CARTESIAN_POINT('',(201.4371492714,-8.9,29.6479367597));
#2854=CARTESIAN_POINT('',(201.4371492714,-8.9,33.26160702667));
#2855=CARTESIAN_POINT('',(201.4371492714,-8.9,29.6479367597));
#2856=CARTESIAN_POINT('',(201.4951299144,-9.021401976272,33.3479367597));
#2857=CARTESIAN_POINT('Ctrl Pts',(201.495129914384,-9.02140197628407,33.3479367596935));
#2858=CARTESIAN_POINT('Ctrl Pts',(201.488704603692,-9.00794842738118,33.3385665075552));
#2859=CARTESIAN_POINT('Ctrl Pts',(201.482273973719,-8.99448374077502,33.3291209986658));
#2860=CARTESIAN_POINT('Ctrl Pts',(201.475837544653,-8.98100691181685,33.3196016332822));
#2861=CARTESIAN_POINT('Ctrl Pts',(201.469401115587,-8.96753008285868,33.3100822678985));
#2862=CARTESIAN_POINT('Ctrl Pts',(201.462958890983,-8.9540411189913,33.300489042341));
#2863=CARTESIAN_POINT('Ctrl Pts',(201.456510918336,-8.94054011966468,33.2908228975063));
#2864=CARTESIAN_POINT('Ctrl Pts',(201.450062945689,-8.92703912033807,33.2811567526716));
#2865=CARTESIAN_POINT('Ctrl Pts',(201.443609221478,-8.9135260781759,33.2714176921642));
#2866=CARTESIAN_POINT('Ctrl Pts',(201.437149271376,-8.90000000001914,33.2616070266593));
#2867=CARTESIAN_POINT('',(201.4951299144,-9.021401976272,37.5479367597));
#2868=CARTESIAN_POINT('',(201.2694086164,-8.548778523972,37.8479367597));
#2869=CARTESIAN_POINT('',(201.2694086164,-8.548778523972,37.8479367597));
#2870=CARTESIAN_POINT('',(201.20206578449,-8.40777278947693,37.8479367597505));
#2871=CARTESIAN_POINT('',(201.2020657839,-8.407772788069,37.8479367597));
#2872=CARTESIAN_POINT('',(201.2020657839,-8.40777365539,29.6479367597));
#2873=CARTESIAN_POINT('',(201.2020657839,-8.407772788069,37.8479367597));
#2874=CARTESIAN_POINT('',(201.4371492714,-8.9,29.6479367597));
#2875=CARTESIAN_POINT('Origin',(200.2020657839,-8.9,40.0479367597));
#2876=CARTESIAN_POINT('',(211.6020657839,-8.9,24.9479367597));
#2877=CARTESIAN_POINT('',(211.6020657839,-8.9,29.6479367597));
#2878=CARTESIAN_POINT('',(211.6020657839,-8.9,24.9479367597));
#2879=CARTESIAN_POINT('',(217.3020657839,-8.9,24.9479367597));
#2880=CARTESIAN_POINT('',(217.3020657839,-8.9,24.9479367597));
#2881=CARTESIAN_POINT('',(217.3020657839,-8.9,33.0479367597));
#2882=CARTESIAN_POINT('',(217.3020657839,-8.9,33.0479367597));
#2883=CARTESIAN_POINT('',(201.9020657839,-8.9,33.0479367597));
#2884=CARTESIAN_POINT('',(201.9020657839,-8.9,33.0479367597));
#2885=CARTESIAN_POINT('Ctrl Pts',(201.437149271392,-8.9,33.261607026652));
#2886=CARTESIAN_POINT('Ctrl Pts',(201.661830068644,-8.90000000000001,33.1716945524044));
#2887=CARTESIAN_POINT('Ctrl Pts',(201.902065783899,-8.90000000000001,33.0479367596974));
#2888=CARTESIAN_POINT('',(211.6020657839,-8.9,29.6479367597));
#2889=CARTESIAN_POINT('Origin',(211.6020657839,-6.5,24.6479367597));
#2890=CARTESIAN_POINT('',(211.6020657839,-4.1,29.6479367597));
#2891=CARTESIAN_POINT('',(211.6020657839,-4.1,24.9479367597));
#2892=CARTESIAN_POINT('',(211.6020657839,-4.1,29.6479367597));
#2893=CARTESIAN_POINT('Origin',(211.6020657839,-6.5,24.9479367597));
#2894=CARTESIAN_POINT('Origin',(211.6020657839,-6.5,29.6479367597));
#2895=CARTESIAN_POINT('Origin',(209.2020657839,-4.1,40.0479367597));
#2896=CARTESIAN_POINT('',(217.3020657839,-4.1,24.9479367597));
#2897=CARTESIAN_POINT('',(217.3020657839,-4.1,37.5479367597));
#2898=CARTESIAN_POINT('',(217.3020657839,-4.1,24.9479367597));
#2899=CARTESIAN_POINT('',(211.6020657839,-4.1,24.9479367597));
#2900=CARTESIAN_POINT('',(201.5020657839,-4.1,29.6479367597));
#2901=CARTESIAN_POINT('',(201.5020657839,-4.1,29.6479367597));
#2902=CARTESIAN_POINT('',(201.5020657839,-4.1,37.5479367597));
#2903=CARTESIAN_POINT('',(201.5020657839,-4.1,37.5479367597));
#2904=CARTESIAN_POINT('',(217.3020657839,-4.1,37.5479367597));
#2905=CARTESIAN_POINT('Origin',(217.3020657839,-6.5,24.6479367597));
#2906=CARTESIAN_POINT('Origin',(217.3020657839,-6.5,24.9479367597));
#2907=CARTESIAN_POINT('',(219.7020657839,-6.500000000008,37.5479367597));
#2908=CARTESIAN_POINT('Origin',(217.3020657839,-6.5,37.5479367597));
#2909=CARTESIAN_POINT('',(219.7020657839,-6.499999999811,33.3479367597));
#2910=CARTESIAN_POINT('',(219.7020657839,-6.500000000008,37.5479367597));
#2911=CARTESIAN_POINT('',(219.527065784,-7.399652710538,33.0479367597));
#2912=CARTESIAN_POINT('Ctrl Pts',(219.527065783995,-7.39965271053674,33.047936759701));
#2913=CARTESIAN_POINT('Ctrl Pts',(219.564347721749,-7.30744789579665,33.1089435669502));
#2914=CARTESIAN_POINT('Ctrl Pts',(219.597714190163,-7.20820640433025,33.16530122905));
#2915=CARTESIAN_POINT('Ctrl Pts',(219.674582369131,-6.91268470198251,33.297662094359));
#2916=CARTESIAN_POINT('Ctrl Pts',(219.702065783921,-6.70346193017089,33.3479367597));
#2917=CARTESIAN_POINT('Ctrl Pts',(219.7020657839,-6.49999999974756,33.3479367597));
#2918=CARTESIAN_POINT('Origin',(217.3020657839,-6.5,33.0479367597));
#2919=CARTESIAN_POINT('Origin',(206.3519457839,-5.09988,33.0479367597));
#2920=CARTESIAN_POINT('',(222.7020657839,-9.799999999432,33.0479367597));
#2921=CARTESIAN_POINT('Origin',(222.7020657839,-6.499999999432,33.0479367597));
#2922=CARTESIAN_POINT('',(224.7020657839,-9.799999999432,33.0479367597));
#2923=CARTESIAN_POINT('',(224.7020657839,-9.799999999432,33.0479367597));
#2924=CARTESIAN_POINT('',(225.4020657839,-10.49999999943,33.0479367597));
#2925=CARTESIAN_POINT('Origin',(224.7020657839,-10.49999999943,33.0479367597));
#2926=CARTESIAN_POINT('',(225.4020657839,-25.,33.0479367597));
#2927=CARTESIAN_POINT('',(225.4020657839,-25.,33.0479367597));
#2928=CARTESIAN_POINT('',(224.7020657839,-25.7,33.0479367597));
#2929=CARTESIAN_POINT('Origin',(224.7020657839,-25.,33.0479367597));
#2930=CARTESIAN_POINT('',(204.2020657839,-25.7,33.0479367597));
#2931=CARTESIAN_POINT('',(204.2020657839,-25.7,33.0479367597));
#2932=CARTESIAN_POINT('',(203.5020657839,-25.,33.0479367597));
#2933=CARTESIAN_POINT('Origin',(204.2020657839,-25.,33.0479367597));
#2934=CARTESIAN_POINT('',(203.5020657839,-11.72842712475,33.0479367597));
#2935=CARTESIAN_POINT('',(203.5020657839,-11.72842712475,33.0479367597));
#2936=CARTESIAN_POINT('Origin',(200.2020657839,-11.72842712475,33.0479367597));
#2937=CARTESIAN_POINT('',(211.9520657839,-11.5,33.0479367597));
#2938=CARTESIAN_POINT('Origin',(210.4520657839,-11.5,33.0479367597));
#2939=CARTESIAN_POINT('',(219.9520657839,-11.5,33.0479367597));
#2940=CARTESIAN_POINT('Origin',(218.4520657839,-11.5,33.0479367597));
#2941=CARTESIAN_POINT('',(211.9520657839,-23.5,33.0479367597));
#2942=CARTESIAN_POINT('Origin',(210.4520657839,-23.5,33.0479367597));
#2943=CARTESIAN_POINT('',(218.4520657839,-22.,33.0479367597));
#2944=CARTESIAN_POINT('Origin',(218.4520657839,-23.5,33.0479367597));
#2945=CARTESIAN_POINT('Origin',(200.2020657839,-11.72842712475,33.1979367597));
#2946=CARTESIAN_POINT('',(203.2020657839,-11.72842712475,33.3479367597));
#2947=CARTESIAN_POINT('',(203.5020657839,-11.72842712475,33.0479367597));
#2948=CARTESIAN_POINT('Origin',(200.2020657839,-11.72842712475,33.3479367597));
#2949=CARTESIAN_POINT('Origin',(200.2020657839,-11.72842712475,40.0479367597));
#2950=CARTESIAN_POINT('',(203.2020657839,-11.72842712475,33.3479367597));
#2951=CARTESIAN_POINT('Origin',(203.2020657839,-26.,35.0479367597));
#2952=CARTESIAN_POINT('',(203.2020657839,-25.,33.3479367597));
#2953=CARTESIAN_POINT('',(203.2020657839,-25.,33.3479367597));
#2954=CARTESIAN_POINT('',(203.2020657839,-25.,34.7479367597));
#2955=CARTESIAN_POINT('',(203.2020657839,-25.,34.7479367597));
#2956=CARTESIAN_POINT('',(203.2020657839,-16.5,34.7479367597));
#2957=CARTESIAN_POINT('',(203.2020657839,-16.5,34.7479367597));
#2958=CARTESIAN_POINT('',(203.2020657839,-15.2,36.0479367597));
#2959=CARTESIAN_POINT('Origin',(203.2020657839,-16.5,36.0479367597));
#2960=CARTESIAN_POINT('',(203.2020657839,-15.2,37.5479367597));
#2961=CARTESIAN_POINT('Origin',(203.2020657839,-15.2,35.0479367597));
#2962=CARTESIAN_POINT('',(203.5020657839,-15.5,36.0479367597));
#2963=CARTESIAN_POINT('',(203.5020657839,-15.5,36.0479367597));
#2964=CARTESIAN_POINT('',(203.5020657839,-15.5,36.0479367597));
#2965=CARTESIAN_POINT('Origin',(203.3520657839,-16.5,36.0479367597));
#2966=CARTESIAN_POINT('',(203.5020657839,-16.5,35.0479367597));
#2967=CARTESIAN_POINT('',(203.2020657839,-16.5,34.7479367597));
#2968=CARTESIAN_POINT('Origin',(203.5020657839,-16.5,36.0479367597));
#2969=CARTESIAN_POINT('Origin',(203.5020657839,0.,35.0479367597));
#2970=CARTESIAN_POINT('',(203.5020657839,-25.,35.0479367597));
#2971=CARTESIAN_POINT('',(203.5020657839,-25.,35.0479367597));
#2972=CARTESIAN_POINT('',(203.5020657839,-25.,35.0479367597));
#2973=CARTESIAN_POINT('Origin',(0.,0.,35.0479367597));
#2974=CARTESIAN_POINT('',(217.4928994792,-25.7,35.0479367597));
#2975=CARTESIAN_POINT('',(211.4112320886,-25.7,35.0479367597));
#2976=CARTESIAN_POINT('',(217.4928994792,-25.7,35.0479367597));
#2977=CARTESIAN_POINT('',(216.052065783893,-23.5,35.0479367597071));
#2978=CARTESIAN_POINT('Origin',(218.4520657839,-23.5,35.0479367597));
#2979=CARTESIAN_POINT('',(219.4112320886,-25.7,35.0479367597));
#2980=CARTESIAN_POINT('Origin',(218.4520657839,-23.5,35.0479367597));
#2981=CARTESIAN_POINT('',(224.7020657839,-25.7,35.0479367597));
#2982=CARTESIAN_POINT('',(224.7020657839,-25.7,35.0479367597));
#2983=CARTESIAN_POINT('',(225.4020657839,-25.,35.0479367597));
#2984=CARTESIAN_POINT('Origin',(224.7020657839,-25.,35.0479367597));
#2985=CARTESIAN_POINT('',(225.4020657839,-16.5,35.0479367597));
#2986=CARTESIAN_POINT('',(225.4020657839,-16.5,35.0479367597));
#2987=CARTESIAN_POINT('',(203.5020657839,-16.5,35.0479367597));
#2988=CARTESIAN_POINT('',(204.2020657839,-25.7,35.0479367597));
#2989=CARTESIAN_POINT('Origin',(204.2020657839,-25.,35.0479367597));
#2990=CARTESIAN_POINT('',(209.4928994792,-25.7,35.0479367597));
#2991=CARTESIAN_POINT('',(209.4928994792,-25.7,35.0479367597));
#2992=CARTESIAN_POINT('',(208.052065783893,-23.5,35.0479367597071));
#2993=CARTESIAN_POINT('Origin',(210.4520657839,-23.5,35.0479367597));
#2994=CARTESIAN_POINT('Origin',(210.4520657839,-23.5,35.0479367597));
#2995=CARTESIAN_POINT('Origin',(206.3519457839,-26.,34.7479367597));
#2996=CARTESIAN_POINT('Ctrl Pts',(219.411232088597,-25.6999999999928,35.0479367597071));
#2997=CARTESIAN_POINT('Ctrl Pts',(218.4520657839,-25.9000000000072,34.8479367596928));
#2998=CARTESIAN_POINT('Ctrl Pts',(217.492899479203,-25.6999999999928,35.0479367597071));
#2999=CARTESIAN_POINT('Ctrl Pts',(211.411232088597,-25.6999999999928,35.0479367597071));
#3000=CARTESIAN_POINT('Ctrl Pts',(210.4520657839,-25.9000000000072,34.8479367596928));
#3001=CARTESIAN_POINT('Ctrl Pts',(209.492899479203,-25.6999999999928,35.0479367597071));
#3002=CARTESIAN_POINT('',(204.2020657839,-26.,34.7479367597));
#3003=CARTESIAN_POINT('',(204.2020657839,-26.,34.7479367597));
#3004=CARTESIAN_POINT('',(224.7020657839,-26.,34.7479367597));
#3005=CARTESIAN_POINT('',(204.2020657839,-26.,34.7479367597));
#3006=CARTESIAN_POINT('',(224.7020657839,-25.7,35.0479367597));
#3007=CARTESIAN_POINT('Origin',(218.4520657839,-23.5,34.8979367597));
#3008=CARTESIAN_POINT('',(218.4520657839,-25.6,34.7479367597));
#3009=CARTESIAN_POINT('',(216.3520657839,-23.5,34.7479367597));
#3010=CARTESIAN_POINT('Origin',(218.4520657839,-23.5,34.7479367597));
#3011=CARTESIAN_POINT('',(216.2020657839,-23.5,34.8979367597));
#3012=CARTESIAN_POINT('Origin',(218.4520657839,-23.5,34.7479367597));
#3013=CARTESIAN_POINT('Origin',(218.4520657839,-23.5,35.0479367597));
#3014=CARTESIAN_POINT('',(218.4520657839,-25.6,34.1479367597));
#3015=CARTESIAN_POINT('Origin',(218.4520657839,-23.5,34.1479367597));
#3016=CARTESIAN_POINT('',(218.4520657839,-25.6,35.0479367597));
#3017=CARTESIAN_POINT('Origin',(0.,0.,34.1479367597));
#3018=CARTESIAN_POINT('',(218.4520657839,-22.,34.1479367597));
#3019=CARTESIAN_POINT('Origin',(218.4520657839,-23.5,34.1479367597));
#3020=CARTESIAN_POINT('Origin',(218.4520657839,-23.5,33.9979367597));
#3021=CARTESIAN_POINT('',(217.2520657839,-23.5,33.8479367597));
#3022=CARTESIAN_POINT('',(218.4520657839,-22.2999999999995,33.8479367597005));
#3023=CARTESIAN_POINT('Origin',(218.4520657839,-23.5,33.8479367597));
#3024=CARTESIAN_POINT('',(218.4520657839,-22.15,33.9979367597));
#3025=CARTESIAN_POINT('Origin',(218.4520657839,-23.5,33.8479367597));
#3026=CARTESIAN_POINT('Origin',(218.4520657839,-23.5,33.5229367597));
#3027=CARTESIAN_POINT('',(218.4520657839,-22.2999999999995,33.3479367596995));
#3028=CARTESIAN_POINT('',(217.2520657839,-23.5,33.3479367597));
#3029=CARTESIAN_POINT('Origin',(218.4520657839,-23.5,33.3479367597));
#3030=CARTESIAN_POINT('Origin',(218.4520657839,-23.5,33.3479367597));
#3031=CARTESIAN_POINT('',(217.2520657839,-23.5,33.5229367597));
#3032=CARTESIAN_POINT('Origin',(218.4520657839,-23.5,33.1979367597));
#3033=CARTESIAN_POINT('',(218.4520657839,-22.15,33.1979367597));
#3034=CARTESIAN_POINT('Origin',(224.7020657839,-25.,34.8979367597));
#3035=CARTESIAN_POINT('',(225.7020657839,-25.,34.7479367597));
#3036=CARTESIAN_POINT('Origin',(224.7020657839,-25.,34.7479367597));
#3037=CARTESIAN_POINT('',(225.7020657839,-25.,34.7479367597));
#3038=CARTESIAN_POINT('Origin',(225.7020657839,-5.09988,34.7479367597));
#3039=CARTESIAN_POINT('',(225.7020657839,-16.5,34.7479367597));
#3040=CARTESIAN_POINT('',(225.7020657839,-25.,34.7479367597));
#3041=CARTESIAN_POINT('',(225.4020657839,-16.5,35.0479367597));
#3042=CARTESIAN_POINT('Origin',(225.5520657839,-16.5,36.0479367597));
#3043=CARTESIAN_POINT('',(225.7020657839,-15.2,36.0479367597));
#3044=CARTESIAN_POINT('Origin',(225.7020657839,-16.5,36.0479367597));
#3045=CARTESIAN_POINT('',(225.4020657839,-15.5,36.0479367597));
#3046=CARTESIAN_POINT('',(225.7020657839,-15.2,36.0479367597));
#3047=CARTESIAN_POINT('Origin',(225.4020657839,-16.5,36.0479367597));
#3048=CARTESIAN_POINT('Origin',(0.,-16.5,36.0479367597));
#3049=CARTESIAN_POINT('',(225.4020657839,-15.5,36.0479367597));
#3050=CARTESIAN_POINT('Origin',(203.2020657839,-15.5,35.0479367597));
#3051=CARTESIAN_POINT('',(225.4020657839,-15.5,37.5479367597));
#3052=CARTESIAN_POINT('',(225.4020657839,-15.5,37.5479367597));
#3053=CARTESIAN_POINT('',(203.5020657839,-15.5,37.5479367597));
#3054=CARTESIAN_POINT('Origin',(203.2020657839,-15.5,37.5479367597));
#3055=CARTESIAN_POINT('',(225.4020657839,-15.2,37.8479367597));
#3056=CARTESIAN_POINT('',(225.4020657839,-15.5,37.5479367597));
#3057=CARTESIAN_POINT('',(225.4020657839,-15.2,37.8479367597));
#3058=CARTESIAN_POINT('Origin',(206.3519457839,1.50012,37.8479367597));
#3059=CARTESIAN_POINT('',(217.0585317805,-4.4,37.8479367597));
#3060=CARTESIAN_POINT('',(217.3020657839,-4.4,37.8479367597));
#3061=CARTESIAN_POINT('',(217.0585317805,-4.4,37.8479367597));
#3062=CARTESIAN_POINT('',(215.7020657839,-9.,37.8479367597));
#3063=CARTESIAN_POINT('Origin',(215.7020657839,-6.5,37.8479367597));
#3064=CARTESIAN_POINT('',(202.7020657839,-9.,37.8479367597));
#3065=CARTESIAN_POINT('',(202.7020657839,-9.,37.8479367597));
#3066=CARTESIAN_POINT('Origin',(202.7020657839,-6.5,37.8479367597));
#3067=CARTESIAN_POINT('',(225.4020657839,-10.49999999943,37.8479367597));
#3068=CARTESIAN_POINT('',(225.4020657839,-10.49999999943,37.8479367597));
#3069=CARTESIAN_POINT('',(224.7020657839,-9.799999999432,37.8479367597));
#3070=CARTESIAN_POINT('Origin',(224.7020657839,-10.49999999943,37.8479367597));
#3071=CARTESIAN_POINT('',(222.7020657839,-9.799999999432,37.8479367597));
#3072=CARTESIAN_POINT('',(222.7020657839,-9.799999999432,37.8479367597));
#3073=CARTESIAN_POINT('',(219.402065783917,-6.50000000243945,37.8479367597166));
#3074=CARTESIAN_POINT('Origin',(222.7020657839,-6.499999999432,37.8479367597));
#3075=CARTESIAN_POINT('Origin',(217.3020657839,-6.5,37.8479367597));
#3076=CARTESIAN_POINT('Origin',(209.2020657839,-4.1,37.5479367597));
#3077=CARTESIAN_POINT('',(201.2020657839,-4.4,37.8479367597));
#3078=CARTESIAN_POINT('',(201.2020657839,-4.4,37.8479367597));
#3079=CARTESIAN_POINT('',(201.3455997873,-4.4,37.8479367597));
#3080=CARTESIAN_POINT('',(201.2020657839,-4.4,37.8479367597));
#3081=CARTESIAN_POINT('',(202.7020657839,-4.4,37.8479367597));
#3082=CARTESIAN_POINT('',(202.7020657839,-4.4,37.8479367597));
#3083=CARTESIAN_POINT('',(215.7020657839,-4.4,37.8479367597));
#3084=CARTESIAN_POINT('',(215.7020657839,-4.4,37.8479367597));
#3085=CARTESIAN_POINT('',(217.0585317805,-4.4,37.8479367597));
#3086=CARTESIAN_POINT('',(217.3020657839,-4.1,37.5479367597));
#3087=CARTESIAN_POINT('Origin',(201.2020657839,-4.4,40.0479367597));
#3088=CARTESIAN_POINT('',(201.2020657839,-4.4,29.6479367597));
#3089=CARTESIAN_POINT('',(201.2020657839,-4.4,29.6479367597));
#3090=CARTESIAN_POINT('',(201.2020657839,-4.4,29.6479367597));
#3091=CARTESIAN_POINT('Origin',(0.,0.,29.6479367597));
#3092=CARTESIAN_POINT('',(201.2020657839,-8.40777365539,29.6479367597));
#3093=CARTESIAN_POINT('Origin',(201.2020657839,-5.6,40.0479367597));
#3094=CARTESIAN_POINT('',(201.2020657839,-4.5,37.8479367597));
#3095=CARTESIAN_POINT('',(201.2020657839,-6.5,37.8479367597));
#3096=CARTESIAN_POINT('',(201.2020657839,-4.5,37.8479367597));
#3097=CARTESIAN_POINT('',(201.2020657839,-4.4,37.8479367597));
#3098=CARTESIAN_POINT('',(201.2020657839,-6.5,37.8479367597));
#3099=CARTESIAN_POINT('Ctrl Pts',(201.8257362156,-5.281675962228,38.8861166389));
#3100=CARTESIAN_POINT('Ctrl Pts',(201.8255567082,-5.285263918345,38.81476012878));
#3101=CARTESIAN_POINT('Ctrl Pts',(201.8169504612,-5.280682756991,38.67779618586));
#3102=CARTESIAN_POINT('Ctrl Pts',(201.77759658,-5.237050089448,38.47332796692));
#3103=CARTESIAN_POINT('Ctrl Pts',(201.7169636687,-5.162747597201,38.28990138456));
#3104=CARTESIAN_POINT('Ctrl Pts',(201.6340221251,-5.056382575767,38.12683726436));
#3105=CARTESIAN_POINT('Ctrl Pts',(201.5336002203,-4.924028515429,37.99582753905));
#3106=CARTESIAN_POINT('Ctrl Pts',(201.4228233035,-4.775173819598,37.9043524977));
#3107=CARTESIAN_POINT('Ctrl Pts',(201.303600724,-4.612504494629,37.8517440795));
#3108=CARTESIAN_POINT('Ctrl Pts',(201.2255117176,-4.504441997131,37.84547710924));
#3109=CARTESIAN_POINT('Ctrl Pts',(201.1858765657,-4.449234187911,37.84897501664));
#3110=CARTESIAN_POINT('Ctrl Pts',(201.7632645372,-5.326612956033,38.88884138727));
#3111=CARTESIAN_POINT('Ctrl Pts',(201.7680026392,-5.326588296817,38.81938712907));
#3112=CARTESIAN_POINT('Ctrl Pts',(201.7687082374,-5.3160677239,38.6865323907));
#3113=CARTESIAN_POINT('Ctrl Pts',(201.7432577397,-5.267390600497,38.48862380303));
#3114=CARTESIAN_POINT('Ctrl Pts',(201.6952169019,-5.192432061406,38.31051947897));
#3115=CARTESIAN_POINT('Ctrl Pts',(201.6234749708,-5.089795889194,38.15045147837));
#3116=CARTESIAN_POINT('Ctrl Pts',(201.5316652131,-4.964961444077,38.0188763287));
#3117=CARTESIAN_POINT('Ctrl Pts',(201.4258742901,-4.826053433799,37.92284242311));
#3118=CARTESIAN_POINT('Ctrl Pts',(201.3075020398,-4.674673445618,37.8617827477));
#3119=CARTESIAN_POINT('Ctrl Pts',(201.2268249021,-4.573844643481,37.8479785357));
#3120=CARTESIAN_POINT('Ctrl Pts',(201.1850509557,-4.522152927906,37.84728457155));
#3121=CARTESIAN_POINT('Ctrl Pts',(201.6545210667,-5.418912303899,38.86532938785));
#3122=CARTESIAN_POINT('Ctrl Pts',(201.6650700098,-5.412638514508,38.80095198416));
#3123=CARTESIAN_POINT('Ctrl Pts',(201.676906209,-5.392237276834,38.67879085174));
#3124=CARTESIAN_POINT('Ctrl Pts',(201.6692465147,-5.336205901049,38.49785231666));
#3125=CARTESIAN_POINT('Ctrl Pts',(201.6388765617,-5.261732134689,38.33418726494));
#3126=CARTESIAN_POINT('Ctrl Pts',(201.5849497557,-5.167169895689,38.18415515723));
#3127=CARTESIAN_POINT('Ctrl Pts',(201.5095053537,-5.056795232131,38.05566738446));
#3128=CARTESIAN_POINT('Ctrl Pts',(201.416731011,-4.936388305508,37.9545719181));
#3129=CARTESIAN_POINT('Ctrl Pts',(201.3067956819,-4.805825342789,37.88013622521));
#3130=CARTESIAN_POINT('Ctrl Pts',(201.2273033352,-4.718356270993,37.85272851552));
#3131=CARTESIAN_POINT('Ctrl Pts',(201.1848462087,-4.673175076845,37.84410655064));
#3132=CARTESIAN_POINT('Ctrl Pts',(201.5210955704,-5.568156292167,38.77528583787));
#3133=CARTESIAN_POINT('Ctrl Pts',(201.533841724,-5.555266571761,38.72070946483));
#3134=CARTESIAN_POINT('Ctrl Pts',(201.5506365734,-5.525459284883,38.61826282683));
#3135=CARTESIAN_POINT('Ctrl Pts',(201.5543537621,-5.465231544845,38.46747719219));
#3136=CARTESIAN_POINT('Ctrl Pts',(201.5387718658,-5.395644111105,38.32998438965));
#3137=CARTESIAN_POINT('Ctrl Pts',(201.5036460045,-5.314424037235,38.20061682454));
#3138=CARTESIAN_POINT('Ctrl Pts',(201.4498447934,-5.224279967263,38.08414742173));
#3139=CARTESIAN_POINT('Ctrl Pts',(201.3795491027,-5.128519941713,37.98447797387));
#3140=CARTESIAN_POINT('Ctrl Pts',(201.2916259999,-5.025576091337,37.90004963838));
#3141=CARTESIAN_POINT('Ctrl Pts',(201.2242493818,-4.95623643876,37.85831068198));
#3142=CARTESIAN_POINT('Ctrl Pts',(201.1870419954,-4.920078595222,37.84044603336));
#3143=CARTESIAN_POINT('Ctrl Pts',(201.4185478153,-5.716215029942,38.6581499119));
#3144=CARTESIAN_POINT('Ctrl Pts',(201.4299752284,-5.700361051213,38.61304591834));
#3145=CARTESIAN_POINT('Ctrl Pts',(201.4455859597,-5.667462856114,38.5291771425));
#3146=CARTESIAN_POINT('Ctrl Pts',(201.4524250344,-5.60966323013,38.40637874375));
#3147=CARTESIAN_POINT('Ctrl Pts',(201.4445697822,-5.548170296072,38.2936863822));
#3148=CARTESIAN_POINT('Ctrl Pts',(201.4221539323,-5.480289510246,38.18552841629));
#3149=CARTESIAN_POINT('Ctrl Pts',(201.385524957,-5.407588531984,38.08456982724));
#3150=CARTESIAN_POINT('Ctrl Pts',(201.3356978691,-5.331851109203,37.9931518797));
#3151=CARTESIAN_POINT('Ctrl Pts',(201.2710700742,-5.250935944474,37.90895524215));
#3152=CARTESIAN_POINT('Ctrl Pts',(201.2195072387,-5.19615098801,37.86122564935));
#3153=CARTESIAN_POINT('Ctrl Pts',(201.1903166203,-5.167335083815,37.83860174516));
#3154=CARTESIAN_POINT('Ctrl Pts',(201.3370747191,-5.869798861694,38.51695200775));
#3155=CARTESIAN_POINT('Ctrl Pts',(201.3454865171,-5.853627120904,38.4814158887));
#3156=CARTESIAN_POINT('Ctrl Pts',(201.3570767865,-5.822022672404,38.41585385028));
#3157=CARTESIAN_POINT('Ctrl Pts',(201.3631512702,-5.77107453519,38.32019972019));
#3158=CARTESIAN_POINT('Ctrl Pts',(201.3593874667,-5.719876960299,38.23189169161));
#3159=CARTESIAN_POINT('Ctrl Pts',(201.3460481035,-5.665650561989,38.14573880704));
#3160=CARTESIAN_POINT('Ctrl Pts',(201.3232509315,-5.609176085426,38.06302687303));
#3161=CARTESIAN_POINT('Ctrl Pts',(201.2913803448,-5.551293154127,37.98495111542));
#3162=CARTESIAN_POINT('Ctrl Pts',(201.2489687747,-5.489819632461,37.90879391129));
#3163=CARTESIAN_POINT('Ctrl Pts',(201.2141095832,-5.448054462573,37.86184691743));
#3164=CARTESIAN_POINT('Ctrl Pts',(201.1939858816,-5.425929909772,37.83830172724));
#3165=CARTESIAN_POINT('Ctrl Pts',(201.2757475395,-6.025312439144,38.36155153044));
#3166=CARTESIAN_POINT('Ctrl Pts',(201.2809336407,-6.011173907117,38.33516908067));
#3167=CARTESIAN_POINT('Ctrl Pts',(201.2881010308,-5.984521136105,38.28679984383));
#3168=CARTESIAN_POINT('Ctrl Pts',(201.2922148556,-5.943787811168,38.21643267343));
#3169=CARTESIAN_POINT('Ctrl Pts',(201.2906478657,-5.904358913692,38.15119134657));
#3170=CARTESIAN_POINT('Ctrl Pts',(201.2836323979,-5.863756365016,38.0867963089));
#3171=CARTESIAN_POINT('Ctrl Pts',(201.2711982896,-5.82229201567,38.02375070765));
#3172=CARTESIAN_POINT('Ctrl Pts',(201.2534527117,-5.780288725186,37.96254039352));
#3173=CARTESIAN_POINT('Ctrl Pts',(201.2293862124,-5.735874550561,37.90055474183));
#3174=CARTESIAN_POINT('Ctrl Pts',(201.2091655599,-5.705619149522,37.86031175862));
#3175=CARTESIAN_POINT('Ctrl Pts',(201.197317309,-5.689501213261,37.83943377748));
#3176=CARTESIAN_POINT('Ctrl Pts',(201.2333055412,-6.181453761163,38.19679747994));
#3177=CARTESIAN_POINT('Ctrl Pts',(201.235626632,-6.171033061433,38.1793054421));
#3178=CARTESIAN_POINT('Ctrl Pts',(201.2388234907,-6.151822943353,38.1473769409));
#3179=CARTESIAN_POINT('Ctrl Pts',(201.2407066387,-6.123426873515,38.10100812907));
#3180=CARTESIAN_POINT('Ctrl Pts',(201.2401313603,-6.096595473988,38.05787643516));
#3181=CARTESIAN_POINT('Ctrl Pts',(201.237219321,-6.069473934587,38.0149513172));
#3182=CARTESIAN_POINT('Ctrl Pts',(201.2319743483,-6.042141049186,37.97235781804));
#3183=CARTESIAN_POINT('Ctrl Pts',(201.2244105962,-6.014676185182,37.93022009496));
#3184=CARTESIAN_POINT('Ctrl Pts',(201.214039037,-5.985725586184,37.88649606756));
#3185=CARTESIAN_POINT('Ctrl Pts',(201.2052025257,-5.965968353025,37.85716683307));
#3186=CARTESIAN_POINT('Ctrl Pts',(201.19997217,-5.955400180564,37.84162559433));
#3187=CARTESIAN_POINT('Ctrl Pts',(201.207719815,-6.340122524232,38.02433195852));
#3188=CARTESIAN_POINT('Ctrl Pts',(201.20819028,-6.334612878601,38.01560443435));
#3189=CARTESIAN_POINT('Ctrl Pts',(201.2088430044,-6.324582091828,37.99971957726));
#3190=CARTESIAN_POINT('Ctrl Pts',(201.2092551136,-6.310027116381,37.97668100001));
#3191=CARTESIAN_POINT('Ctrl Pts',(201.2091912781,-6.296459588379,37.95521422201));
#3192=CARTESIAN_POINT('Ctrl Pts',(201.2086800063,-6.282888933947,37.93375114962));
#3193=CARTESIAN_POINT('Ctrl Pts',(201.2077209657,-6.269315125991,37.91229172304));
#3194=CARTESIAN_POINT('Ctrl Pts',(201.2063130307,-6.255738097222,37.89083594476));
#3195=CARTESIAN_POINT('Ctrl Pts',(201.2043574573,-6.241450392463,37.86826653157));
#3196=CARTESIAN_POINT('Ctrl Pts',(201.2026700037,-6.231686864214,37.8528509394));
#3197=CARTESIAN_POINT('Ctrl Pts',(201.2016631511,-6.226450568317,37.8445856042));
#3198=CARTESIAN_POINT('Ctrl Pts',(201.2020657839,-6.446759035338,37.90667190625));
#3199=CARTESIAN_POINT('Ctrl Pts',(201.2020657839,-6.444923530087,37.90376752507));
#3200=CARTESIAN_POINT('Ctrl Pts',(201.2020657839,-6.441582059832,37.8984808487));
#3201=CARTESIAN_POINT('Ctrl Pts',(201.2020657839,-6.43673392608,37.89081211746));
#3202=CARTESIAN_POINT('Ctrl Pts',(201.2020657839,-6.432215018789,37.88366558017));
#3203=CARTESIAN_POINT('Ctrl Pts',(201.2020657839,-6.427695370688,37.87651929778));
#3204=CARTESIAN_POINT('Ctrl Pts',(201.2020657839,-6.423174981779,37.86937327029));
#3205=CARTESIAN_POINT('Ctrl Pts',(201.2020657839,-6.418653852061,37.8622274977));
#3206=CARTESIAN_POINT('Ctrl Pts',(201.2020657839,-6.413896444131,37.85470978079));
#3207=CARTESIAN_POINT('Ctrl Pts',(201.2020657839,-6.410645752314,37.84957410064));
#3208=CARTESIAN_POINT('Ctrl Pts',(201.2020657839,-6.408902451833,37.84682022491));
#3209=CARTESIAN_POINT('Ctrl Pts',(201.2020657839,-6.5,37.8479367597));
#3210=CARTESIAN_POINT('Ctrl Pts',(201.2020657839,-6.5,37.8479367597));
#3211=CARTESIAN_POINT('Ctrl Pts',(201.2020657839,-6.5,37.8479367597));
#3212=CARTESIAN_POINT('Ctrl Pts',(201.2020657839,-6.5,37.8479367597));
#3213=CARTESIAN_POINT('Ctrl Pts',(201.2020657839,-6.5,37.8479367597));
#3214=CARTESIAN_POINT('Ctrl Pts',(201.2020657839,-6.5,37.8479367597));
#3215=CARTESIAN_POINT('Ctrl Pts',(201.2020657839,-6.5,37.8479367597));
#3216=CARTESIAN_POINT('Ctrl Pts',(201.2020657839,-6.5,37.8479367597));
#3217=CARTESIAN_POINT('Ctrl Pts',(201.2020657839,-6.5,37.8479367597));
#3218=CARTESIAN_POINT('Ctrl Pts',(201.2020657839,-6.5,37.8479367597));
#3219=CARTESIAN_POINT('Ctrl Pts',(201.2020657839,-6.5,37.8479367597));
#3220=CARTESIAN_POINT('',(201.8020657839,-5.3,38.8479367597));
#3221=CARTESIAN_POINT('Ctrl Pts',(201.8020657839,-5.299999999996,38.84793675969));
#3222=CARTESIAN_POINT('Ctrl Pts',(201.7582664066,-5.332849532969,38.84792726317));
#3223=CARTESIAN_POINT('Ctrl Pts',(201.6713580379,-5.405435500558,38.83253866304));
#3224=CARTESIAN_POINT('Ctrl Pts',(201.5457430744,-5.538476439921,38.76084813826));
#3225=CARTESIAN_POINT('Ctrl Pts',(201.434226307,-5.69083556786,38.64804639872));
#3226=CARTESIAN_POINT('Ctrl Pts',(201.3400230154,-5.861229879906,38.49813768218));
#3227=CARTESIAN_POINT('Ctrl Pts',(201.2657426121,-6.051181200421,38.31478758516));
#3228=CARTESIAN_POINT('Ctrl Pts',(201.2155431961,-6.260919071618,38.09930280343));
#3229=CARTESIAN_POINT('Ctrl Pts',(201.2020657839,-6.418280954239,37.93518868124));
#3230=CARTESIAN_POINT('Ctrl Pts',(201.2020657839,-6.5,37.8479367597));
#3231=CARTESIAN_POINT('Origin',(201.2020657839,-4.5,38.8479367597));
#3232=CARTESIAN_POINT('Origin',(202.7020657839,-6.5,38.8479367597));
#3233=CARTESIAN_POINT('',(201.8881861859,-5.24,38.8479367597));
#3234=CARTESIAN_POINT('Origin',(202.7020657839,-6.5,38.8479367597));
#3235=CARTESIAN_POINT('Origin',(201.3455997873,-4.4,38.8479367597));
#3236=CARTESIAN_POINT('Origin',(202.7020657839,-6.5,37.8479367597));
#3237=CARTESIAN_POINT('Origin',(206.3519457839,1.50012,37.8479367597));
#3238=CARTESIAN_POINT('Ctrl Pts',(202.7249921794,-4.999820825941,38.79119260117));
#3239=CARTESIAN_POINT('Ctrl Pts',(202.7253312777,-5.001276841014,38.73710732441));
#3240=CARTESIAN_POINT('Ctrl Pts',(202.72609766,-4.995878614856,38.63494415327));
#3241=CARTESIAN_POINT('Ctrl Pts',(202.7276003875,-4.963824465691,38.48422448888));
#3242=CARTESIAN_POINT('Ctrl Pts',(202.7293233521,-4.912281391543,38.34559178448));
#3243=CARTESIAN_POINT('Ctrl Pts',(202.7313159377,-4.839941227942,38.21468327752));
#3244=CARTESIAN_POINT('Ctrl Pts',(202.7335157117,-4.748884117567,38.0960321437));
#3245=CARTESIAN_POINT('Ctrl Pts',(202.7358464801,-4.642433076317,37.99335765215));
#3246=CARTESIAN_POINT('Ctrl Pts',(202.7383803711,-4.517173789543,37.90376024652));
#3247=CARTESIAN_POINT('Ctrl Pts',(202.7400983524,-4.425767541223,37.85798876499));
#3248=CARTESIAN_POINT('Ctrl Pts',(202.741007581,-4.375682287423,37.83771496516));
#3249=CARTESIAN_POINT('Ctrl Pts',(202.6468473173,-4.998618793101,38.7901153252));
#3250=CARTESIAN_POINT('Ctrl Pts',(202.6460315235,-5.000016630134,38.73612310059));
#3251=CARTESIAN_POINT('Ctrl Pts',(202.64418714,-4.994536868798,38.63415388304));
#3252=CARTESIAN_POINT('Ctrl Pts',(202.6405689261,-4.962460034786,38.48374385031));
#3253=CARTESIAN_POINT('Ctrl Pts',(202.6364192697,-4.910989268122,38.34539243713));
#3254=CARTESIAN_POINT('Ctrl Pts',(202.6316194349,-4.838813714817,38.21471946101));
#3255=CARTESIAN_POINT('Ctrl Pts',(202.6263201251,-4.747998333233,38.09622475181));
#3256=CARTESIAN_POINT('Ctrl Pts',(202.6207053065,-4.641839308479,37.9936035538));
#3257=CARTESIAN_POINT('Ctrl Pts',(202.614601671,-4.516908883325,37.90394192859));
#3258=CARTESIAN_POINT('Ctrl Pts',(202.6104640387,-4.425715158571,37.85803843328));
#3259=CARTESIAN_POINT('Ctrl Pts',(202.6082744757,-4.375733615413,37.8376713026));
#3260=CARTESIAN_POINT('Ctrl Pts',(202.4970538501,-5.008021770368,38.79877776067));
#3261=CARTESIAN_POINT('Ctrl Pts',(202.4939889292,-5.009894137019,38.74398645709));
#3262=CARTESIAN_POINT('Ctrl Pts',(202.4870839758,-5.005083062038,38.64040661365));
#3263=CARTESIAN_POINT('Ctrl Pts',(202.4736020166,-4.973229222888,38.48752504558));
#3264=CARTESIAN_POINT('Ctrl Pts',(202.4581824471,-4.921240132778,38.34698057024));
#3265=CARTESIAN_POINT('Ctrl Pts',(202.4403778518,-4.847823852444,38.21449882961));
#3266=CARTESIAN_POINT('Ctrl Pts',(202.4207381904,-4.755149707458,38.09481214986));
#3267=CARTESIAN_POINT('Ctrl Pts',(202.3999331449,-4.646702484268,37.99178110672));
#3268=CARTESIAN_POINT('Ctrl Pts',(202.3773075325,-4.519132562884,37.90259022143));
#3269=CARTESIAN_POINT('Ctrl Pts',(202.3619546347,-4.426167930308,37.85766796472));
#3270=CARTESIAN_POINT('Ctrl Pts',(202.353823805,-4.375294669543,37.83799673389));
#3271=CARTESIAN_POINT('Ctrl Pts',(202.2788182338,-5.055213750447,38.83028026852));
#3272=CARTESIAN_POINT('Ctrl Pts',(202.2738641401,-5.058341921622,38.77192852639));
#3273=CARTESIAN_POINT('Ctrl Pts',(202.2618134186,-5.055051849514,38.66111833032));
#3274=CARTESIAN_POINT('Ctrl Pts',(202.2360419779,-5.022360173628,38.49714070853));
#3275=CARTESIAN_POINT('Ctrl Pts',(202.2050698031,-4.966597829392,38.34690870683));
#3276=CARTESIAN_POINT('Ctrl Pts',(202.1681599187,-4.886508656595,38.20680702024));
#3277=CARTESIAN_POINT('Ctrl Pts',(202.1266585819,-4.784853109702,38.08275626329));
#3278=CARTESIAN_POINT('Ctrl Pts',(202.0822655217,-4.666117041195,37.97940390238));
#3279=CARTESIAN_POINT('Ctrl Pts',(202.0338800033,-4.527482730993,37.89442092377));
#3280=CARTESIAN_POINT('Ctrl Pts',(202.0011817956,-4.427759749083,37.85554916147));
#3281=CARTESIAN_POINT('Ctrl Pts',(201.9839593533,-4.373713280659,37.83988947596));
#3282=CARTESIAN_POINT('Ctrl Pts',(202.0696007973,-5.132718632764,38.86857942632));
#3283=CARTESIAN_POINT('Ctrl Pts',(202.0657112054,-5.137011709944,38.80477799395));
#3284=CARTESIAN_POINT('Ctrl Pts',(202.0535185795,-5.134791504028,38.68274627918));
#3285=CARTESIAN_POINT('Ctrl Pts',(202.0207629131,-5.09914520019,38.50137782012));
#3286=CARTESIAN_POINT('Ctrl Pts',(201.9771301338,-5.036081971297,38.33612827391));
#3287=CARTESIAN_POINT('Ctrl Pts',(201.9218685889,-4.944360287316,38.18479564341));
#3288=CARTESIAN_POINT('Ctrl Pts',(201.85745145,-4.827894370372,38.05544891711));
#3289=CARTESIAN_POINT('Ctrl Pts',(201.7872289577,-4.693065307614,37.95400085584));
#3290=CARTESIAN_POINT('Ctrl Pts',(201.7102126907,-4.538240522907,37.87880258125));
#3291=CARTESIAN_POINT('Ctrl Pts',(201.6583564251,-4.429636659091,37.85167530289));
#3292=CARTESIAN_POINT('Ctrl Pts',(201.6312304745,-4.371783125017,37.84339866105));
#3293=CARTESIAN_POINT('Ctrl Pts',(201.9351945657,-5.207567903661,38.88279895471));
#3294=CARTESIAN_POINT('Ctrl Pts',(201.9346303549,-5.210742691419,38.81490913226));
#3295=CARTESIAN_POINT('Ctrl Pts',(201.926964455,-5.205751277405,38.68417122945));
#3296=CARTESIAN_POINT('Ctrl Pts',(201.8946452411,-5.162895991626,38.48892727551));
#3297=CARTESIAN_POINT('Ctrl Pts',(201.8453015698,-5.089934855632,38.31186969129));
#3298=CARTESIAN_POINT('Ctrl Pts',(201.7782513468,-4.985659645763,38.15255885444));
#3299=CARTESIAN_POINT('Ctrl Pts',(201.6970226368,-4.855430413023,38.0212576905));
#3300=CARTESIAN_POINT('Ctrl Pts',(201.6067991301,-4.707709413663,37.92492478262));
#3301=CARTESIAN_POINT('Ctrl Pts',(201.5073514937,-4.542301446005,37.86226224135));
#3302=CARTESIAN_POINT('Ctrl Pts',(201.4407371441,-4.429966452845,37.84779135079));
#3303=CARTESIAN_POINT('Ctrl Pts',(201.4061456682,-4.371287621048,37.84697985807));
#3304=CARTESIAN_POINT('Ctrl Pts',(201.8661278389,-5.253792607132,38.88221745155));
#3305=CARTESIAN_POINT('Ctrl Pts',(201.8682351883,-5.255320411412,38.81223837795));
#3306=CARTESIAN_POINT('Ctrl Pts',(201.8646827432,-5.246894582452,38.67696375892));
#3307=CARTESIAN_POINT('Ctrl Pts',(201.8346791369,-5.197444831616,38.47440325429));
#3308=CARTESIAN_POINT('Ctrl Pts',(201.7835341691,-5.116896572265,38.29127191943));
#3309=CARTESIAN_POINT('Ctrl Pts',(201.7105172274,-5.004176872494,38.12835782621));
#3310=CARTESIAN_POINT('Ctrl Pts',(201.61978349,-4.8657541257,37.99728321633));
#3311=CARTESIAN_POINT('Ctrl Pts',(201.5178051413,-4.711458831162,37.90550605502));
#3312=CARTESIAN_POINT('Ctrl Pts',(201.405075375,-4.541997987108,37.85173957932));
#3313=CARTESIAN_POINT('Ctrl Pts',(201.3298148515,-4.429546227733,37.84540818362));
#3314=CARTESIAN_POINT('Ctrl Pts',(201.2909022454,-4.371567879061,37.84920398097));
#3315=CARTESIAN_POINT('',(202.7020657839,-5.,38.76445189869));
#3316=CARTESIAN_POINT('Ctrl Pts',(202.7020657839,-4.99999999999991,38.76445189869));
#3317=CARTESIAN_POINT('Ctrl Pts',(202.6309308392,-4.9999999999998,38.76445189903));
#3318=CARTESIAN_POINT('Ctrl Pts',(202.55939476138,-5.00512086042064,38.7686589939893));
#3319=CARTESIAN_POINT('Ctrl Pts',(202.417327237885,-5.02561076272256,38.7824320973973));
#3320=CARTESIAN_POINT('Ctrl Pts',(202.346795791731,-5.04097980128084,38.7919981058433));
#3321=CARTESIAN_POINT('Ctrl Pts',(202.209277216302,-5.08138285545735,38.81297836811));
#3322=CARTESIAN_POINT('Ctrl Pts',(202.142290087386,-5.10641687127733,38.824392621931));
#3323=CARTESIAN_POINT('Ctrl Pts',(202.012311618162,-5.16598107962882,38.841871885064));
#3324=CARTESIAN_POINT('Ctrl Pts',(201.9493202798,-5.20051127640048,38.84793689438));
#3325=CARTESIAN_POINT('Ctrl Pts',(201.888186185907,-5.24000000001114,38.8479367597));
#3326=CARTESIAN_POINT('Origin',(202.7020657839,-4.,38.76445189869));
#3327=CARTESIAN_POINT('Origin',(206.3519457839,-4.,38.76445189869));
#3328=CARTESIAN_POINT('',(215.7020657839,-5.,38.76445189869));
#3329=CARTESIAN_POINT('',(202.7020657839,-5.,38.76445189869));
#3330=CARTESIAN_POINT('Origin',(215.7020657839,-4.,38.76445189869));
#3331=CARTESIAN_POINT('Ctrl Pts',(215.6631204211,-4.375485863303,37.83763547993));
#3332=CARTESIAN_POINT('Ctrl Pts',(215.6640307716,-4.425637511161,37.85792366206));
#3333=CARTESIAN_POINT('Ctrl Pts',(215.6657499588,-4.51711259628,37.90371647525));
#3334=CARTESIAN_POINT('Ctrl Pts',(215.6682850877,-4.642433076318,37.99335765215));
#3335=CARTESIAN_POINT('Ctrl Pts',(215.6706158561,-4.748884117567,38.0960321437));
#3336=CARTESIAN_POINT('Ctrl Pts',(215.6728156301,-4.839941227942,38.21468327752));
#3337=CARTESIAN_POINT('Ctrl Pts',(215.6748082157,-4.912281391543,38.34559178448));
#3338=CARTESIAN_POINT('Ctrl Pts',(215.6765311803,-4.963824465691,38.48422448888));
#3339=CARTESIAN_POINT('Ctrl Pts',(215.6780331741,-4.995862963001,38.63487055774));
#3340=CARTESIAN_POINT('Ctrl Pts',(215.6787992006,-5.001269158982,38.7369620977));
#3341=CARTESIAN_POINT('Ctrl Pts',(215.6791380598,-4.999826506153,38.79098076081));
#3342=CARTESIAN_POINT('Ctrl Pts',(215.7958656787,-4.37553759796,37.83759145123));
#3343=CARTESIAN_POINT('Ctrl Pts',(215.7936734149,-4.425585430821,37.85797314251));
#3344=CARTESIAN_POINT('Ctrl Pts',(215.7895328786,-4.516847850722,37.90389812595));
#3345=CARTESIAN_POINT('Ctrl Pts',(215.7834262613,-4.641839308479,37.9936035538));
#3346=CARTESIAN_POINT('Ctrl Pts',(215.7778114427,-4.747998333233,38.09622475181));
#3347=CARTESIAN_POINT('Ctrl Pts',(215.7725121329,-4.838813714817,38.21471946101));
#3348=CARTESIAN_POINT('Ctrl Pts',(215.7677122981,-4.910989268122,38.34539243713));
#3349=CARTESIAN_POINT('Ctrl Pts',(215.7635626417,-4.962460034785,38.48374385031));
#3350=CARTESIAN_POINT('Ctrl Pts',(215.7599461945,-4.994521205866,38.6340804387));
#3351=CARTESIAN_POINT('Ctrl Pts',(215.7581026664,-5.000008832232,38.7359781496));
#3352=CARTESIAN_POINT('Ctrl Pts',(215.7572874466,-4.998624245521,38.78990384935));
#3353=CARTESIAN_POINT('Ctrl Pts',(216.0503396488,-4.375095155356,37.83791961251));
#3354=CARTESIAN_POINT('Ctrl Pts',(216.0421987729,-4.426035683426,37.85760407012));
#3355=CARTESIAN_POINT('Ctrl Pts',(216.0268350886,-4.5190702408,37.90254664876));
#3356=CARTESIAN_POINT('Ctrl Pts',(216.0041984229,-4.646702484268,37.99178110672));
#3357=CARTESIAN_POINT('Ctrl Pts',(215.9833933774,-4.755149707458,38.09481214986));
#3358=CARTESIAN_POINT('Ctrl Pts',(215.963753716,-4.847823852443,38.21449882961));
#3359=CARTESIAN_POINT('Ctrl Pts',(215.9459491207,-4.921240132778,38.34698057024));
#3360=CARTESIAN_POINT('Ctrl Pts',(215.9305295512,-4.973229222887,38.48752504558));
#3361=CARTESIAN_POINT('Ctrl Pts',(215.9170541751,-5.005067507993,38.64033196247));
#3362=CARTESIAN_POINT('Ctrl Pts',(215.9101524552,-5.009887289401,38.74383921654));
#3363=CARTESIAN_POINT('Ctrl Pts',(215.9070897254,-5.008029080785,38.79856315472));
#3364=CARTESIAN_POINT('Ctrl Pts',(216.4202397539,-4.373501324499,37.83982809059));
#3365=CARTESIAN_POINT('Ctrl Pts',(216.4029962858,-4.427617888729,37.85549387542));
#3366=CARTESIAN_POINT('Ctrl Pts',(216.3702752025,-4.527415003594,37.8943794068));
#3367=CARTESIAN_POINT('Ctrl Pts',(216.3218660461,-4.666117041195,37.97940390238));
#3368=CARTESIAN_POINT('Ctrl Pts',(216.2774729859,-4.784853109702,38.08275626329));
#3369=CARTESIAN_POINT('Ctrl Pts',(216.2359716491,-4.886508656596,38.20680702024));
#3370=CARTESIAN_POINT('Ctrl Pts',(216.1990617647,-4.966597829392,38.34690870683));
#3371=CARTESIAN_POINT('Ctrl Pts',(216.1680895899,-5.022360173628,38.49714070853));
#3372=CARTESIAN_POINT('Ctrl Pts',(216.1423307332,-5.055035886358,38.661038261));
#3373=CARTESIAN_POINT('Ctrl Pts',(216.1302845608,-5.058337235067,38.77177100762));
#3374=CARTESIAN_POINT('Ctrl Pts',(216.1253327456,-5.05522597721,38.83005171569));
#3375=CARTESIAN_POINT('Ctrl Pts',(216.7730074692,-4.371556243717,37.84336623528));
#3376=CARTESIAN_POINT('Ctrl Pts',(216.7458489088,-4.429482166626,37.85163672616));
#3377=CARTESIAN_POINT('Ctrl Pts',(216.6939565021,-4.53816488593,37.87876584443));
#3378=CARTESIAN_POINT('Ctrl Pts',(216.6169026101,-4.693065307614,37.95400085584));
#3379=CARTESIAN_POINT('Ctrl Pts',(216.5466801178,-4.827894370371,38.05544891711));
#3380=CARTESIAN_POINT('Ctrl Pts',(216.4822629789,-4.944360287316,38.18479564341));
#3381=CARTESIAN_POINT('Ctrl Pts',(216.427001434,-5.036081971296,38.33612827391));
#3382=CARTESIAN_POINT('Ctrl Pts',(216.3833686547,-5.099145200189,38.50137782012));
#3383=CARTESIAN_POINT('Ctrl Pts',(216.3506289827,-5.134774098145,38.68265771802));
#3384=CARTESIAN_POINT('Ctrl Pts',(216.3384376995,-5.137008542648,38.80460452331));
#3385=CARTESIAN_POINT('Ctrl Pts',(216.3345460186,-5.132735419065,38.86832952564));
#3386=CARTESIAN_POINT('Ctrl Pts',(216.9981215506,-4.371057509306,37.84697671179));
#3387=CARTESIAN_POINT('Ctrl Pts',(216.9634891832,-4.429806654558,37.84777078009));
#3388=CARTESIAN_POINT('Ctrl Pts',(216.8968286575,-4.542220638797,37.86223162865));
#3389=CARTESIAN_POINT('Ctrl Pts',(216.7973324377,-4.707709413662,37.92492478262));
#3390=CARTESIAN_POINT('Ctrl Pts',(216.707108931,-4.855430413022,38.0212576905));
#3391=CARTESIAN_POINT('Ctrl Pts',(216.625880221,-4.985659645762,38.15255885444));
#3392=CARTESIAN_POINT('Ctrl Pts',(216.558829998,-5.089934855632,38.31186969129));
#3393=CARTESIAN_POINT('Ctrl Pts',(216.5094863267,-5.162895991626,38.48892727551));
#3394=CARTESIAN_POINT('Ctrl Pts',(216.4771828941,-5.205730351418,38.68407589296));
#3395=CARTESIAN_POINT('Ctrl Pts',(216.4695121174,-5.21073558372,38.81472328526));
#3396=CARTESIAN_POINT('Ctrl Pts',(216.4689392304,-5.207580308028,38.88253303796));
#3397=CARTESIAN_POINT('Ctrl Pts',(217.1133819178,-4.371340518362,37.84921890429));
#3398=CARTESIAN_POINT('Ctrl Pts',(217.0744237749,-4.429386264693,37.84539919255));
#3399=CARTESIAN_POINT('Ctrl Pts',(216.999111265,-4.541915199937,37.85171331264));
#3400=CARTESIAN_POINT('Ctrl Pts',(216.8863264265,-4.711458831162,37.90550605502));
#3401=CARTESIAN_POINT('Ctrl Pts',(216.7843480778,-4.865754125701,37.99728321633));
#3402=CARTESIAN_POINT('Ctrl Pts',(216.6936143404,-5.004176872494,38.12835782621));
#3403=CARTESIAN_POINT('Ctrl Pts',(216.6205973987,-5.116896572265,38.29127191943));
#3404=CARTESIAN_POINT('Ctrl Pts',(216.5694524309,-5.197444831616,38.47440325429));
#3405=CARTESIAN_POINT('Ctrl Pts',(216.5394634751,-5.246870436426,38.6768648498));
#3406=CARTESIAN_POINT('Ctrl Pts',(216.5359014379,-5.255308421104,38.81204608172));
#3407=CARTESIAN_POINT('Ctrl Pts',(216.5379954958,-5.25379855972,38.88194335002));
#3408=CARTESIAN_POINT('',(216.5159453819,-5.24,38.8479367597));
#3409=CARTESIAN_POINT('Ctrl Pts',(216.515945381884,-5.2400000000249,38.8479367597));
#3410=CARTESIAN_POINT('Ctrl Pts',(216.4548113802,-5.20051133594688,38.84793698203));
#3411=CARTESIAN_POINT('Ctrl Pts',(216.391820102411,-5.16598116249346,38.8418697423085));
#3412=CARTESIAN_POINT('Ctrl Pts',(216.261841702671,-5.10641696557809,38.8243890686115));
#3413=CARTESIAN_POINT('Ctrl Pts',(216.194854583761,-5.08138293548526,38.81297563463));
#3414=CARTESIAN_POINT('Ctrl Pts',(216.057335987,-5.04097985184453,38.7919956047933));
#3415=CARTESIAN_POINT('Ctrl Pts',(215.98680450971,-5.02561079797571,38.7824290089377));
#3416=CARTESIAN_POINT('Ctrl Pts',(215.844736905687,-5.00512086945005,38.7686571559339));
#3417=CARTESIAN_POINT('Ctrl Pts',(215.7732007782,-5.00000000000066,38.7644518987884));
#3418=CARTESIAN_POINT('Ctrl Pts',(215.7020657839,-4.99999999999967,38.7644518986884));
#3419=CARTESIAN_POINT('Origin',(217.0585317805,-4.4,38.8479367597));
#3420=CARTESIAN_POINT('Origin',(215.7020657839,-6.5,38.8479367597));
#3421=CARTESIAN_POINT('',(215.7020657839,-8.,38.8479367597));
#3422=CARTESIAN_POINT('Origin',(215.7020657839,-9.,38.8479367597));
#3423=CARTESIAN_POINT('Origin',(215.7020657839,-6.5,38.8479367597));
#3424=CARTESIAN_POINT('Origin',(206.3519457839,-9.,38.8479367597));
#3425=CARTESIAN_POINT('',(202.7020657839,-8.,38.8479367597));
#3426=CARTESIAN_POINT('Origin',(202.7020657839,-9.,38.8479367597));
#3427=CARTESIAN_POINT('',(215.7020657839,-8.,38.8479367597));
#3428=CARTESIAN_POINT('Origin',(202.7020657839,-6.5,38.8479367597));
#3429=CARTESIAN_POINT('',(202.117710378,-7.881495117476,38.8479367597));
#3430=CARTESIAN_POINT('Origin',(201.7281401074,-8.802491862461,38.8479367597));
#3431=CARTESIAN_POINT('Origin',(202.7020657839,-6.5,38.8479367597));
#3432=CARTESIAN_POINT('Ctrl Pts',(201.9713127552,-7.810410074986,38.8758760443));
#3433=CARTESIAN_POINT('Ctrl Pts',(201.9799071521,-7.79555591345,38.2623085545));
#3434=CARTESIAN_POINT('Ctrl Pts',(201.7683056816,-8.175405539813,37.82903880941));
#3435=CARTESIAN_POINT('Ctrl Pts',(201.4694804427,-8.711258251904,37.8484277996));
#3436=CARTESIAN_POINT('Ctrl Pts',(202.0258600816,-7.840816401932,38.87571988601));
#3437=CARTESIAN_POINT('Ctrl Pts',(202.0326601331,-7.825299689189,38.26771363627));
#3438=CARTESIAN_POINT('Ctrl Pts',(201.839323536,-8.208021000564,37.8359266632));
#3439=CARTESIAN_POINT('Ctrl Pts',(201.5656986259,-8.751733707736,37.8481098017));
#3440=CARTESIAN_POINT('Ctrl Pts',(202.0822979663,-7.867855959084,38.87571790551));
#3441=CARTESIAN_POINT('Ctrl Pts',(202.0901107283,-7.852826122093,38.26778132463));
#3442=CARTESIAN_POINT('Ctrl Pts',(201.9134378698,-8.243442905104,37.83601265378));
#3443=CARTESIAN_POINT('Ctrl Pts',(201.6617791017,-8.797606410118,37.84810581699));
#3444=CARTESIAN_POINT('Ctrl Pts',(202.1409467481,-7.891517151289,38.87587621922));
#3445=CARTESIAN_POINT('Ctrl Pts',(202.147116642,-7.875503321365,38.26230272202));
#3446=CARTESIAN_POINT('Ctrl Pts',(201.9843232381,-8.278696704755,37.82903148167));
#3447=CARTESIAN_POINT('Ctrl Pts',(201.7548687023,-8.847723772301,37.84842813686));
#3448=CARTESIAN_POINT('',(201.9936476147,-7.822173852993,38.8479367597));
#3449=CARTESIAN_POINT('Origin',(201.5213688352,-8.703623088321,38.8479367597));
#3450=CARTESIAN_POINT('Origin',(202.7020657839,-6.5,38.8479367597));
#3451=CARTESIAN_POINT('Origin',(202.7020657839,-6.5,38.8479367597));
#3452=CARTESIAN_POINT('',(201.842471483405,-7.72926711438851,38.8479365910521));
#3453=CARTESIAN_POINT('Origin',(201.2694086164,-8.548778523972,38.8479367597));
#3454=CARTESIAN_POINT('Origin',(202.7020657839,-6.5,37.8479367597));
#3455=CARTESIAN_POINT('Origin',(202.7020657839,-6.5,38.8479367597));
#3456=CARTESIAN_POINT('Ctrl Pts',(201.727920985,-7.641125859355,38.86946938841));
#3457=CARTESIAN_POINT('Ctrl Pts',(201.7569031645,-7.645491759527,38.30467620307));
#3458=CARTESIAN_POINT('Ctrl Pts',(201.5246633432,-7.946430822487,37.88591505812));
#3459=CARTESIAN_POINT('Ctrl Pts',(201.1600800277,-8.376935891201,37.84564402714));
#3460=CARTESIAN_POINT('Ctrl Pts',(201.7709385434,-7.677864168989,38.87415260959));
#3461=CARTESIAN_POINT('Ctrl Pts',(201.796377424,-7.67695478653,38.29177071878));
#3462=CARTESIAN_POINT('Ctrl Pts',(201.5592322702,-7.99834410419,37.86694275459));
#3463=CARTESIAN_POINT('Ctrl Pts',(201.1972965415,-8.455284397409,37.84659215594));
#3464=CARTESIAN_POINT('Ctrl Pts',(201.8160102264,-7.712170932732,38.87718744254));
#3465=CARTESIAN_POINT('Ctrl Pts',(201.8341761163,-7.703482482326,38.27550230962));
#3466=CARTESIAN_POINT('Ctrl Pts',(201.5905015051,-8.046233842044,37.84475601106));
#3467=CARTESIAN_POINT('Ctrl Pts',(201.2335665634,-8.53143080561,37.84767655839));
#3468=CARTESIAN_POINT('Ctrl Pts',(201.8632284547,-7.744033773573,38.87676559198));
#3469=CARTESIAN_POINT('Ctrl Pts',(201.8678557954,-7.725369731472,38.25542314077));
#3470=CARTESIAN_POINT('Ctrl Pts',(201.6160291727,-8.09039554268,37.81977521948));
#3471=CARTESIAN_POINT('Ctrl Pts',(201.2690031749,-8.605372291492,37.84886917387));
#3472=CARTESIAN_POINT('',(201.747460802484,-7.6570340742866,38.8437864909723));
#3473=CARTESIAN_POINT('Ctrl Pts',(201.2020657852,-8.40777278913379,37.8479367598516));
#3474=CARTESIAN_POINT('Ctrl Pts',(201.221005471371,-8.38433123541296,37.8501549501106));
#3475=CARTESIAN_POINT('Ctrl Pts',(201.240053457044,-8.36086403227944,37.8537715562403));
#3476=CARTESIAN_POINT('Ctrl Pts',(201.259011550265,-8.33748631013923,37.858785389674));
#3477=CARTESIAN_POINT('Ctrl Pts',(201.276762622245,-8.31559699755892,37.8634800030584));
#3478=CARTESIAN_POINT('Ctrl Pts',(201.294434779742,-8.29378653345866,37.8694003004439));
#3479=CARTESIAN_POINT('Ctrl Pts',(201.311863890115,-8.27216711546169,37.8765236337662));
#3480=CARTESIAN_POINT('Ctrl Pts',(201.312760053285,-8.27105549669572,37.8768898985287));
#3481=CARTESIAN_POINT('Ctrl Pts',(201.313655576948,-8.2699443848054,37.8772593383585));
#3482=CARTESIAN_POINT('Ctrl Pts',(201.31455043705,-8.2688337997965,37.8776319412873));
#3483=CARTESIAN_POINT('Ctrl Pts',(201.328271624823,-8.25180483023087,37.883345186004));
#3484=CARTESIAN_POINT('Ctrl Pts',(201.341836736726,-8.23489892790563,37.8898026588492));
#3485=CARTESIAN_POINT('Ctrl Pts',(201.355171476474,-8.21817288477863,37.896963632926));
#3486=CARTESIAN_POINT('Ctrl Pts',(201.373212520788,-8.19554362534382,37.9066519697883));
#3487=CARTESIAN_POINT('Ctrl Pts',(201.390837495135,-8.17322247632222,37.9176305382649));
#3488=CARTESIAN_POINT('Ctrl Pts',(201.408010541583,-8.15129295047296,37.9298649592066));
#3489=CARTESIAN_POINT('Ctrl Pts',(201.412020542299,-8.14617228567861,37.9327217637279));
#3490=CARTESIAN_POINT('Ctrl Pts',(201.416005968991,-8.1410728493739,37.9356472181616));
#3491=CARTESIAN_POINT('Ctrl Pts',(201.419966475625,-8.13599550004179,37.938641213428));
#3492=CARTESIAN_POINT('Ctrl Pts',(201.422841866867,-8.13230926311469,37.9408149019392));
#3493=CARTESIAN_POINT('Ctrl Pts',(201.425704123533,-8.1286346668619,37.9430247204268));
#3494=CARTESIAN_POINT('Ctrl Pts',(201.428553114829,-8.12497208182278,37.9452703083004));
#3495=CARTESIAN_POINT('Ctrl Pts',(201.44530958427,-8.10343042448098,37.958477833583));
#3496=CARTESIAN_POINT('Ctrl Pts',(201.46160883911,-8.082303278431,37.972919789324));
#3497=CARTESIAN_POINT('Ctrl Pts',(201.477426883075,-8.0616521230653,37.9885561728962));
#3498=CARTESIAN_POINT('Ctrl Pts',(201.482598201847,-8.05490073789786,37.9936681022896));
#3499=CARTESIAN_POINT('Ctrl Pts',(201.487718111836,-8.04820017221582,37.9989081053725));
#3500=CARTESIAN_POINT('Ctrl Pts',(201.492785788253,-8.04155251002846,38.0042759841984));
#3501=CARTESIAN_POINT('Ctrl Pts',(201.502098886173,-8.02933580087195,38.0141407776484));
#3502=CARTESIAN_POINT('Ctrl Pts',(201.511233442477,-8.01730169186232,38.0244347014125));
#3503=CARTESIAN_POINT('Ctrl Pts',(201.520168820991,-8.00547231725245,38.0351468941945));
#3504=CARTESIAN_POINT('Ctrl Pts',(201.529861824082,-7.99263993813416,38.0467673664088));
#3505=CARTESIAN_POINT('Ctrl Pts',(201.539320475,-7.98004845998985,38.0588800330062));
#3506=CARTESIAN_POINT('Ctrl Pts',(201.548524081139,-7.96772338765944,38.0714530628789));
#3507=CARTESIAN_POINT('Ctrl Pts',(201.566113764581,-7.94416804234955,38.0954822979457));
#3508=CARTESIAN_POINT('Ctrl Pts',(201.58277515867,-7.92158040861831,38.1211949581219));
#3509=CARTESIAN_POINT('Ctrl Pts',(201.598355285697,-7.90013329106241,38.1484039226231));
#3510=CARTESIAN_POINT('Ctrl Pts',(201.601174379891,-7.89625261380771,38.153327158083));
#3511=CARTESIAN_POINT('Ctrl Pts',(201.603958004209,-7.89240933704416,38.158299427319));
#3512=CARTESIAN_POINT('Ctrl Pts',(201.606705155005,-7.88860457409214,38.1633196606027));
#3513=CARTESIAN_POINT('Ctrl Pts',(201.606833351255,-7.88842702419529,38.1635539306251));
#3514=CARTESIAN_POINT('Ctrl Pts',(201.606961468073,-7.88824955817226,38.1637883050969));
#3515=CARTESIAN_POINT('Ctrl Pts',(201.607089505403,-7.88807217609079,38.1640227838492));
#3516=CARTESIAN_POINT('Ctrl Pts',(201.622419555525,-7.86683402462358,38.1920971824275));
#3517=CARTESIAN_POINT('Ctrl Pts',(201.636617046518,-7.84678889145752,38.2216737918254));
#3518=CARTESIAN_POINT('Ctrl Pts',(201.649651922294,-7.8281017694525,38.2525194001406));
#3519=CARTESIAN_POINT('Ctrl Pts',(201.650767366362,-7.82650264110297,38.2551589765667));
#3520=CARTESIAN_POINT('Ctrl Pts',(201.651874289243,-7.82491347587085,38.2578078703859));
#3521=CARTESIAN_POINT('Ctrl Pts',(201.652972667636,-7.82333438865316,38.2604659487541));
#3522=CARTESIAN_POINT('Ctrl Pts',(201.660651635876,-7.8122946953458,38.2790490704737));
#3523=CARTESIAN_POINT('Ctrl Pts',(201.667913621226,-7.8017460611612,38.2980822906787));
#3524=CARTESIAN_POINT('Ctrl Pts',(201.674744739086,-7.79172842673853,38.3175212511669));
#3525=CARTESIAN_POINT('Ctrl Pts',(201.680308986984,-7.7835686200381,38.3333551450134));
#3526=CARTESIAN_POINT('Ctrl Pts',(201.685587282325,-7.77576125523808,38.3494583379367));
#3527=CARTESIAN_POINT('Ctrl Pts',(201.69058185813,-7.76831814865432,38.3658030721766));
#3528=CARTESIAN_POINT('Ctrl Pts',(201.697780797934,-7.75759001510879,38.3893615809416));
#3529=CARTESIAN_POINT('Ctrl Pts',(201.704384421955,-7.74762353763863,38.4134034221199));
#3530=CARTESIAN_POINT('Ctrl Pts',(201.710332252161,-7.73838180903961,38.4378915073332));
#3531=CARTESIAN_POINT('Ctrl Pts',(201.712297565488,-7.735328108489,38.4459829891915));
#3532=CARTESIAN_POINT('Ctrl Pts',(201.71419092834,-7.73235370403657,38.4541230317976));
#3533=CARTESIAN_POINT('Ctrl Pts',(201.716009110499,-7.72945769662146,38.4623097468505));
#3534=CARTESIAN_POINT('Ctrl Pts',(201.717978878175,-7.72632024322221,38.4711790048632));
#3535=CARTESIAN_POINT('Ctrl Pts',(201.719860632123,-7.72327459637403,38.4801037787225));
#3536=CARTESIAN_POINT('Ctrl Pts',(201.721650587327,-7.72032074370675,38.4890813400542));
#3537=CARTESIAN_POINT('Ctrl Pts',(201.726350092297,-7.71256544052358,38.5126518148934));
#3538=CARTESIAN_POINT('Ctrl Pts',(201.730418653302,-7.70544268491797,38.5365877625821));
#3539=CARTESIAN_POINT('Ctrl Pts',(201.733796241324,-7.69892273779275,38.5608352707284));
#3540=CARTESIAN_POINT('Ctrl Pts',(201.735459584909,-7.69571189261209,38.5727763176692));
#3541=CARTESIAN_POINT('Ctrl Pts',(201.736955366385,-7.6926476098413,38.584792674456));
#3542=CARTESIAN_POINT('Ctrl Pts',(201.738275561768,-7.68972736429093,38.5968769540174));
#3543=CARTESIAN_POINT('Ctrl Pts',(201.740701918231,-7.68436031275389,38.6190863710255));
#3544=CARTESIAN_POINT('Ctrl Pts',(201.742548690892,-7.67948190523035,38.6415602601448));
#3545=CARTESIAN_POINT('Ctrl Pts',(201.743919648628,-7.67523667708917,38.6641715697265));
#3546=CARTESIAN_POINT('Ctrl Pts',(201.743995335494,-7.67500230953369,38.6654198789285));
#3547=CARTESIAN_POINT('Ctrl Pts',(201.744069583832,-7.67476987477068,38.6666686125605));
#3548=CARTESIAN_POINT('Ctrl Pts',(201.744142415193,-7.67453939830199,38.6679177512286));
#3549=CARTESIAN_POINT('Ctrl Pts',(201.744215417515,-7.6743083808257,38.669169822055));
#3550=CARTESIAN_POINT('Ctrl Pts',(201.744286996198,-7.67407933084958,38.6704222998191));
#3551=CARTESIAN_POINT('Ctrl Pts',(201.74435717598,-7.6738522706535,38.6716751688912));
#3552=CARTESIAN_POINT('Ctrl Pts',(201.745653562879,-7.66965793070111,38.6948186299431));
#3553=CARTESIAN_POINT('Ctrl Pts',(201.746467882181,-7.6661415396871,38.71809152217));
#3554=CARTESIAN_POINT('Ctrl Pts',(201.746948709108,-7.6634266690917,38.7413793675635));
#3555=CARTESIAN_POINT('Ctrl Pts',(201.746997263041,-7.66315252129516,38.7437309755965));
#3556=CARTESIAN_POINT('Ctrl Pts',(201.747042455514,-7.66288655699932,38.7460827528816));
#3557=CARTESIAN_POINT('Ctrl Pts',(201.747084465784,-7.66262891117817,38.7484345925517));
#3558=CARTESIAN_POINT('Ctrl Pts',(201.747523030933,-7.65993922411352,38.7729865635889));
#3559=CARTESIAN_POINT('Ctrl Pts',(201.747610234278,-7.65815374965445,38.7975433025973));
#3560=CARTESIAN_POINT('Ctrl Pts',(201.747548751156,-7.65741311074043,38.8220048484408));
#3561=CARTESIAN_POINT('Ctrl Pts',(201.747545163182,-7.65736988923337,38.8234323522573));
#3562=CARTESIAN_POINT('Ctrl Pts',(201.74754108186,-7.65733023258848,38.8248595341675));
#3563=CARTESIAN_POINT('Ctrl Pts',(201.747536552336,-7.65729417127985,38.8262863749838));
#3564=CARTESIAN_POINT('Ctrl Pts',(201.747518015256,-7.65714659035887,38.8321257216342));
#3565=CARTESIAN_POINT('Ctrl Pts',(201.747491850718,-7.65705912538615,38.837959464169));
#3566=CARTESIAN_POINT('Ctrl Pts',(201.747461053851,-7.6570337697978,38.8437864909759));
#3567=CARTESIAN_POINT('Ctrl Pts',(201.7474606768,-7.657034226531,38.84378649097));
#3568=CARTESIAN_POINT('Ctrl Pts',(201.7781897714,-7.682387139659,38.84634588006));
#3569=CARTESIAN_POINT('Ctrl Pts',(201.8098620461,-7.706464188855,38.84793642513));
#3570=CARTESIAN_POINT('Ctrl Pts',(201.8424714834,-7.729267114383,38.84793642225));
#3571=CARTESIAN_POINT('Ctrl Pts',(201.1846417297,-8.480180853832,37.84740265531));
#3572=CARTESIAN_POINT('Ctrl Pts',(201.2259921319,-8.428059754809,37.84772724067));
#3573=CARTESIAN_POINT('Ctrl Pts',(201.305832978,-8.326569129494,37.86085027818));
#3574=CARTESIAN_POINT('Ctrl Pts',(201.4234440545,-8.174278112847,37.92101554752));
#3575=CARTESIAN_POINT('Ctrl Pts',(201.5289538517,-8.03484548026,38.0161576545));
#3576=CARTESIAN_POINT('Ctrl Pts',(201.6212010777,-7.909683161079,38.14702378328));
#3577=CARTESIAN_POINT('Ctrl Pts',(201.6940317364,-7.807023413792,38.30660343653));
#3578=CARTESIAN_POINT('Ctrl Pts',(201.7436494421,-7.732366305438,38.48439980068));
#3579=CARTESIAN_POINT('Ctrl Pts',(201.7710322106,-7.684398182881,38.68160625737));
#3580=CARTESIAN_POINT('Ctrl Pts',(201.771847303,-7.674337459727,38.8138871936));
#3581=CARTESIAN_POINT('Ctrl Pts',(201.7679728569,-7.674507438967,38.88287780045));
#3582=CARTESIAN_POINT('Ctrl Pts',(201.1842555012,-8.408967547775,37.84576135661));
#3583=CARTESIAN_POINT('Ctrl Pts',(201.2266205769,-8.36008481761,37.85003728467));
#3584=CARTESIAN_POINT('Ctrl Pts',(201.3071108139,-8.26522752769,37.87005413936));
#3585=CARTESIAN_POINT('Ctrl Pts',(201.4219832433,-8.123253677811,37.93739103872));
#3586=CARTESIAN_POINT('Ctrl Pts',(201.5218769653,-7.992927085267,38.0357746512));
#3587=CARTESIAN_POINT('Ctrl Pts',(201.606164264,-7.874773474737,38.16596974508));
#3588=CARTESIAN_POINT('Ctrl Pts',(201.6696276461,-7.775834707063,38.32146851292));
#3589=CARTESIAN_POINT('Ctrl Pts',(201.7093848772,-7.701042569292,38.49297572502));
#3590=CARTESIAN_POINT('Ctrl Pts',(201.7264004681,-7.649021864404,38.68265004335));
#3591=CARTESIAN_POINT('Ctrl Pts',(201.7205089113,-7.63386650837,38.81015406322));
#3592=CARTESIAN_POINT('Ctrl Pts',(201.7131242809,-7.630878649062,38.87688033491));
#3593=CARTESIAN_POINT('Ctrl Pts',(201.1846223614,-8.261064858851,37.84278684252));
#3594=CARTESIAN_POINT('Ctrl Pts',(201.2262713213,-8.218225736666,37.85426606911));
#3595=CARTESIAN_POINT('Ctrl Pts',(201.3033045952,-8.135692664121,37.88628922391));
#3596=CARTESIAN_POINT('Ctrl Pts',(201.4078765816,-8.012818704127,37.96453654872));
#3597=CARTESIAN_POINT('Ctrl Pts',(201.4945282514,-7.899477938131,38.06594747655));
#3598=CARTESIAN_POINT('Ctrl Pts',(201.5637241589,-7.794817682762,38.19161043038));
#3599=CARTESIAN_POINT('Ctrl Pts',(201.6119057723,-7.70385053856,38.33622610041));
#3600=CARTESIAN_POINT('Ctrl Pts',(201.6374333902,-7.63039147433,38.49282759569));
#3601=CARTESIAN_POINT('Ctrl Pts',(201.640972616,-7.57276579954,38.66516555794));
#3602=CARTESIAN_POINT('Ctrl Pts',(201.6271220187,-7.549308054231,38.78162213913));
#3603=CARTESIAN_POINT('Ctrl Pts',(201.6156636854,-7.540945108276,38.84302817596));
#3604=CARTESIAN_POINT('Ctrl Pts',(201.1871921864,-8.022952889208,37.83956871956));
#3605=CARTESIAN_POINT('Ctrl Pts',(201.2228495529,-7.988439856012,37.85894332129));
#3606=CARTESIAN_POINT('Ctrl Pts',(201.2868623029,-7.922535832033,37.90277530195));
#3607=CARTESIAN_POINT('Ctrl Pts',(201.3694502214,-7.824893345497,37.98802466236));
#3608=CARTESIAN_POINT('Ctrl Pts',(201.4347501852,-7.734096760067,38.0862161187));
#3609=CARTESIAN_POINT('Ctrl Pts',(201.4842243657,-7.648200387392,38.19927295774));
#3610=CARTESIAN_POINT('Ctrl Pts',(201.5160186519,-7.57009664308,38.3236922555));
#3611=CARTESIAN_POINT('Ctrl Pts',(201.529419788,-7.502195843427,38.45526460917));
#3612=CARTESIAN_POINT('Ctrl Pts',(201.5245763476,-7.442249857797,38.59897137486));
#3613=CARTESIAN_POINT('Ctrl Pts',(201.5078695698,-7.411366303446,38.69662624163));
#3614=CARTESIAN_POINT('Ctrl Pts',(201.4953836923,-7.397579120165,38.74863206913));
#3615=CARTESIAN_POINT('Ctrl Pts',(201.1905919027,-7.78288563166,37.83807438361));
#3616=CARTESIAN_POINT('Ctrl Pts',(201.2181819869,-7.755282183934,37.86122012165));
#3617=CARTESIAN_POINT('Ctrl Pts',(201.2665950706,-7.703000411043,37.90932869781));
#3618=CARTESIAN_POINT('Ctrl Pts',(201.3268214173,-7.625912139884,37.9925660271));
#3619=CARTESIAN_POINT('Ctrl Pts',(201.3729159905,-7.553816806317,38.08164103409));
#3620=CARTESIAN_POINT('Ctrl Pts',(201.4066058531,-7.48438439359,38.17914415921));
#3621=CARTESIAN_POINT('Ctrl Pts',(201.4270299174,-7.419179290474,38.28298916919));
#3622=CARTESIAN_POINT('Ctrl Pts',(201.4338995654,-7.359591467461,38.39082746217));
#3623=CARTESIAN_POINT('Ctrl Pts',(201.4270572479,-7.303023878703,38.50791334435));
#3624=CARTESIAN_POINT('Ctrl Pts',(201.4122124623,-7.270211738664,38.58785899395));
#3625=CARTESIAN_POINT('Ctrl Pts',(201.4014141622,-7.254209845149,38.63080684516));
#3626=CARTESIAN_POINT('Ctrl Pts',(201.1942480328,-7.532962242093,37.83803702464));
#3627=CARTESIAN_POINT('Ctrl Pts',(201.2130903325,-7.51171276729,37.86144518164));
#3628=CARTESIAN_POINT('Ctrl Pts',(201.2455646295,-7.47173017496,37.90773416418));
#3629=CARTESIAN_POINT('Ctrl Pts',(201.2848876686,-7.412955663491,37.98207708166));
#3630=CARTESIAN_POINT('Ctrl Pts',(201.3142987093,-7.357679066578,38.05764003476));
#3631=CARTESIAN_POINT('Ctrl Pts',(201.3352790311,-7.303637829282,38.13729669667));
#3632=CARTESIAN_POINT('Ctrl Pts',(201.347502428,-7.251570992426,38.21998585429));
#3633=CARTESIAN_POINT('Ctrl Pts',(201.3508699242,-7.202169929852,38.30457270674));
#3634=CARTESIAN_POINT('Ctrl Pts',(201.3451338703,-7.152803812814,38.39590235288));
#3635=CARTESIAN_POINT('Ctrl Pts',(201.334355825,-7.121907357005,38.45845939164));
#3636=CARTESIAN_POINT('Ctrl Pts',(201.3265631852,-7.106031912182,38.49230667244));
#3637=CARTESIAN_POINT('Ctrl Pts',(201.1974623472,-7.279373332143,37.83933724437));
#3638=CARTESIAN_POINT('Ctrl Pts',(201.2085776347,-7.263827601144,37.85976097467));
#3639=CARTESIAN_POINT('Ctrl Pts',(201.2274641764,-7.234735153354,37.89893568759));
#3640=CARTESIAN_POINT('Ctrl Pts',(201.2498508571,-7.192087552985,37.95898936065));
#3641=CARTESIAN_POINT('Ctrl Pts',(201.2662782428,-7.151828576039,38.01800445911));
#3642=CARTESIAN_POINT('Ctrl Pts',(201.2777402409,-7.112056541348,38.07865750479));
#3643=CARTESIAN_POINT('Ctrl Pts',(201.284145675,-7.073056911965,38.14051742588));
#3644=CARTESIAN_POINT('Ctrl Pts',(201.285470169,-7.035105961414,38.20313880875));
#3645=CARTESIAN_POINT('Ctrl Pts',(201.2814947564,-6.995885762612,38.27050132467));
#3646=CARTESIAN_POINT('Ctrl Pts',(201.2747392956,-6.970144383242,38.31677454641));
#3647=CARTESIAN_POINT('Ctrl Pts',(201.2698835535,-6.956488588412,38.34195843942));
#3648=CARTESIAN_POINT('Ctrl Pts',(201.2008309843,-6.937527862339,37.84239054051));
#3649=CARTESIAN_POINT('Ctrl Pts',(201.203821813,-6.929046420294,37.85561694744));
#3650=CARTESIAN_POINT('Ctrl Pts',(201.2087785834,-6.913286077664,37.88025723401));
#3651=CARTESIAN_POINT('Ctrl Pts',(201.2144216892,-6.890285841403,37.9163597494));
#3652=CARTESIAN_POINT('Ctrl Pts',(201.2183944707,-6.868508351103,37.95065283654));
#3653=CARTESIAN_POINT('Ctrl Pts',(201.2210080585,-6.846770236042,37.98498364789));
#3654=CARTESIAN_POINT('Ctrl Pts',(201.2222754588,-6.825070166451,38.0193499047));
#3655=CARTESIAN_POINT('Ctrl Pts',(201.2222008806,-6.803408683996,38.05375248894));
#3656=CARTESIAN_POINT('Ctrl Pts',(201.2206796502,-6.780267354426,38.09061817842));
#3657=CARTESIAN_POINT('Ctrl Pts',(201.2185242065,-6.764373288389,38.11603562459));
#3658=CARTESIAN_POINT('Ctrl Pts',(201.2170050913,-6.755683290806,38.12996729996));
#3659=CARTESIAN_POINT('Ctrl Pts',(201.2020657839,-6.676360327526,37.84570271107));
#3660=CARTESIAN_POINT('Ctrl Pts',(201.2020657839,-6.672895872097,37.85103102129));
#3661=CARTESIAN_POINT('Ctrl Pts',(201.2020657839,-6.666468894628,37.86094875343));
#3662=CARTESIAN_POINT('Ctrl Pts',(201.2020657839,-6.65711821084,37.87546842531));
#3663=CARTESIAN_POINT('Ctrl Pts',(201.2020657839,-6.648290300366,37.88925592963));
#3664=CARTESIAN_POINT('Ctrl Pts',(201.2020657839,-6.639504831921,37.90305712122));
#3665=CARTESIAN_POINT('Ctrl Pts',(201.2020657839,-6.630761805504,37.91687200009));
#3666=CARTESIAN_POINT('Ctrl Pts',(201.2020657839,-6.622061221114,37.93070056623));
#3667=CARTESIAN_POINT('Ctrl Pts',(201.2020657839,-6.612793506355,37.94551737691));
#3668=CARTESIAN_POINT('Ctrl Pts',(201.2020657839,-6.606446425521,37.95573125704));
#3669=CARTESIAN_POINT('Ctrl Pts',(201.2020657839,-6.60298012809,37.96132935507));
#3670=CARTESIAN_POINT('Ctrl Pts',(201.2020657839,-6.5,37.8479367597));
#3671=CARTESIAN_POINT('Ctrl Pts',(201.2020657839,-6.5,37.8479367597));
#3672=CARTESIAN_POINT('Ctrl Pts',(201.2020657839,-6.5,37.8479367597));
#3673=CARTESIAN_POINT('Ctrl Pts',(201.2020657839,-6.5,37.8479367597));
#3674=CARTESIAN_POINT('Ctrl Pts',(201.2020657839,-6.5,37.8479367597));
#3675=CARTESIAN_POINT('Ctrl Pts',(201.2020657839,-6.5,37.8479367597));
#3676=CARTESIAN_POINT('Ctrl Pts',(201.2020657839,-6.5,37.8479367597));
#3677=CARTESIAN_POINT('Ctrl Pts',(201.2020657839,-6.5,37.8479367597));
#3678=CARTESIAN_POINT('Ctrl Pts',(201.2020657839,-6.5,37.8479367597));
#3679=CARTESIAN_POINT('Ctrl Pts',(201.2020657839,-6.5,37.8479367597));
#3680=CARTESIAN_POINT('Ctrl Pts',(201.2020657839,-6.5,37.8479367597));
#3681=CARTESIAN_POINT('Ctrl Pts',(201.7474606768,-7.657034226531,38.84378649097));
#3682=CARTESIAN_POINT('Ctrl Pts',(201.7058695849,-7.622719715304,38.83710670067));
#3683=CARTESIAN_POINT('Ctrl Pts',(201.624464158,-7.548073340005,38.81063381735));
#3684=CARTESIAN_POINT('Ctrl Pts',(201.5100486992,-7.416260634634,38.7295624085));
#3685=CARTESIAN_POINT('Ctrl Pts',(201.4095455552,-7.268329255834,38.61318887101));
#3686=CARTESIAN_POINT('Ctrl Pts',(201.3248255641,-7.104183755711,38.46550798039));
#3687=CARTESIAN_POINT('Ctrl Pts',(201.2585154171,-6.923184046935,38.28870347023));
#3688=CARTESIAN_POINT('Ctrl Pts',(201.2138931221,-6.724401912386,38.08373016456));
#3689=CARTESIAN_POINT('Ctrl Pts',(201.2020657839,-6.576603590253,37.92952819445));
#3690=CARTESIAN_POINT('Ctrl Pts',(201.2020657839,-6.5,37.8479367597));
#3691=CARTESIAN_POINT('Origin',(202.7020657839,-6.5,48.5479367597));
#3692=CARTESIAN_POINT('',(202.7020658092,-7.9999999992934,48.9479367604049));
#3693=CARTESIAN_POINT('',(202.702065807202,-5.00000000069409,48.9479367603115));
#3694=CARTESIAN_POINT('Origin',(202.7020657839,-6.5,48.9479367597));
#3695=CARTESIAN_POINT('',(202.7020657839,-5.,38.76445189869));
#3696=CARTESIAN_POINT('',(202.7020658092,-7.999999999058,48.94793676064));
#3697=CARTESIAN_POINT('Origin',(202.7020657839,-6.5,48.99793676143));
#3698=CARTESIAN_POINT('',(202.702065815397,-7.89999999936996,49.0479367603311));
#3699=CARTESIAN_POINT('',(202.7020658092,-7.999999999058,48.94793676064));
#3700=CARTESIAN_POINT('',(202.702065812898,-5.10000000069106,49.0479367603917));
#3701=CARTESIAN_POINT('Origin',(202.7020657839,-6.5,49.0479367597));
#3702=CARTESIAN_POINT('',(202.7020658072,-5.000000001033,48.94793676073));
#3703=CARTESIAN_POINT('Origin',(209.2020657839,-5.05,48.9979367597));
#3704=CARTESIAN_POINT('',(215.7020657586,-5.00000000070659,48.9479367604049));
#3705=CARTESIAN_POINT('',(202.7020658072,-5.000000001033,48.94793676073));
#3706=CARTESIAN_POINT('',(215.702065752403,-5.10000000063004,49.0479367603311));
#3707=CARTESIAN_POINT('',(202.7020658129,-5.100000001285,49.04793676099));
#3708=CARTESIAN_POINT('',(215.7020657586,-5.000000000942,48.94793676064));
#3709=CARTESIAN_POINT('Origin',(201.2020657839,-5.,7.202965540521));
#3710=CARTESIAN_POINT('',(215.7020657586,-5.000000000942,48.94793676064));
#3711=CARTESIAN_POINT('',(213.2020657839,-5.,43.7479367597));
#3712=CARTESIAN_POINT('Origin',(213.2020657839,-5.,46.0479367597));
#3713=CARTESIAN_POINT('',(205.2020657839,-5.,43.7479367597));
#3714=CARTESIAN_POINT('Origin',(205.2020657839,-5.,46.0479367597));
#3715=CARTESIAN_POINT('Origin',(205.2020657839,-5.15,46.0479367597));
#3716=CARTESIAN_POINT('',(205.2020657839,-5.3,48.0479367597));
#3717=CARTESIAN_POINT('',(205.2020657839,-5.3,44.0479367597));
#3718=CARTESIAN_POINT('Origin',(205.2020657839,-5.3,46.0479367597));
#3719=CARTESIAN_POINT('',(205.2020657839,-5.15,43.8979367597));
#3720=CARTESIAN_POINT('Origin',(205.2020657839,-5.3,46.0479367597));
#3721=CARTESIAN_POINT('Origin',(205.2020657839,2.5,46.0479367597));
#3722=CARTESIAN_POINT('',(205.2020657839,-7.7,48.0479367597));
#3723=CARTESIAN_POINT('',(205.2020657839,2.5,48.0479367597));
#3724=CARTESIAN_POINT('Origin',(205.2020657839,-7.7,46.0479367597));
#3725=CARTESIAN_POINT('Origin',(205.2020657839,-7.85,46.0479367597));
#3726=CARTESIAN_POINT('',(205.2020657839,-8.,48.3479367597));
#3727=CARTESIAN_POINT('',(205.2020657839,-7.85,48.1979367597));
#3728=CARTESIAN_POINT('Origin',(205.2020657839,-8.,46.0479367597));
#3729=CARTESIAN_POINT('Origin',(201.2020657839,-8.,7.202965540521));
#3730=CARTESIAN_POINT('',(215.702065761328,-7.99999999933553,48.9479367602352));
#3731=CARTESIAN_POINT('',(215.7020657606,-7.999999998967,48.94793676073));
#3732=CARTESIAN_POINT('',(215.7020657606,-7.999999998967,48.94793676073));
#3733=CARTESIAN_POINT('',(213.2020657839,-8.,48.3479367597));
#3734=CARTESIAN_POINT('Origin',(213.2020657839,-8.,46.0479367597));
#3735=CARTESIAN_POINT('Origin',(213.2020657839,-7.85,46.0479367597));
#3736=CARTESIAN_POINT('',(213.2020657839,-7.7,48.0479367597));
#3737=CARTESIAN_POINT('Origin',(213.2020657839,-7.7,46.0479367597));
#3738=CARTESIAN_POINT('',(213.2020657839,-7.85,48.1979367597));
#3739=CARTESIAN_POINT('Origin',(213.2020657839,2.5,46.0479367597));
#3740=CARTESIAN_POINT('',(213.2020657839,-5.3,44.0479367597));
#3741=CARTESIAN_POINT('',(213.2020657839,-5.3,48.0479367597));
#3742=CARTESIAN_POINT('Origin',(213.2020657839,-5.3,46.0479367597));
#3743=CARTESIAN_POINT('Origin',(213.2020657839,-5.3,46.0479367597));
#3744=CARTESIAN_POINT('',(213.2020657839,2.5,48.0479367597));
#3745=CARTESIAN_POINT('Origin',(213.2020657839,-5.15,46.0479367597));
#3746=CARTESIAN_POINT('',(213.2020657839,-5.15,43.8979367597));
#3747=CARTESIAN_POINT('Origin',(209.2020657839,-7.95,48.9979367597));
#3748=CARTESIAN_POINT('',(215.702065756034,-7.89999999935668,49.047936760344));
#3749=CARTESIAN_POINT('',(215.7020657606,-7.999999998967,48.94793676073));
#3750=CARTESIAN_POINT('',(215.7020657549,-7.899999998715,49.04793676099));
#3751=CARTESIAN_POINT('Origin',(0.,0.,49.0479367597));
#3752=CARTESIAN_POINT('Origin',(215.7020657839,-6.5,49.0479367597));
#3753=CARTESIAN_POINT('',(202.7020657839,-7.7,49.0479367597));
#3754=CARTESIAN_POINT('',(202.7020657839,-5.3,49.0479367597));
#3755=CARTESIAN_POINT('Origin',(202.7020657839,-6.5,49.0479367597));
#3756=CARTESIAN_POINT('',(215.7020657839,-5.3,49.0479367597));
#3757=CARTESIAN_POINT('',(202.7020657839,-5.3,49.0479367597));
#3758=CARTESIAN_POINT('',(215.7020657839,-7.7,49.0479367597));
#3759=CARTESIAN_POINT('Origin',(215.7020657839,-6.5,49.0479367597));
#3760=CARTESIAN_POINT('',(215.7020657839,-7.7,49.0479367597));
#3761=CARTESIAN_POINT('Origin',(202.7020657839,-6.5,50.5479367597));
#3762=CARTESIAN_POINT('',(202.702065814595,-5.30000000062548,50.4479367609507));
#3763=CARTESIAN_POINT('',(202.70206579221,-7.69999999864198,50.4479367607824));
#3764=CARTESIAN_POINT('Origin',(202.7020657839,-6.5,50.4479367597));
#3765=CARTESIAN_POINT('',(202.7020658146,-5.300000001818,50.44793676152));
#3766=CARTESIAN_POINT('',(202.7020657928,-7.699999997732,50.44793676197));
#3767=CARTESIAN_POINT('Origin',(202.7020657839,-6.5,50.49793676342));
#3768=CARTESIAN_POINT('',(202.7020658214,-5.40000000111836,50.547936760817));
#3769=CARTESIAN_POINT('',(202.702065793752,-7.59999999869236,50.5479367610063));
#3770=CARTESIAN_POINT('Origin',(202.7020657839,-6.5,50.5479367597));
#3771=CARTESIAN_POINT('',(202.7020658214,-5.400000002222,50.54793676192));
#3772=CARTESIAN_POINT('',(202.7020657947,-7.599999997228,50.54793676247));
#3773=CARTESIAN_POINT('Origin',(0.,0.,50.5479367597));
#3774=CARTESIAN_POINT('',(215.702065747375,-7.59999999895022,50.5479367607484));
#3775=CARTESIAN_POINT('',(215.702065774048,-5.40000000130764,50.5479367610063));
#3776=CARTESIAN_POINT('Origin',(215.7020657839,-6.5,50.5479367597));
#3777=CARTESIAN_POINT('',(215.7020657731,-5.400000002772,50.54793676247));
#3778=CARTESIAN_POINT('',(202.7020657947,-7.599999997228,50.54793676247));
#3779=CARTESIAN_POINT('Origin',(215.7020657839,-6.5,50.49793676342));
#3780=CARTESIAN_POINT('',(215.70206575369,-7.6999999988993,50.4479367605966));
#3781=CARTESIAN_POINT('',(215.7020657464,-7.599999997778,50.54793676192));
#3782=CARTESIAN_POINT('',(215.70206577559,-5.30000000135803,50.4479367607824));
#3783=CARTESIAN_POINT('Origin',(215.7020657839,-6.5,50.4479367597));
#3784=CARTESIAN_POINT('',(215.7020657731,-5.400000002772,50.54793676247));
#3785=CARTESIAN_POINT('Origin',(209.2020657839,-5.35,50.4979367597));
#3786=CARTESIAN_POINT('',(215.702065775,-5.300000002268,50.44793676197));
#3787=CARTESIAN_POINT('Origin',(202.7020657839,-5.3,50.5479367597));
#3788=CARTESIAN_POINT('',(215.702065775,-5.300000002268,50.44793676197));
#3789=CARTESIAN_POINT('Origin',(215.7020657839,-6.5,50.5479367597));
#3790=CARTESIAN_POINT('',(215.7020657532,-7.699999998182,50.44793676152));
#3791=CARTESIAN_POINT('Origin',(215.7020657839,-7.7,50.5479367597));
#3792=CARTESIAN_POINT('',(202.7020657928,-7.699999997732,50.44793676197));
#3793=CARTESIAN_POINT('Origin',(209.2020657839,-7.65,50.4979367597));
#3794=CARTESIAN_POINT('Origin',(215.7020657839,-6.5,48.99793676143));
#3795=CARTESIAN_POINT('Origin',(215.7020657839,-6.5,48.9479367597));
#3796=CARTESIAN_POINT('Origin',(215.7020657839,-6.5,37.8479367597));
#3797=CARTESIAN_POINT('Origin',(206.3519457839,1.50012,37.8479367597));
#3798=CARTESIAN_POINT('Origin',(217.3020657839,-6.5,37.6979367597));
#3799=CARTESIAN_POINT('',(219.402065784,-6.500000001311,37.8479367597));
#3800=CARTESIAN_POINT('Origin',(222.7020657839,-6.499999999432,37.6979367597));
#3801=CARTESIAN_POINT('',(222.7020657839,-9.499999999432,37.5479367597));
#3802=CARTESIAN_POINT('',(222.7020657839,-9.799999999432,37.8479367597));
#3803=CARTESIAN_POINT('Origin',(222.7020657839,-6.499999999432,37.5479367597));
#3804=CARTESIAN_POINT('Origin',(222.7020657839,-6.499999999432,31.63372319652));
#3805=CARTESIAN_POINT('',(222.7020657839,-9.499999999432,33.3479367597));
#3806=CARTESIAN_POINT('',(222.7020657839,-9.499999999432,37.5479367597));
#3807=CARTESIAN_POINT('Origin',(222.7020657839,-6.499999999432,33.3479367597));
#3808=CARTESIAN_POINT('Origin',(220.2020657839,-9.499999999432,31.63372319652));
#3809=CARTESIAN_POINT('',(224.7020657839,-9.499999999432,33.3479367597));
#3810=CARTESIAN_POINT('',(224.7020657839,-9.499999999432,37.5479367597));
#3811=CARTESIAN_POINT('',(224.7020657839,-9.499999999432,33.3479367597));
#3812=CARTESIAN_POINT('',(222.7020657839,-9.499999999432,33.3479367597));
#3813=CARTESIAN_POINT('',(224.7020657839,-9.499999999432,37.5479367597));
#3814=CARTESIAN_POINT('Origin',(224.7020657839,-10.49999999943,32.8478167597));
#3815=CARTESIAN_POINT('',(225.7020657839,-10.49999999943,37.5479367597));
#3816=CARTESIAN_POINT('',(225.7020657839,-10.49999999943,33.3479367597));
#3817=CARTESIAN_POINT('',(225.7020657839,-10.49999999943,37.5479367597));
#3818=CARTESIAN_POINT('Origin',(224.7020657839,-10.49999999943,33.3479367597));
#3819=CARTESIAN_POINT('Origin',(224.7020657839,-10.49999999943,37.5479367597));
#3820=CARTESIAN_POINT('Origin',(225.7020657839,-5.09988,32.8478167597));
#3821=CARTESIAN_POINT('',(225.7020657839,-25.,33.3479367597));
#3822=CARTESIAN_POINT('',(225.7020657839,-25.,33.3479367597));
#3823=CARTESIAN_POINT('',(225.7020657839,-10.49999999943,33.3479367597));
#3824=CARTESIAN_POINT('',(225.7020657839,-15.2,37.5479367597));
#3825=CARTESIAN_POINT('',(225.7020657839,-15.2,37.5479367597));
#3826=CARTESIAN_POINT('',(225.7020657839,-15.2,36.0479367597));
#3827=CARTESIAN_POINT('Origin',(224.7020657839,-25.,32.8478167597));
#3828=CARTESIAN_POINT('',(224.7020657839,-26.,33.3479367597));
#3829=CARTESIAN_POINT('',(224.7020657839,-26.,34.7479367597));
#3830=CARTESIAN_POINT('Origin',(224.7020657839,-25.,33.3479367597));
#3831=CARTESIAN_POINT('Origin',(206.3519457839,-26.,35.2480567597));
#3832=CARTESIAN_POINT('',(204.2020657839,-26.,33.3479367597));
#3833=CARTESIAN_POINT('',(204.2020657839,-26.,33.3479367597));
#3834=CARTESIAN_POINT('',(224.7020657839,-26.,33.3479367597));
#3835=CARTESIAN_POINT('Origin',(204.2020657839,-25.,35.0479367597));
#3836=CARTESIAN_POINT('Origin',(204.2020657839,-25.,33.3479367597));
#3837=CARTESIAN_POINT('Origin',(204.2020657839,-25.,34.7479367597));
#3838=CARTESIAN_POINT('Origin',(204.2020657839,-25.,34.8979367597));
#3839=CARTESIAN_POINT('Origin',(204.2020657839,-25.,33.1979367597));
#3840=CARTESIAN_POINT('',(203.2020657839,-25.,33.3479367597));
#3841=CARTESIAN_POINT('',(204.2020657839,-25.7,33.0479367597));
#3842=CARTESIAN_POINT('Origin',(203.5020657839,-5.09988,33.0479367597));
#3843=CARTESIAN_POINT('Origin',(206.3519457839,-26.,33.3479367597));
#3844=CARTESIAN_POINT('',(224.7020657839,-26.,33.3479367597));
#3845=CARTESIAN_POINT('Origin',(224.7020657839,-25.,33.1979367597));
#3846=CARTESIAN_POINT('',(225.4020657839,-25.,33.0479367597));
#3847=CARTESIAN_POINT('Origin',(225.4020657839,-5.09988,33.0479367597));
#3848=CARTESIAN_POINT('',(225.7020657839,-10.49999999943,33.3479367597));
#3849=CARTESIAN_POINT('Origin',(224.7020657839,-10.49999999943,33.1979367597));
#3850=CARTESIAN_POINT('',(224.7020657839,-9.799999999432,33.0479367597));
#3851=CARTESIAN_POINT('Origin',(206.3519457839,-9.799999999432,33.0479367597));
#3852=CARTESIAN_POINT('',(222.7020657839,-9.499999999432,33.3479367597));
#3853=CARTESIAN_POINT('Origin',(222.7020657839,-6.499999999432,33.1979367597));
#3854=CARTESIAN_POINT('Origin',(225.4020657839,-15.5,35.0479367597));
#3855=CARTESIAN_POINT('',(225.4020657839,-15.5,37.5479367597));
#3856=CARTESIAN_POINT('Origin',(225.4020657839,-15.5,37.5479367597));
#3857=CARTESIAN_POINT('',(225.7020657839,-15.2,37.5479367597));
#3858=CARTESIAN_POINT('Origin',(225.4020657839,1.50012,37.8479367597));
#3859=CARTESIAN_POINT('',(225.4020657839,-10.49999999943,37.8479367597));
#3860=CARTESIAN_POINT('Origin',(224.7020657839,-10.49999999943,37.6979367597));
#3861=CARTESIAN_POINT('',(224.7020657839,-9.499999999432,37.5479367597));
#3862=CARTESIAN_POINT('Origin',(220.2020657839,-9.499999999432,37.5479367597));
#3863=CARTESIAN_POINT('Origin',(218.4520657839,-11.5,33.1979367597));
#3864=CARTESIAN_POINT('',(219.8020657839,-11.5,33.1979367597));
#3865=CARTESIAN_POINT('Origin',(210.4520657839,-11.5,33.1979367597));
#3866=CARTESIAN_POINT('',(211.8020657839,-11.5,33.1979367597));
#3867=CARTESIAN_POINT('Origin',(210.4520657839,-23.5,34.8979367597));
#3868=CARTESIAN_POINT('',(210.4520657839,-25.6,34.7479367597));
#3869=CARTESIAN_POINT('',(208.3520657839,-23.5,34.7479367597));
#3870=CARTESIAN_POINT('Origin',(210.4520657839,-23.5,34.7479367597));
#3871=CARTESIAN_POINT('',(208.2020657839,-23.5,34.8979367597));
#3872=CARTESIAN_POINT('Origin',(210.4520657839,-23.5,34.7479367597));
#3873=CARTESIAN_POINT('Origin',(210.4520657839,-23.5,35.0479367597));
#3874=CARTESIAN_POINT('',(210.4520657839,-25.6,34.1479367597));
#3875=CARTESIAN_POINT('Origin',(210.4520657839,-23.5,34.1479367597));
#3876=CARTESIAN_POINT('',(210.4520657839,-25.6,35.0479367597));
#3877=CARTESIAN_POINT('Origin',(0.,0.,34.1479367597));
#3878=CARTESIAN_POINT('',(208.9520657839,-23.5,34.1479367597));
#3879=CARTESIAN_POINT('Origin',(210.4520657839,-23.5,34.1479367597));
#3880=CARTESIAN_POINT('Origin',(210.4520657839,-23.5,33.9979367597));
#3881=CARTESIAN_POINT('',(209.2520657839,-23.5,33.8479367597));
#3882=CARTESIAN_POINT('Origin',(210.4520657839,-23.5,33.8479367597));
#3883=CARTESIAN_POINT('',(209.1020657839,-23.5,33.9979367597));
#3884=CARTESIAN_POINT('Origin',(210.4520657839,-23.5,24.1479367597));
#3885=CARTESIAN_POINT('',(211.6520657839,-23.5,33.3479367597));
#3886=CARTESIAN_POINT('',(209.2520657839,-23.5,33.3479367597));
#3887=CARTESIAN_POINT('Origin',(210.4520657839,-23.5,33.3479367597));
#3888=CARTESIAN_POINT('Origin',(210.4520657839,-23.5,33.3479367597));
#3889=CARTESIAN_POINT('',(209.2520657839,-23.5,24.1479367597));
#3890=CARTESIAN_POINT('Origin',(210.4520657839,-23.5,33.1979367597));
#3891=CARTESIAN_POINT('',(211.8020657839,-23.5,33.1979367597));
#3892=CARTESIAN_POINT('Origin',(217.3020657839,-6.5,24.7979367597));
#3893=CARTESIAN_POINT('',(217.3020657839,-4.4,24.6479367597));
#3894=CARTESIAN_POINT('',(217.3020657839,-4.4,24.6479367597));
#3895=CARTESIAN_POINT('',(217.3020657839,-8.6,24.6479367597));
#3896=CARTESIAN_POINT('',(217.3020657839,-8.9,24.9479367597));
#3897=CARTESIAN_POINT('Origin',(217.3020657839,-6.5,24.6479367597));
#3898=CARTESIAN_POINT('Origin',(209.2020657839,-4.1,24.9479367597));
#3899=CARTESIAN_POINT('',(211.6020657839,-4.4,24.6479367597));
#3900=CARTESIAN_POINT('',(211.6020657839,-4.1,24.9479367597));
#3901=CARTESIAN_POINT('',(217.3020657839,-4.4,24.6479367597));
#3902=CARTESIAN_POINT('Origin',(211.6020657839,-6.5,24.7979367597));
#3903=CARTESIAN_POINT('',(211.6020657839,-8.6,24.6479367597));
#3904=CARTESIAN_POINT('',(211.6020657839,-8.6,24.6479367597));
#3905=CARTESIAN_POINT('Origin',(211.6020657839,-6.5,24.6479367597));
#3906=CARTESIAN_POINT('Origin',(208.1519457839,-8.6,24.6479367597));
#3907=CARTESIAN_POINT('',(211.6020657839,-8.6,24.6479367597));
#3908=CARTESIAN_POINT('Origin',(208.1519457839,-2.40988,24.6479367597));
#3909=CARTESIAN_POINT('Origin',(214.4520657839,-6.5,26.8479367597));
#3910=CARTESIAN_POINT('',(213.6520657839,-6.5,33.2479367597));
#3911=CARTESIAN_POINT('Origin',(214.4520657839,-6.5,33.2479367597));
#3912=CARTESIAN_POINT('',(213.6520657839,-6.5,26.8479367597));
#3913=CARTESIAN_POINT('Origin',(212.9519457839,-4.99988,33.2479367597));
#3914=UNCERTAINTY_MEASURE_WITH_UNIT(LENGTH_MEASURE(0.01),#3918,
'DISTANCE_ACCURACY_VALUE',
'Maximum model space distance between geometric entities at asserted c
onnectivities');
#3915=UNCERTAINTY_MEASURE_WITH_UNIT(LENGTH_MEASURE(0.01),#3918,
'DISTANCE_ACCURACY_VALUE',
'Maximum model space distance between geometric entities at asserted c
onnectivities');
#3916=(
GEOMETRIC_REPRESENTATION_CONTEXT(3)
GLOBAL_UNCERTAINTY_ASSIGNED_CONTEXT((#3914))
GLOBAL_UNIT_ASSIGNED_CONTEXT((#3918,#3920,#3921))
REPRESENTATION_CONTEXT('','3D')
);
#3917=(
GEOMETRIC_REPRESENTATION_CONTEXT(3)
GLOBAL_UNCERTAINTY_ASSIGNED_CONTEXT((#3915))
GLOBAL_UNIT_ASSIGNED_CONTEXT((#3918,#3920,#3921))
REPRESENTATION_CONTEXT('','3D')
);
#3918=(
LENGTH_UNIT()
NAMED_UNIT(*)
SI_UNIT(.MILLI.,.METRE.)
);
#3919=(
LENGTH_UNIT()
NAMED_UNIT(*)
SI_UNIT($,.METRE.)
);
#3920=(
NAMED_UNIT(*)
PLANE_ANGLE_UNIT()
SI_UNIT($,.RADIAN.)
);
#3921=(
NAMED_UNIT(*)
SI_UNIT($,.STERADIAN.)
SOLID_ANGLE_UNIT()
);
#3922=SHAPE_DEFINITION_REPRESENTATION(#3923,#3924);
#3923=PRODUCT_DEFINITION_SHAPE('',$,#3926);
#3924=SHAPE_REPRESENTATION('',(#1963),#3916);
#3925=PRODUCT_DEFINITION_CONTEXT('part definition',#3930,'design');
#3926=PRODUCT_DEFINITION('0009','0009 v3',#3927,#3925);
#3927=PRODUCT_DEFINITION_FORMATION('',$,#3932);
#3928=PRODUCT_RELATED_PRODUCT_CATEGORY('0009 v3','0009 v3',(#3932));
#3929=APPLICATION_PROTOCOL_DEFINITION('international standard',
'automotive_design',2009,#3930);
#3930=APPLICATION_CONTEXT(
'Core Data for Automotive Mechanical Design Process');
#3931=PRODUCT_CONTEXT('part definition',#3930,'mechanical');
#3932=PRODUCT('0009','0009 v3','NOT SPECIFIED',(#3931));
#3933=PRESENTATION_STYLE_ASSIGNMENT((#3935));
#3934=PRESENTATION_STYLE_ASSIGNMENT((#3936));
#3935=SURFACE_STYLE_USAGE(.BOTH.,#3937);
#3936=SURFACE_STYLE_USAGE(.BOTH.,#3938);
#3937=SURFACE_SIDE_STYLE('',(#3939));
#3938=SURFACE_SIDE_STYLE('',(#3940));
#3939=SURFACE_STYLE_FILL_AREA(#3941);
#3940=SURFACE_STYLE_FILL_AREA(#3942);
#3941=FILL_AREA_STYLE('Plate',(#3943));
#3942=FILL_AREA_STYLE('Opaque(229,234,237)',(#3944));
#3943=FILL_AREA_STYLE_COLOUR('Plate',#3945);
#3944=FILL_AREA_STYLE_COLOUR('Opaque(229,234,237)',#3946);
#3945=COLOUR_RGB('Plate',0.6,0.6,0.6);
#3946=COLOUR_RGB('Opaque(229,234,237)',0.898039215686275,0.917647058823529,
0.929411764705882);
ENDSEC;
END-ISO-10303-21;
