ISO-10303-21;
HEADER;
/* Generated by software containing ST-Developer
 * from STEP Tools, Inc. (www.steptools.com) 
 */

FILE_DESCRIPTION(
/* description */ (''),
/* implementation_level */ '2;1');

FILE_NAME(
/* name */ 'Acuator Host-Join-modified-3.step',
/* time_stamp */ '2026-09-04T21:31:29+10:00',
/* author */ (''),
/* organization */ (''),
/* preprocessor_version */ 'ST-DEVELOPER v20.2',
/* originating_system */ 'Autodesk Translation Framework v15.15.0.0',
/* authorisation */ '');

FILE_SCHEMA (('AUTOMOTIVE_DESIGN { 1 0 10303 214 3 1 1 }'));
ENDSEC;

DATA;
#10=MECHANICAL_DESIGN_GEOMETRIC_PRESENTATION_REPRESENTATION('',(#13),#4184);
#11=SHAPE_REPRESENTATION_RELATIONSHIP('SRR','None',#4190,#12);
#12=ADVANCED_BREP_SHAPE_REPRESENTATION('',(#14),#4183);
#13=STYLED_ITEM('',(#4199),#14);
#14=MANIFOLD_SOLID_BREP('Body9',#2362);
#15=B_SPLINE_CURVE_WITH_KNOTS('',3,(#3685,#3686,#3687,#3688,#3689,#3690,
#3691,#3692,#3693,#3694,#3695,#3696,#3697,#3698),.UNSPECIFIED.,.F.,.F.,
(4,2,2,2,2,2,4),(1.19581833950414,1.3466858676848,1.49755339586546,1.64432601858923,
1.67287629786818,1.68715143750766,1.70142657714713),.UNSPECIFIED.);
#16=B_SPLINE_CURVE_WITH_KNOTS('',3,(#3702,#3703,#3704,#3705,#3706,#3707,
#3708,#3709,#3710,#3711),.UNSPECIFIED.,.F.,.F.,(4,2,2,2,4),(0.324107255584558,
0.408740298948405,0.493373342312252,0.5681699156535,0.642966488994748),
 .UNSPECIFIED.);
#17=B_SPLINE_CURVE_WITH_KNOTS('',3,(#3723,#3724,#3725,#3726,#3727,#3728,
#3729,#3730,#3731,#3732,#3733,#3734),.UNSPECIFIED.,.F.,.F.,(4,2,2,2,2,4),
(0.691405835960741,0.731040855261992,0.770675874563243,0.849945913165745,
0.955377598071839,1.06080928297793),.UNSPECIFIED.);
#18=B_SPLINE_CURVE_WITH_KNOTS('',3,(#3738,#3739,#3740,#3741,#3742,#3743,
#3744,#3745,#3746,#3747),.UNSPECIFIED.,.F.,.F.,(4,2,2,2,4),(-0.318859232766255,
-0.234226189740919,-0.149593146715584,-0.074796573357792,0.),
 .UNSPECIFIED.);
#19=B_SPLINE_CURVE_WITH_KNOTS('',3,(#3759,#3760,#3761,#3762,#3763,#3764,
#3765,#3766,#3767,#3768,#3769,#3770,#3771,#3772),.UNSPECIFIED.,.F.,.F.,
(4,2,2,2,2,2,4),(0.850239419900459,0.864514559539936,0.878789699179412,
0.907339978458366,1.05411260118213,1.20498012936279,1.35584765754345),
 .UNSPECIFIED.);
#20=B_SPLINE_CURVE_WITH_KNOTS('',3,(#3776,#3777,#3778,#3779,#3780,#3781,
#3782,#3783,#3784,#3785),.UNSPECIFIED.,.F.,.F.,(4,2,2,2,4),(0.642921286259395,
0.717717859600643,0.792514432941891,0.877147476305738,0.961780519669585),
 .UNSPECIFIED.);
#21=B_SPLINE_CURVE_WITH_KNOTS('',3,(#3835,#3836,#3837,#3838,#3839,#3840,
#3841,#3842,#3843,#3844,#3845,#3846),.UNSPECIFIED.,.F.,.F.,(4,2,2,2,2,4),
(1.01441773002791,1.11984941493401,1.2252810998401,1.3045511384426,1.34418615774386,
1.38382117704511),.UNSPECIFIED.);
#22=B_SPLINE_CURVE_WITH_KNOTS('',3,(#3848,#3849,#3850,#3851,#3852,#3853,
#3854,#3855,#3856,#3857),.UNSPECIFIED.,.F.,.F.,(4,2,2,2,4),(0.,0.0747965733247044,
0.149593146649409,0.234226190351767,0.318859234054126),.UNSPECIFIED.);
#23=FACE_BOUND('',#237,.T.);
#24=FACE_BOUND('',#239,.T.);
#25=FACE_BOUND('',#241,.T.);
#26=FACE_BOUND('',#243,.T.);
#27=FACE_BOUND('',#262,.T.);
#28=FACE_BOUND('',#263,.T.);
#29=FACE_BOUND('',#264,.T.);
#30=FACE_BOUND('',#265,.T.);
#31=FACE_BOUND('',#288,.T.);
#32=FACE_BOUND('',#302,.T.);
#33=FACE_BOUND('',#305,.T.);
#34=FACE_BOUND('',#308,.T.);
#35=FACE_BOUND('',#311,.T.);
#36=FACE_BOUND('',#314,.T.);
#37=FACE_BOUND('',#317,.T.);
#38=FACE_BOUND('',#319,.T.);
#39=FACE_BOUND('',#321,.T.);
#40=FACE_BOUND('',#324,.T.);
#41=FACE_BOUND('',#326,.T.);
#42=FACE_BOUND('',#328,.T.);
#43=FACE_BOUND('',#331,.T.);
#44=FACE_BOUND('',#339,.T.);
#45=FACE_BOUND('',#367,.T.);
#46=FACE_BOUND('',#368,.T.);
#47=FACE_BOUND('',#369,.T.);
#48=FACE_BOUND('',#370,.T.);
#49=FACE_BOUND('',#371,.T.);
#50=FACE_BOUND('',#372,.T.);
#51=FACE_BOUND('',#373,.T.);
#52=FACE_BOUND('',#374,.T.);
#53=FACE_BOUND('',#375,.T.);
#54=FACE_BOUND('',#376,.T.);
#55=FACE_BOUND('',#377,.T.);
#56=FACE_BOUND('',#378,.T.);
#57=FACE_BOUND('',#379,.T.);
#58=FACE_BOUND('',#380,.T.);
#59=FACE_BOUND('',#381,.T.);
#60=FACE_BOUND('',#382,.T.);
#61=FACE_BOUND('',#383,.T.);
#62=FACE_BOUND('',#384,.T.);
#63=FACE_BOUND('',#385,.T.);
#64=FACE_BOUND('',#386,.T.);
#65=FACE_BOUND('',#387,.T.);
#66=PLANE('',#2402);
#67=PLANE('',#2406);
#68=PLANE('',#2410);
#69=PLANE('',#2414);
#70=PLANE('',#2418);
#71=PLANE('',#2419);
#72=PLANE('',#2421);
#73=PLANE('',#2423);
#74=PLANE('',#2424);
#75=PLANE('',#2425);
#76=PLANE('',#2427);
#77=PLANE('',#2429);
#78=PLANE('',#2439);
#79=PLANE('',#2442);
#80=PLANE('',#2445);
#81=PLANE('',#2472);
#82=PLANE('',#2482);
#83=PLANE('',#2491);
#84=PLANE('',#2498);
#85=PLANE('',#2500);
#86=PLANE('',#2504);
#87=PLANE('',#2547);
#88=PLANE('',#2553);
#89=PLANE('',#2559);
#90=PLANE('',#2564);
#91=PLANE('',#2570);
#92=PLANE('',#2576);
#93=PLANE('',#2578);
#94=PLANE('',#2580);
#95=PLANE('',#2586);
#96=PLANE('',#2588);
#97=PLANE('',#2590);
#98=PLANE('',#2596);
#99=PLANE('',#2610);
#100=PLANE('',#2615);
#101=PLANE('',#2618);
#102=PLANE('',#2655);
#103=PLANE('',#2658);
#104=PLANE('',#2659);
#105=FACE_OUTER_BOUND('',#225,.T.);
#106=FACE_OUTER_BOUND('',#226,.T.);
#107=FACE_OUTER_BOUND('',#227,.T.);
#108=FACE_OUTER_BOUND('',#228,.T.);
#109=FACE_OUTER_BOUND('',#229,.T.);
#110=FACE_OUTER_BOUND('',#230,.T.);
#111=FACE_OUTER_BOUND('',#231,.T.);
#112=FACE_OUTER_BOUND('',#232,.T.);
#113=FACE_OUTER_BOUND('',#233,.T.);
#114=FACE_OUTER_BOUND('',#234,.T.);
#115=FACE_OUTER_BOUND('',#235,.T.);
#116=FACE_OUTER_BOUND('',#236,.T.);
#117=FACE_OUTER_BOUND('',#238,.T.);
#118=FACE_OUTER_BOUND('',#240,.T.);
#119=FACE_OUTER_BOUND('',#242,.T.);
#120=FACE_OUTER_BOUND('',#244,.T.);
#121=FACE_OUTER_BOUND('',#245,.T.);
#122=FACE_OUTER_BOUND('',#246,.T.);
#123=FACE_OUTER_BOUND('',#247,.T.);
#124=FACE_OUTER_BOUND('',#248,.T.);
#125=FACE_OUTER_BOUND('',#249,.T.);
#126=FACE_OUTER_BOUND('',#250,.T.);
#127=FACE_OUTER_BOUND('',#251,.T.);
#128=FACE_OUTER_BOUND('',#252,.T.);
#129=FACE_OUTER_BOUND('',#253,.T.);
#130=FACE_OUTER_BOUND('',#254,.T.);
#131=FACE_OUTER_BOUND('',#255,.T.);
#132=FACE_OUTER_BOUND('',#256,.T.);
#133=FACE_OUTER_BOUND('',#257,.T.);
#134=FACE_OUTER_BOUND('',#258,.T.);
#135=FACE_OUTER_BOUND('',#259,.T.);
#136=FACE_OUTER_BOUND('',#260,.T.);
#137=FACE_OUTER_BOUND('',#261,.T.);
#138=FACE_OUTER_BOUND('',#266,.T.);
#139=FACE_OUTER_BOUND('',#267,.T.);
#140=FACE_OUTER_BOUND('',#268,.T.);
#141=FACE_OUTER_BOUND('',#269,.T.);
#142=FACE_OUTER_BOUND('',#270,.T.);
#143=FACE_OUTER_BOUND('',#271,.T.);
#144=FACE_OUTER_BOUND('',#272,.T.);
#145=FACE_OUTER_BOUND('',#273,.T.);
#146=FACE_OUTER_BOUND('',#274,.T.);
#147=FACE_OUTER_BOUND('',#275,.T.);
#148=FACE_OUTER_BOUND('',#276,.T.);
#149=FACE_OUTER_BOUND('',#277,.T.);
#150=FACE_OUTER_BOUND('',#278,.T.);
#151=FACE_OUTER_BOUND('',#279,.T.);
#152=FACE_OUTER_BOUND('',#280,.T.);
#153=FACE_OUTER_BOUND('',#281,.T.);
#154=FACE_OUTER_BOUND('',#282,.T.);
#155=FACE_OUTER_BOUND('',#283,.T.);
#156=FACE_OUTER_BOUND('',#284,.T.);
#157=FACE_OUTER_BOUND('',#285,.T.);
#158=FACE_OUTER_BOUND('',#286,.T.);
#159=FACE_OUTER_BOUND('',#287,.T.);
#160=FACE_OUTER_BOUND('',#289,.T.);
#161=FACE_OUTER_BOUND('',#290,.T.);
#162=FACE_OUTER_BOUND('',#291,.T.);
#163=FACE_OUTER_BOUND('',#292,.T.);
#164=FACE_OUTER_BOUND('',#293,.T.);
#165=FACE_OUTER_BOUND('',#294,.T.);
#166=FACE_OUTER_BOUND('',#295,.T.);
#167=FACE_OUTER_BOUND('',#296,.T.);
#168=FACE_OUTER_BOUND('',#297,.T.);
#169=FACE_OUTER_BOUND('',#298,.T.);
#170=FACE_OUTER_BOUND('',#299,.T.);
#171=FACE_OUTER_BOUND('',#300,.T.);
#172=FACE_OUTER_BOUND('',#301,.T.);
#173=FACE_OUTER_BOUND('',#303,.T.);
#174=FACE_OUTER_BOUND('',#304,.T.);
#175=FACE_OUTER_BOUND('',#306,.T.);
#176=FACE_OUTER_BOUND('',#307,.T.);
#177=FACE_OUTER_BOUND('',#309,.T.);
#178=FACE_OUTER_BOUND('',#310,.T.);
#179=FACE_OUTER_BOUND('',#312,.T.);
#180=FACE_OUTER_BOUND('',#313,.T.);
#181=FACE_OUTER_BOUND('',#315,.T.);
#182=FACE_OUTER_BOUND('',#316,.T.);
#183=FACE_OUTER_BOUND('',#318,.T.);
#184=FACE_OUTER_BOUND('',#320,.T.);
#185=FACE_OUTER_BOUND('',#322,.T.);
#186=FACE_OUTER_BOUND('',#323,.T.);
#187=FACE_OUTER_BOUND('',#325,.T.);
#188=FACE_OUTER_BOUND('',#327,.T.);
#189=FACE_OUTER_BOUND('',#329,.T.);
#190=FACE_OUTER_BOUND('',#330,.T.);
#191=FACE_OUTER_BOUND('',#332,.T.);
#192=FACE_OUTER_BOUND('',#333,.T.);
#193=FACE_OUTER_BOUND('',#334,.T.);
#194=FACE_OUTER_BOUND('',#335,.T.);
#195=FACE_OUTER_BOUND('',#336,.T.);
#196=FACE_OUTER_BOUND('',#337,.T.);
#197=FACE_OUTER_BOUND('',#338,.T.);
#198=FACE_OUTER_BOUND('',#340,.T.);
#199=FACE_OUTER_BOUND('',#341,.T.);
#200=FACE_OUTER_BOUND('',#342,.T.);
#201=FACE_OUTER_BOUND('',#343,.T.);
#202=FACE_OUTER_BOUND('',#344,.T.);
#203=FACE_OUTER_BOUND('',#345,.T.);
#204=FACE_OUTER_BOUND('',#346,.T.);
#205=FACE_OUTER_BOUND('',#347,.T.);
#206=FACE_OUTER_BOUND('',#348,.T.);
#207=FACE_OUTER_BOUND('',#349,.T.);
#208=FACE_OUTER_BOUND('',#350,.T.);
#209=FACE_OUTER_BOUND('',#351,.T.);
#210=FACE_OUTER_BOUND('',#352,.T.);
#211=FACE_OUTER_BOUND('',#353,.T.);
#212=FACE_OUTER_BOUND('',#354,.T.);
#213=FACE_OUTER_BOUND('',#355,.T.);
#214=FACE_OUTER_BOUND('',#356,.T.);
#215=FACE_OUTER_BOUND('',#357,.T.);
#216=FACE_OUTER_BOUND('',#358,.T.);
#217=FACE_OUTER_BOUND('',#359,.T.);
#218=FACE_OUTER_BOUND('',#360,.T.);
#219=FACE_OUTER_BOUND('',#361,.T.);
#220=FACE_OUTER_BOUND('',#362,.T.);
#221=FACE_OUTER_BOUND('',#363,.T.);
#222=FACE_OUTER_BOUND('',#364,.T.);
#223=FACE_OUTER_BOUND('',#365,.T.);
#224=FACE_OUTER_BOUND('',#366,.T.);
#225=EDGE_LOOP('',(#1455,#1456,#1457,#1458));
#226=EDGE_LOOP('',(#1459,#1460,#1461,#1462));
#227=EDGE_LOOP('',(#1463,#1464,#1465,#1466));
#228=EDGE_LOOP('',(#1467,#1468,#1469,#1470));
#229=EDGE_LOOP('',(#1471,#1472,#1473,#1474,#1475));
#230=EDGE_LOOP('',(#1476,#1477,#1478,#1479));
#231=EDGE_LOOP('',(#1480,#1481,#1482,#1483,#1484,#1485,#1486));
#232=EDGE_LOOP('',(#1487,#1488,#1489,#1490,#1491,#1492,#1493));
#233=EDGE_LOOP('',(#1494,#1495,#1496,#1497,#1498,#1499,#1500));
#234=EDGE_LOOP('',(#1501,#1502,#1503,#1504,#1505,#1506,#1507));
#235=EDGE_LOOP('',(#1508,#1509,#1510,#1511,#1512,#1513,#1514));
#236=EDGE_LOOP('',(#1515,#1516,#1517,#1518,#1519));
#237=EDGE_LOOP('',(#1520));
#238=EDGE_LOOP('',(#1521,#1522,#1523,#1524,#1525));
#239=EDGE_LOOP('',(#1526));
#240=EDGE_LOOP('',(#1527,#1528,#1529,#1530,#1531));
#241=EDGE_LOOP('',(#1532));
#242=EDGE_LOOP('',(#1533,#1534,#1535,#1536,#1537));
#243=EDGE_LOOP('',(#1538));
#244=EDGE_LOOP('',(#1539,#1540,#1541,#1542));
#245=EDGE_LOOP('',(#1543,#1544,#1545,#1546,#1547,#1548,#1549));
#246=EDGE_LOOP('',(#1550,#1551,#1552,#1553,#1554,#1555,#1556));
#247=EDGE_LOOP('',(#1557,#1558,#1559,#1560));
#248=EDGE_LOOP('',(#1561,#1562,#1563,#1564));
#249=EDGE_LOOP('',(#1565,#1566,#1567,#1568,#1569,#1570,#1571));
#250=EDGE_LOOP('',(#1572,#1573,#1574,#1575,#1576,#1577,#1578));
#251=EDGE_LOOP('',(#1579,#1580,#1581,#1582));
#252=EDGE_LOOP('',(#1583,#1584,#1585,#1586));
#253=EDGE_LOOP('',(#1587,#1588,#1589,#1590));
#254=EDGE_LOOP('',(#1591,#1592,#1593,#1594));
#255=EDGE_LOOP('',(#1595,#1596,#1597,#1598));
#256=EDGE_LOOP('',(#1599,#1600,#1601,#1602));
#257=EDGE_LOOP('',(#1603,#1604,#1605,#1606,#1607,#1608,#1609));
#258=EDGE_LOOP('',(#1610,#1611,#1612,#1613));
#259=EDGE_LOOP('',(#1614,#1615,#1616,#1617,#1618,#1619,#1620));
#260=EDGE_LOOP('',(#1621,#1622,#1623,#1624));
#261=EDGE_LOOP('',(#1625,#1626,#1627,#1628,#1629,#1630,#1631,#1632,#1633,
#1634,#1635,#1636,#1637,#1638,#1639,#1640,#1641,#1642,#1643,#1644,#1645,
#1646,#1647,#1648,#1649,#1650,#1651,#1652,#1653,#1654,#1655));
#262=EDGE_LOOP('',(#1656));
#263=EDGE_LOOP('',(#1657));
#264=EDGE_LOOP('',(#1658));
#265=EDGE_LOOP('',(#1659));
#266=EDGE_LOOP('',(#1660,#1661,#1662,#1663));
#267=EDGE_LOOP('',(#1664,#1665,#1666,#1667,#1668));
#268=EDGE_LOOP('',(#1669,#1670,#1671,#1672,#1673));
#269=EDGE_LOOP('',(#1674,#1675,#1676,#1677,#1678));
#270=EDGE_LOOP('',(#1679,#1680,#1681,#1682,#1683));
#271=EDGE_LOOP('',(#1684,#1685,#1686,#1687,#1688));
#272=EDGE_LOOP('',(#1689,#1690,#1691,#1692,#1693));
#273=EDGE_LOOP('',(#1694,#1695,#1696,#1697));
#274=EDGE_LOOP('',(#1698,#1699,#1700,#1701,#1702,#1703,#1704));
#275=EDGE_LOOP('',(#1705,#1706,#1707,#1708));
#276=EDGE_LOOP('',(#1709,#1710,#1711,#1712));
#277=EDGE_LOOP('',(#1713,#1714,#1715,#1716));
#278=EDGE_LOOP('',(#1717,#1718,#1719,#1720));
#279=EDGE_LOOP('',(#1721,#1722,#1723,#1724,#1725,#1726,#1727));
#280=EDGE_LOOP('',(#1728,#1729,#1730,#1731));
#281=EDGE_LOOP('',(#1732,#1733,#1734,#1735));
#282=EDGE_LOOP('',(#1736,#1737,#1738,#1739));
#283=EDGE_LOOP('',(#1740,#1741,#1742,#1743,#1744));
#284=EDGE_LOOP('',(#1745,#1746,#1747,#1748,#1749));
#285=EDGE_LOOP('',(#1750,#1751,#1752,#1753,#1754));
#286=EDGE_LOOP('',(#1755,#1756,#1757,#1758,#1759));
#287=EDGE_LOOP('',(#1760,#1761,#1762,#1763,#1764,#1765,#1766,#1767,#1768,
#1769,#1770,#1771));
#288=EDGE_LOOP('',(#1772));
#289=EDGE_LOOP('',(#1773,#1774,#1775,#1776));
#290=EDGE_LOOP('',(#1777,#1778,#1779,#1780));
#291=EDGE_LOOP('',(#1781,#1782,#1783,#1784));
#292=EDGE_LOOP('',(#1785,#1786,#1787,#1788));
#293=EDGE_LOOP('',(#1789,#1790,#1791,#1792));
#294=EDGE_LOOP('',(#1793,#1794,#1795,#1796));
#295=EDGE_LOOP('',(#1797,#1798,#1799,#1800));
#296=EDGE_LOOP('',(#1801,#1802,#1803,#1804));
#297=EDGE_LOOP('',(#1805,#1806,#1807,#1808));
#298=EDGE_LOOP('',(#1809,#1810,#1811,#1812));
#299=EDGE_LOOP('',(#1813,#1814,#1815,#1816,#1817));
#300=EDGE_LOOP('',(#1818,#1819,#1820,#1821));
#301=EDGE_LOOP('',(#1822,#1823,#1824));
#302=EDGE_LOOP('',(#1825));
#303=EDGE_LOOP('',(#1826,#1827,#1828,#1829,#1830,#1831,#1832));
#304=EDGE_LOOP('',(#1833,#1834,#1835));
#305=EDGE_LOOP('',(#1836));
#306=EDGE_LOOP('',(#1837,#1838,#1839,#1840,#1841,#1842,#1843));
#307=EDGE_LOOP('',(#1844,#1845));
#308=EDGE_LOOP('',(#1846));
#309=EDGE_LOOP('',(#1847,#1848,#1849,#1850,#1851));
#310=EDGE_LOOP('',(#1852,#1853));
#311=EDGE_LOOP('',(#1854));
#312=EDGE_LOOP('',(#1855,#1856,#1857,#1858,#1859,#1860,#1861));
#313=EDGE_LOOP('',(#1862,#1863,#1864));
#314=EDGE_LOOP('',(#1865));
#315=EDGE_LOOP('',(#1866,#1867,#1868,#1869,#1870,#1871,#1872));
#316=EDGE_LOOP('',(#1873,#1874,#1875));
#317=EDGE_LOOP('',(#1876));
#318=EDGE_LOOP('',(#1877,#1878,#1879));
#319=EDGE_LOOP('',(#1880));
#320=EDGE_LOOP('',(#1881,#1882,#1883));
#321=EDGE_LOOP('',(#1884));
#322=EDGE_LOOP('',(#1885,#1886,#1887,#1888,#1889,#1890,#1891));
#323=EDGE_LOOP('',(#1892,#1893,#1894));
#324=EDGE_LOOP('',(#1895));
#325=EDGE_LOOP('',(#1896,#1897,#1898));
#326=EDGE_LOOP('',(#1899));
#327=EDGE_LOOP('',(#1900,#1901,#1902));
#328=EDGE_LOOP('',(#1903));
#329=EDGE_LOOP('',(#1904,#1905,#1906,#1907,#1908,#1909,#1910));
#330=EDGE_LOOP('',(#1911,#1912,#1913));
#331=EDGE_LOOP('',(#1914));
#332=EDGE_LOOP('',(#1915,#1916,#1917,#1918));
#333=EDGE_LOOP('',(#1919,#1920,#1921,#1922));
#334=EDGE_LOOP('',(#1923,#1924,#1925,#1926));
#335=EDGE_LOOP('',(#1927,#1928,#1929,#1930));
#336=EDGE_LOOP('',(#1931,#1932,#1933,#1934));
#337=EDGE_LOOP('',(#1935,#1936,#1937,#1938));
#338=EDGE_LOOP('',(#1939,#1940,#1941,#1942,#1943,#1944,#1945,#1946,#1947,
#1948,#1949,#1950,#1951,#1952,#1953,#1954,#1955,#1956,#1957,#1958,#1959,
#1960,#1961,#1962,#1963,#1964,#1965,#1966,#1967,#1968,#1969,#1970,#1971,
#1972,#1973,#1974,#1975,#1976,#1977,#1978,#1979,#1980,#1981,#1982,#1983));
#339=EDGE_LOOP('',(#1984));
#340=EDGE_LOOP('',(#1985,#1986,#1987,#1988));
#341=EDGE_LOOP('',(#1989,#1990,#1991,#1992));
#342=EDGE_LOOP('',(#1993,#1994,#1995,#1996));
#343=EDGE_LOOP('',(#1997,#1998,#1999,#2000));
#344=EDGE_LOOP('',(#2001,#2002,#2003,#2004,#2005,#2006,#2007,#2008));
#345=EDGE_LOOP('',(#2009,#2010,#2011,#2012));
#346=EDGE_LOOP('',(#2013,#2014,#2015,#2016));
#347=EDGE_LOOP('',(#2017,#2018,#2019,#2020));
#348=EDGE_LOOP('',(#2021,#2022,#2023,#2024));
#349=EDGE_LOOP('',(#2025,#2026,#2027,#2028));
#350=EDGE_LOOP('',(#2029,#2030,#2031,#2032));
#351=EDGE_LOOP('',(#2033,#2034,#2035,#2036));
#352=EDGE_LOOP('',(#2037,#2038,#2039,#2040));
#353=EDGE_LOOP('',(#2041,#2042,#2043,#2044,#2045,#2046,#2047,#2048,#2049,
#2050,#2051,#2052,#2053,#2054,#2055,#2056,#2057,#2058,#2059,#2060,#2061,
#2062,#2063,#2064,#2065,#2066,#2067,#2068,#2069,#2070,#2071,#2072,#2073,
#2074,#2075,#2076,#2077,#2078,#2079));
#354=EDGE_LOOP('',(#2080,#2081,#2082,#2083));
#355=EDGE_LOOP('',(#2084,#2085,#2086,#2087));
#356=EDGE_LOOP('',(#2088,#2089,#2090,#2091));
#357=EDGE_LOOP('',(#2092,#2093,#2094,#2095));
#358=EDGE_LOOP('',(#2096,#2097,#2098,#2099));
#359=EDGE_LOOP('',(#2100,#2101,#2102,#2103));
#360=EDGE_LOOP('',(#2104,#2105,#2106,#2107));
#361=EDGE_LOOP('',(#2108,#2109,#2110,#2111));
#362=EDGE_LOOP('',(#2112,#2113,#2114,#2115));
#363=EDGE_LOOP('',(#2116,#2117,#2118,#2119));
#364=EDGE_LOOP('',(#2120,#2121,#2122,#2123));
#365=EDGE_LOOP('',(#2124,#2125,#2126,#2127,#2128,#2129,#2130,#2131));
#366=EDGE_LOOP('',(#2132,#2133,#2134,#2135,#2136,#2137,#2138,#2139));
#367=EDGE_LOOP('',(#2140));
#368=EDGE_LOOP('',(#2141));
#369=EDGE_LOOP('',(#2142));
#370=EDGE_LOOP('',(#2143));
#371=EDGE_LOOP('',(#2144));
#372=EDGE_LOOP('',(#2145));
#373=EDGE_LOOP('',(#2146));
#374=EDGE_LOOP('',(#2147));
#375=EDGE_LOOP('',(#2148));
#376=EDGE_LOOP('',(#2149));
#377=EDGE_LOOP('',(#2150));
#378=EDGE_LOOP('',(#2151));
#379=EDGE_LOOP('',(#2152));
#380=EDGE_LOOP('',(#2153));
#381=EDGE_LOOP('',(#2154));
#382=EDGE_LOOP('',(#2155));
#383=EDGE_LOOP('',(#2156));
#384=EDGE_LOOP('',(#2157));
#385=EDGE_LOOP('',(#2158));
#386=EDGE_LOOP('',(#2159));
#387=EDGE_LOOP('',(#2160));
#388=CIRCLE('',#2365,3.);
#389=CIRCLE('',#2366,3.);
#390=CIRCLE('',#2368,3.);
#391=CIRCLE('',#2369,3.);
#392=CIRCLE('',#2371,3.);
#393=CIRCLE('',#2372,3.);
#394=CIRCLE('',#2374,3.);
#395=CIRCLE('',#2375,3.);
#396=CIRCLE('',#2377,3.);
#397=CIRCLE('',#2378,3.);
#398=CIRCLE('',#2380,3.);
#399=CIRCLE('',#2381,3.);
#400=CIRCLE('',#2383,3.);
#401=CIRCLE('',#2384,3.);
#402=CIRCLE('',#2385,3.);
#403=CIRCLE('',#2387,3.);
#404=CIRCLE('',#2388,3.);
#405=CIRCLE('',#2389,3.);
#406=CIRCLE('',#2391,3.);
#407=CIRCLE('',#2392,3.);
#408=CIRCLE('',#2393,3.);
#409=CIRCLE('',#2395,3.);
#410=CIRCLE('',#2396,3.);
#411=CIRCLE('',#2397,3.);
#412=CIRCLE('',#2399,3.);
#413=CIRCLE('',#2400,3.);
#414=CIRCLE('',#2401,3.);
#415=CIRCLE('',#2403,3.5);
#416=CIRCLE('',#2404,3.5);
#417=CIRCLE('',#2405,0.899999999999999);
#418=CIRCLE('',#2407,3.5);
#419=CIRCLE('',#2408,3.5);
#420=CIRCLE('',#2409,0.899999999999999);
#421=CIRCLE('',#2411,3.5);
#422=CIRCLE('',#2412,3.5);
#423=CIRCLE('',#2413,0.899999999999999);
#424=CIRCLE('',#2415,3.5);
#425=CIRCLE('',#2416,3.5);
#426=CIRCLE('',#2417,0.899999999999999);
#427=CIRCLE('',#2420,7.5);
#428=CIRCLE('',#2422,7.5);
#429=CIRCLE('',#2426,7.5);
#430=CIRCLE('',#2428,7.5);
#431=CIRCLE('',#2431,0.899999999999999);
#432=CIRCLE('',#2433,0.899999999999999);
#433=CIRCLE('',#2435,0.899999999999999);
#434=CIRCLE('',#2437,0.899999999999999);
#435=CIRCLE('',#2440,7.5);
#436=CIRCLE('',#2443,7.5);
#437=CIRCLE('',#2446,15.);
#438=CIRCLE('',#2447,15.);
#439=CIRCLE('',#2448,35.0000005215406);
#440=CIRCLE('',#2449,35.0000005215406);
#441=CIRCLE('',#2450,35.0000005215406);
#442=CIRCLE('',#2451,35.0000005215406);
#443=CIRCLE('',#2452,35.0000005215406);
#444=CIRCLE('',#2453,35.0000005215406);
#445=CIRCLE('',#2454,35.0000005215406);
#446=CIRCLE('',#2455,35.0000005215406);
#447=CIRCLE('',#2456,35.0000005215406);
#448=CIRCLE('',#2457,35.0000005215406);
#449=CIRCLE('',#2458,35.0000005215406);
#450=CIRCLE('',#2459,35.0000005215406);
#451=CIRCLE('',#2460,15.);
#452=CIRCLE('',#2461,15.);
#453=CIRCLE('',#2462,35.0000005215406);
#454=CIRCLE('',#2463,35.0000005215406);
#455=CIRCLE('',#2464,1.6);
#456=CIRCLE('',#2465,1.6);
#457=CIRCLE('',#2466,1.6);
#458=CIRCLE('',#2467,1.6);
#459=CIRCLE('',#2470,35.0000005215406);
#460=CIRCLE('',#2473,35.0000005215406);
#461=CIRCLE('',#2474,35.0000005215406);
#462=CIRCLE('',#2476,7.5);
#463=CIRCLE('',#2478,7.5);
#464=CIRCLE('',#2481,3.5);
#465=CIRCLE('',#2484,3.5);
#466=CIRCLE('',#2486,3.5);
#467=CIRCLE('',#2488,3.5);
#468=CIRCLE('',#2490,3.5);
#469=CIRCLE('',#2493,3.5);
#470=CIRCLE('',#2495,3.5);
#471=CIRCLE('',#2497,3.5);
#472=CIRCLE('',#2499,35.0000005215406);
#473=CIRCLE('',#2501,35.0000005215406);
#474=CIRCLE('',#2505,29.0000004321337);
#475=CIRCLE('',#2506,29.0000004321337);
#476=CIRCLE('',#2507,29.0000004321337);
#477=CIRCLE('',#2508,29.0000004321337);
#478=CIRCLE('',#2509,29.0000004321337);
#479=CIRCLE('',#2510,29.0000004321337);
#480=CIRCLE('',#2511,29.0000004321337);
#481=CIRCLE('',#2512,29.0000004321337);
#482=CIRCLE('',#2513,29.0000004321337);
#483=CIRCLE('',#2514,29.0000004321337);
#484=CIRCLE('',#2515,29.0000004321337);
#485=CIRCLE('',#2516,29.0000004321337);
#486=CIRCLE('',#2517,27.);
#487=CIRCLE('',#2519,27.);
#488=CIRCLE('',#2521,3.);
#489=CIRCLE('',#2522,3.);
#490=CIRCLE('',#2524,35.0000005215406);
#491=CIRCLE('',#2526,3.);
#492=CIRCLE('',#2527,3.);
#493=CIRCLE('',#2529,35.0000005215406);
#494=CIRCLE('',#2531,3.);
#495=CIRCLE('',#2532,3.);
#496=CIRCLE('',#2534,35.0000005215406);
#497=CIRCLE('',#2536,3.);
#498=CIRCLE('',#2537,3.);
#499=CIRCLE('',#2539,35.0000005215406);
#500=CIRCLE('',#2541,35.0000005215406);
#501=CIRCLE('',#2543,35.0000005215406);
#502=CIRCLE('',#2545,3.);
#503=CIRCLE('',#2546,3.);
#504=CIRCLE('',#2548,1.7);
#505=CIRCLE('',#2550,3.);
#506=CIRCLE('',#2551,3.);
#507=CIRCLE('',#2552,3.);
#508=CIRCLE('',#2554,1.7);
#509=CIRCLE('',#2556,3.);
#510=CIRCLE('',#2557,3.);
#511=CIRCLE('',#2558,3.);
#512=CIRCLE('',#2560,1.7);
#513=CIRCLE('',#2562,3.);
#514=CIRCLE('',#2563,3.);
#515=CIRCLE('',#2565,1.7);
#516=CIRCLE('',#2567,3.);
#517=CIRCLE('',#2568,3.);
#518=CIRCLE('',#2569,3.);
#519=CIRCLE('',#2571,1.7);
#520=CIRCLE('',#2573,3.);
#521=CIRCLE('',#2574,3.);
#522=CIRCLE('',#2575,3.);
#523=CIRCLE('',#2577,1.7);
#524=CIRCLE('',#2579,1.7);
#525=CIRCLE('',#2581,1.7);
#526=CIRCLE('',#2583,3.);
#527=CIRCLE('',#2584,3.);
#528=CIRCLE('',#2585,3.);
#529=CIRCLE('',#2587,1.7);
#530=CIRCLE('',#2589,1.7);
#531=CIRCLE('',#2591,1.7);
#532=CIRCLE('',#2593,3.);
#533=CIRCLE('',#2594,3.);
#534=CIRCLE('',#2595,3.);
#535=CIRCLE('',#2597,1.7);
#536=CIRCLE('',#2599,35.0000005215406);
#537=CIRCLE('',#2601,35.0000005215406);
#538=CIRCLE('',#2603,35.0000005215406);
#539=CIRCLE('',#2605,35.0000005215406);
#540=CIRCLE('',#2607,35.0000005215406);
#541=CIRCLE('',#2609,35.0000005215406);
#542=CIRCLE('',#2611,35.0000005215406);
#543=CIRCLE('',#2614,15.);
#544=CIRCLE('',#2617,15.);
#545=CIRCLE('',#2620,1.6);
#546=CIRCLE('',#2622,1.7);
#547=CIRCLE('',#2624,1.7);
#548=CIRCLE('',#2626,1.6);
#549=CIRCLE('',#2628,1.7);
#550=CIRCLE('',#2630,1.7);
#551=CIRCLE('',#2632,1.7);
#552=CIRCLE('',#2634,1.7);
#553=CIRCLE('',#2636,29.0000004321337);
#554=CIRCLE('',#2638,1.7);
#555=CIRCLE('',#2640,1.7);
#556=CIRCLE('',#2642,1.6);
#557=CIRCLE('',#2644,1.7);
#558=CIRCLE('',#2646,1.7);
#559=CIRCLE('',#2648,1.7);
#560=CIRCLE('',#2650,1.6);
#561=CIRCLE('',#2652,1.7);
#562=CIRCLE('',#2654,15.);
#563=CIRCLE('',#2657,15.);
#564=LINE('',#3427,#733);
#565=LINE('',#3431,#734);
#566=LINE('',#3436,#735);
#567=LINE('',#3440,#736);
#568=LINE('',#3445,#737);
#569=LINE('',#3449,#738);
#570=LINE('',#3454,#739);
#571=LINE('',#3458,#740);
#572=LINE('',#3463,#741);
#573=LINE('',#3467,#742);
#574=LINE('',#3470,#743);
#575=LINE('',#3474,#744);
#576=LINE('',#3478,#745);
#577=LINE('',#3483,#746);
#578=LINE('',#3487,#747);
#579=LINE('',#3491,#748);
#580=LINE('',#3492,#749);
#581=LINE('',#3497,#750);
#582=LINE('',#3501,#751);
#583=LINE('',#3505,#752);
#584=LINE('',#3506,#753);
#585=LINE('',#3511,#754);
#586=LINE('',#3515,#755);
#587=LINE('',#3519,#756);
#588=LINE('',#3520,#757);
#589=LINE('',#3525,#758);
#590=LINE('',#3529,#759);
#591=LINE('',#3533,#760);
#592=LINE('',#3534,#761);
#593=LINE('',#3539,#762);
#594=LINE('',#3543,#763);
#595=LINE('',#3547,#764);
#596=LINE('',#3548,#765);
#597=LINE('',#3557,#766);
#598=LINE('',#3559,#767);
#599=LINE('',#3560,#768);
#600=LINE('',#3568,#769);
#601=LINE('',#3570,#770);
#602=LINE('',#3572,#771);
#603=LINE('',#3583,#772);
#604=LINE('',#3585,#773);
#605=LINE('',#3586,#774);
#606=LINE('',#3594,#775);
#607=LINE('',#3596,#776);
#608=LINE('',#3598,#777);
#609=LINE('',#3604,#778);
#610=LINE('',#3606,#779);
#611=LINE('',#3607,#780);
#612=LINE('',#3610,#781);
#613=LINE('',#3612,#782);
#614=LINE('',#3614,#783);
#615=LINE('',#3616,#784);
#616=LINE('',#3620,#785);
#617=LINE('',#3624,#786);
#618=LINE('',#3626,#787);
#619=LINE('',#3628,#788);
#620=LINE('',#3629,#789);
#621=LINE('',#3632,#790);
#622=LINE('',#3633,#791);
#623=LINE('',#3636,#792);
#624=LINE('',#3638,#793);
#625=LINE('',#3639,#794);
#626=LINE('',#3642,#795);
#627=LINE('',#3644,#796);
#628=LINE('',#3646,#797);
#629=LINE('',#3648,#798);
#630=LINE('',#3652,#799);
#631=LINE('',#3656,#800);
#632=LINE('',#3658,#801);
#633=LINE('',#3660,#802);
#634=LINE('',#3661,#803);
#635=LINE('',#3664,#804);
#636=LINE('',#3665,#805);
#637=LINE('',#3668,#806);
#638=LINE('',#3672,#807);
#639=LINE('',#3676,#808);
#640=LINE('',#3680,#809);
#641=LINE('',#3700,#810);
#642=LINE('',#3712,#811);
#643=LINE('',#3716,#812);
#644=LINE('',#3718,#813);
#645=LINE('',#3719,#814);
#646=LINE('',#3736,#815);
#647=LINE('',#3748,#816);
#648=LINE('',#3751,#817);
#649=LINE('',#3753,#818);
#650=LINE('',#3754,#819);
#651=LINE('',#3774,#820);
#652=LINE('',#3786,#821);
#653=LINE('',#3789,#822);
#654=LINE('',#3793,#823);
#655=LINE('',#3796,#824);
#656=LINE('',#3812,#825);
#657=LINE('',#3814,#826);
#658=LINE('',#3818,#827);
#659=LINE('',#3821,#828);
#660=LINE('',#3823,#829);
#661=LINE('',#3858,#830);
#662=LINE('',#3862,#831);
#663=LINE('',#3864,#832);
#664=LINE('',#3866,#833);
#665=LINE('',#3871,#834);
#666=LINE('',#3874,#835);
#667=LINE('',#3876,#836);
#668=LINE('',#3879,#837);
#669=LINE('',#3882,#838);
#670=LINE('',#3884,#839);
#671=LINE('',#3887,#840);
#672=LINE('',#3895,#841);
#673=LINE('',#3898,#842);
#674=LINE('',#3901,#843);
#675=LINE('',#3902,#844);
#676=LINE('',#3908,#845);
#677=LINE('',#3940,#846);
#678=LINE('',#3944,#847);
#679=LINE('',#3947,#848);
#680=LINE('',#3953,#849);
#681=LINE('',#3959,#850);
#682=LINE('',#3965,#851);
#683=LINE('',#3971,#852);
#684=LINE('',#3974,#853);
#685=LINE('',#3982,#854);
#686=LINE('',#3983,#855);
#687=LINE('',#3985,#856);
#688=LINE('',#3992,#857);
#689=LINE('',#3995,#858);
#690=LINE('',#3997,#859);
#691=LINE('',#3999,#860);
#692=LINE('',#4004,#861);
#693=LINE('',#4013,#862);
#694=LINE('',#4014,#863);
#695=LINE('',#4016,#864);
#696=LINE('',#4024,#865);
#697=LINE('',#4025,#866);
#698=LINE('',#4027,#867);
#699=LINE('',#4041,#868);
#700=LINE('',#4042,#869);
#701=LINE('',#4044,#870);
#702=LINE('',#4058,#871);
#703=LINE('',#4059,#872);
#704=LINE('',#4082,#873);
#705=LINE('',#4085,#874);
#706=LINE('',#4088,#875);
#707=LINE('',#4089,#876);
#708=LINE('',#4092,#877);
#709=LINE('',#4096,#878);
#710=LINE('',#4097,#879);
#711=LINE('',#4100,#880);
#712=LINE('',#4104,#881);
#713=LINE('',#4108,#882);
#714=LINE('',#4112,#883);
#715=LINE('',#4116,#884);
#716=LINE('',#4120,#885);
#717=LINE('',#4124,#886);
#718=LINE('',#4128,#887);
#719=LINE('',#4132,#888);
#720=LINE('',#4136,#889);
#721=LINE('',#4140,#890);
#722=LINE('',#4144,#891);
#723=LINE('',#4148,#892);
#724=LINE('',#4152,#893);
#725=LINE('',#4156,#894);
#726=LINE('',#4160,#895);
#727=LINE('',#4164,#896);
#728=LINE('',#4168,#897);
#729=LINE('',#4172,#898);
#730=LINE('',#4173,#899);
#731=LINE('',#4176,#900);
#732=LINE('',#4179,#901);
#733=VECTOR('',#2664,3.);
#734=VECTOR('',#2667,10.);
#735=VECTOR('',#2672,3.);
#736=VECTOR('',#2675,10.);
#737=VECTOR('',#2680,3.);
#738=VECTOR('',#2683,10.);
#739=VECTOR('',#2688,3.);
#740=VECTOR('',#2691,10.);
#741=VECTOR('',#2696,3.);
#742=VECTOR('',#2699,10.);
#743=VECTOR('',#2702,10.);
#744=VECTOR('',#2705,3.);
#745=VECTOR('',#2708,10.);
#746=VECTOR('',#2713,3.);
#747=VECTOR('',#2716,10.);
#748=VECTOR('',#2719,10.);
#749=VECTOR('',#2720,10.);
#750=VECTOR('',#2725,3.);
#751=VECTOR('',#2728,10.);
#752=VECTOR('',#2731,10.);
#753=VECTOR('',#2732,10.);
#754=VECTOR('',#2737,3.);
#755=VECTOR('',#2740,10.);
#756=VECTOR('',#2743,10.);
#757=VECTOR('',#2744,10.);
#758=VECTOR('',#2749,3.);
#759=VECTOR('',#2752,10.);
#760=VECTOR('',#2755,10.);
#761=VECTOR('',#2756,10.);
#762=VECTOR('',#2761,3.);
#763=VECTOR('',#2764,10.);
#764=VECTOR('',#2767,10.);
#765=VECTOR('',#2768,10.);
#766=VECTOR('',#2777,10.);
#767=VECTOR('',#2778,10.);
#768=VECTOR('',#2779,10.);
#769=VECTOR('',#2786,10.);
#770=VECTOR('',#2787,10.);
#771=VECTOR('',#2788,10.);
#772=VECTOR('',#2799,10.);
#773=VECTOR('',#2800,10.);
#774=VECTOR('',#2801,10.);
#775=VECTOR('',#2808,10.);
#776=VECTOR('',#2809,10.);
#777=VECTOR('',#2810,10.);
#778=VECTOR('',#2817,10.);
#779=VECTOR('',#2818,7.5);
#780=VECTOR('',#2819,10.);
#781=VECTOR('',#2822,10.);
#782=VECTOR('',#2823,10.);
#783=VECTOR('',#2824,10.);
#784=VECTOR('',#2825,10.);
#785=VECTOR('',#2830,10.);
#786=VECTOR('',#2833,10.);
#787=VECTOR('',#2834,10.);
#788=VECTOR('',#2835,10.);
#789=VECTOR('',#2836,10.);
#790=VECTOR('',#2839,10.);
#791=VECTOR('',#2840,7.5);
#792=VECTOR('',#2843,10.);
#793=VECTOR('',#2844,7.5);
#794=VECTOR('',#2845,10.);
#795=VECTOR('',#2848,10.);
#796=VECTOR('',#2849,10.);
#797=VECTOR('',#2850,10.);
#798=VECTOR('',#2851,10.);
#799=VECTOR('',#2856,10.);
#800=VECTOR('',#2859,10.);
#801=VECTOR('',#2860,10.);
#802=VECTOR('',#2861,10.);
#803=VECTOR('',#2862,10.);
#804=VECTOR('',#2865,10.);
#805=VECTOR('',#2866,7.5);
#806=VECTOR('',#2869,0.899999999999999);
#807=VECTOR('',#2874,0.899999999999999);
#808=VECTOR('',#2879,0.899999999999999);
#809=VECTOR('',#2884,0.899999999999999);
#810=VECTOR('',#2889,10.);
#811=VECTOR('',#2890,10.);
#812=VECTOR('',#2895,10.);
#813=VECTOR('',#2896,10.);
#814=VECTOR('',#2897,3.5);
#815=VECTOR('',#2900,10.);
#816=VECTOR('',#2901,10.);
#817=VECTOR('',#2904,3.5);
#818=VECTOR('',#2905,10.);
#819=VECTOR('',#2906,10.);
#820=VECTOR('',#2911,10.);
#821=VECTOR('',#2912,10.);
#822=VECTOR('',#2915,10.);
#823=VECTOR('',#2918,10.);
#824=VECTOR('',#2921,10.);
#825=VECTOR('',#2946,10.);
#826=VECTOR('',#2947,10.);
#827=VECTOR('',#2950,10.);
#828=VECTOR('',#2953,10.);
#829=VECTOR('',#2956,10.);
#830=VECTOR('',#2969,10.);
#831=VECTOR('',#2974,10.);
#832=VECTOR('',#2977,10.);
#833=VECTOR('',#2980,10.);
#834=VECTOR('',#2989,10.);
#835=VECTOR('',#2994,10.);
#836=VECTOR('',#2997,10.);
#837=VECTOR('',#3000,3.5);
#838=VECTOR('',#3003,10.);
#839=VECTOR('',#3006,10.);
#840=VECTOR('',#3009,10.);
#841=VECTOR('',#3022,10.);
#842=VECTOR('',#3025,3.5);
#843=VECTOR('',#3028,10.);
#844=VECTOR('',#3029,10.);
#845=VECTOR('',#3038,10.);
#846=VECTOR('',#3085,27.);
#847=VECTOR('',#3092,10.);
#848=VECTOR('',#3097,10.);
#849=VECTOR('',#3108,10.);
#850=VECTOR('',#3119,10.);
#851=VECTOR('',#3130,10.);
#852=VECTOR('',#3141,10.);
#853=VECTOR('',#3146,10.);
#854=VECTOR('',#3157,10.);
#855=VECTOR('',#3158,10.);
#856=VECTOR('',#3161,10.);
#857=VECTOR('',#3170,10.);
#858=VECTOR('',#3173,10.);
#859=VECTOR('',#3176,10.);
#860=VECTOR('',#3179,10.);
#861=VECTOR('',#3186,10.);
#862=VECTOR('',#3199,10.);
#863=VECTOR('',#3200,10.);
#864=VECTOR('',#3203,10.);
#865=VECTOR('',#3214,10.);
#866=VECTOR('',#3215,10.);
#867=VECTOR('',#3218,10.);
#868=VECTOR('',#3237,10.);
#869=VECTOR('',#3238,10.);
#870=VECTOR('',#3241,10.);
#871=VECTOR('',#3260,10.);
#872=VECTOR('',#3261,10.);
#873=VECTOR('',#3302,10.);
#874=VECTOR('',#3305,10.);
#875=VECTOR('',#3308,10.);
#876=VECTOR('',#3309,10.);
#877=VECTOR('',#3312,10.);
#878=VECTOR('',#3317,10.);
#879=VECTOR('',#3318,10.);
#880=VECTOR('',#3321,1.6);
#881=VECTOR('',#3326,1.7);
#882=VECTOR('',#3331,1.7);
#883=VECTOR('',#3336,1.6);
#884=VECTOR('',#3341,1.7);
#885=VECTOR('',#3346,1.7);
#886=VECTOR('',#3351,1.7);
#887=VECTOR('',#3356,1.7);
#888=VECTOR('',#3361,29.0000004321337);
#889=VECTOR('',#3366,1.7);
#890=VECTOR('',#3371,1.7);
#891=VECTOR('',#3376,1.6);
#892=VECTOR('',#3381,1.7);
#893=VECTOR('',#3386,1.7);
#894=VECTOR('',#3391,1.7);
#895=VECTOR('',#3396,1.6);
#896=VECTOR('',#3401,1.7);
#897=VECTOR('',#3406,10.);
#898=VECTOR('',#3411,10.);
#899=VECTOR('',#3412,10.);
#900=VECTOR('',#3415,10.);
#901=VECTOR('',#3420,10.);
#902=VERTEX_POINT('',#3425);
#903=VERTEX_POINT('',#3426);
#904=VERTEX_POINT('',#3428);
#905=VERTEX_POINT('',#3430);
#906=VERTEX_POINT('',#3434);
#907=VERTEX_POINT('',#3435);
#908=VERTEX_POINT('',#3437);
#909=VERTEX_POINT('',#3439);
#910=VERTEX_POINT('',#3443);
#911=VERTEX_POINT('',#3444);
#912=VERTEX_POINT('',#3446);
#913=VERTEX_POINT('',#3448);
#914=VERTEX_POINT('',#3452);
#915=VERTEX_POINT('',#3453);
#916=VERTEX_POINT('',#3455);
#917=VERTEX_POINT('',#3457);
#918=VERTEX_POINT('',#3461);
#919=VERTEX_POINT('',#3462);
#920=VERTEX_POINT('',#3464);
#921=VERTEX_POINT('',#3466);
#922=VERTEX_POINT('',#3468);
#923=VERTEX_POINT('',#3472);
#924=VERTEX_POINT('',#3473);
#925=VERTEX_POINT('',#3475);
#926=VERTEX_POINT('',#3477);
#927=VERTEX_POINT('',#3481);
#928=VERTEX_POINT('',#3482);
#929=VERTEX_POINT('',#3484);
#930=VERTEX_POINT('',#3486);
#931=VERTEX_POINT('',#3488);
#932=VERTEX_POINT('',#3490);
#933=VERTEX_POINT('',#3495);
#934=VERTEX_POINT('',#3496);
#935=VERTEX_POINT('',#3498);
#936=VERTEX_POINT('',#3500);
#937=VERTEX_POINT('',#3502);
#938=VERTEX_POINT('',#3504);
#939=VERTEX_POINT('',#3509);
#940=VERTEX_POINT('',#3510);
#941=VERTEX_POINT('',#3512);
#942=VERTEX_POINT('',#3514);
#943=VERTEX_POINT('',#3516);
#944=VERTEX_POINT('',#3518);
#945=VERTEX_POINT('',#3523);
#946=VERTEX_POINT('',#3524);
#947=VERTEX_POINT('',#3526);
#948=VERTEX_POINT('',#3528);
#949=VERTEX_POINT('',#3530);
#950=VERTEX_POINT('',#3532);
#951=VERTEX_POINT('',#3537);
#952=VERTEX_POINT('',#3538);
#953=VERTEX_POINT('',#3540);
#954=VERTEX_POINT('',#3542);
#955=VERTEX_POINT('',#3544);
#956=VERTEX_POINT('',#3546);
#957=VERTEX_POINT('',#3551);
#958=VERTEX_POINT('',#3552);
#959=VERTEX_POINT('',#3554);
#960=VERTEX_POINT('',#3556);
#961=VERTEX_POINT('',#3558);
#962=VERTEX_POINT('',#3561);
#963=VERTEX_POINT('',#3564);
#964=VERTEX_POINT('',#3565);
#965=VERTEX_POINT('',#3567);
#966=VERTEX_POINT('',#3569);
#967=VERTEX_POINT('',#3571);
#968=VERTEX_POINT('',#3574);
#969=VERTEX_POINT('',#3577);
#970=VERTEX_POINT('',#3578);
#971=VERTEX_POINT('',#3580);
#972=VERTEX_POINT('',#3582);
#973=VERTEX_POINT('',#3584);
#974=VERTEX_POINT('',#3587);
#975=VERTEX_POINT('',#3590);
#976=VERTEX_POINT('',#3591);
#977=VERTEX_POINT('',#3593);
#978=VERTEX_POINT('',#3595);
#979=VERTEX_POINT('',#3597);
#980=VERTEX_POINT('',#3600);
#981=VERTEX_POINT('',#3603);
#982=VERTEX_POINT('',#3605);
#983=VERTEX_POINT('',#3609);
#984=VERTEX_POINT('',#3611);
#985=VERTEX_POINT('',#3613);
#986=VERTEX_POINT('',#3615);
#987=VERTEX_POINT('',#3619);
#988=VERTEX_POINT('',#3621);
#989=VERTEX_POINT('',#3623);
#990=VERTEX_POINT('',#3625);
#991=VERTEX_POINT('',#3627);
#992=VERTEX_POINT('',#3631);
#993=VERTEX_POINT('',#3635);
#994=VERTEX_POINT('',#3637);
#995=VERTEX_POINT('',#3641);
#996=VERTEX_POINT('',#3643);
#997=VERTEX_POINT('',#3645);
#998=VERTEX_POINT('',#3647);
#999=VERTEX_POINT('',#3651);
#1000=VERTEX_POINT('',#3653);
#1001=VERTEX_POINT('',#3655);
#1002=VERTEX_POINT('',#3657);
#1003=VERTEX_POINT('',#3659);
#1004=VERTEX_POINT('',#3663);
#1005=VERTEX_POINT('',#3667);
#1006=VERTEX_POINT('',#3671);
#1007=VERTEX_POINT('',#3675);
#1008=VERTEX_POINT('',#3679);
#1009=VERTEX_POINT('',#3683);
#1010=VERTEX_POINT('',#3684);
#1011=VERTEX_POINT('',#3699);
#1012=VERTEX_POINT('',#3701);
#1013=VERTEX_POINT('',#3715);
#1014=VERTEX_POINT('',#3717);
#1015=VERTEX_POINT('',#3721);
#1016=VERTEX_POINT('',#3722);
#1017=VERTEX_POINT('',#3735);
#1018=VERTEX_POINT('',#3737);
#1019=VERTEX_POINT('',#3750);
#1020=VERTEX_POINT('',#3752);
#1021=VERTEX_POINT('',#3757);
#1022=VERTEX_POINT('',#3758);
#1023=VERTEX_POINT('',#3773);
#1024=VERTEX_POINT('',#3775);
#1025=VERTEX_POINT('',#3788);
#1026=VERTEX_POINT('',#3790);
#1027=VERTEX_POINT('',#3792);
#1028=VERTEX_POINT('',#3794);
#1029=VERTEX_POINT('',#3802);
#1030=VERTEX_POINT('',#3809);
#1031=VERTEX_POINT('',#3811);
#1032=VERTEX_POINT('',#3813);
#1033=VERTEX_POINT('',#3815);
#1034=VERTEX_POINT('',#3817);
#1035=VERTEX_POINT('',#3819);
#1036=VERTEX_POINT('',#3825);
#1037=VERTEX_POINT('',#3827);
#1038=VERTEX_POINT('',#3829);
#1039=VERTEX_POINT('',#3831);
#1040=VERTEX_POINT('',#3834);
#1041=VERTEX_POINT('',#3847);
#1042=VERTEX_POINT('',#3860);
#1043=VERTEX_POINT('',#3878);
#1044=VERTEX_POINT('',#3880);
#1045=VERTEX_POINT('',#3886);
#1046=VERTEX_POINT('',#3894);
#1047=VERTEX_POINT('',#3896);
#1048=VERTEX_POINT('',#3900);
#1049=VERTEX_POINT('',#3906);
#1050=VERTEX_POINT('',#3918);
#1051=VERTEX_POINT('',#3919);
#1052=VERTEX_POINT('',#3921);
#1053=VERTEX_POINT('',#3923);
#1054=VERTEX_POINT('',#3925);
#1055=VERTEX_POINT('',#3927);
#1056=VERTEX_POINT('',#3936);
#1057=VERTEX_POINT('',#3939);
#1058=VERTEX_POINT('',#3977);
#1059=VERTEX_POINT('',#3980);
#1060=VERTEX_POINT('',#3988);
#1061=VERTEX_POINT('',#3991);
#1062=VERTEX_POINT('',#3994);
#1063=VERTEX_POINT('',#4001);
#1064=VERTEX_POINT('',#4008);
#1065=VERTEX_POINT('',#4011);
#1066=VERTEX_POINT('',#4019);
#1067=VERTEX_POINT('',#4022);
#1068=VERTEX_POINT('',#4030);
#1069=VERTEX_POINT('',#4033);
#1070=VERTEX_POINT('',#4036);
#1071=VERTEX_POINT('',#4039);
#1072=VERTEX_POINT('',#4047);
#1073=VERTEX_POINT('',#4050);
#1074=VERTEX_POINT('',#4053);
#1075=VERTEX_POINT('',#4056);
#1076=VERTEX_POINT('',#4063);
#1077=VERTEX_POINT('',#4081);
#1078=VERTEX_POINT('',#4083);
#1079=VERTEX_POINT('',#4087);
#1080=VERTEX_POINT('',#4091);
#1081=VERTEX_POINT('',#4095);
#1082=VERTEX_POINT('',#4099);
#1083=VERTEX_POINT('',#4103);
#1084=VERTEX_POINT('',#4107);
#1085=VERTEX_POINT('',#4111);
#1086=VERTEX_POINT('',#4115);
#1087=VERTEX_POINT('',#4119);
#1088=VERTEX_POINT('',#4123);
#1089=VERTEX_POINT('',#4127);
#1090=VERTEX_POINT('',#4131);
#1091=VERTEX_POINT('',#4135);
#1092=VERTEX_POINT('',#4139);
#1093=VERTEX_POINT('',#4143);
#1094=VERTEX_POINT('',#4147);
#1095=VERTEX_POINT('',#4151);
#1096=VERTEX_POINT('',#4155);
#1097=VERTEX_POINT('',#4159);
#1098=VERTEX_POINT('',#4163);
#1099=VERTEX_POINT('',#4167);
#1100=VERTEX_POINT('',#4171);
#1101=VERTEX_POINT('',#4175);
#1102=EDGE_CURVE('',#902,#903,#564,.T.);
#1103=EDGE_CURVE('',#904,#902,#388,.T.);
#1104=EDGE_CURVE('',#904,#905,#565,.T.);
#1105=EDGE_CURVE('',#905,#903,#389,.T.);
#1106=EDGE_CURVE('',#906,#907,#566,.T.);
#1107=EDGE_CURVE('',#908,#906,#390,.T.);
#1108=EDGE_CURVE('',#908,#909,#567,.T.);
#1109=EDGE_CURVE('',#909,#907,#391,.T.);
#1110=EDGE_CURVE('',#910,#911,#568,.T.);
#1111=EDGE_CURVE('',#912,#910,#392,.T.);
#1112=EDGE_CURVE('',#912,#913,#569,.T.);
#1113=EDGE_CURVE('',#913,#911,#393,.T.);
#1114=EDGE_CURVE('',#914,#915,#570,.T.);
#1115=EDGE_CURVE('',#916,#914,#394,.T.);
#1116=EDGE_CURVE('',#916,#917,#571,.T.);
#1117=EDGE_CURVE('',#917,#915,#395,.T.);
#1118=EDGE_CURVE('',#918,#919,#572,.T.);
#1119=EDGE_CURVE('',#920,#918,#396,.T.);
#1120=EDGE_CURVE('',#920,#921,#573,.T.);
#1121=EDGE_CURVE('',#921,#922,#397,.T.);
#1122=EDGE_CURVE('',#919,#922,#574,.T.);
#1123=EDGE_CURVE('',#923,#924,#575,.T.);
#1124=EDGE_CURVE('',#925,#923,#398,.T.);
#1125=EDGE_CURVE('',#925,#926,#576,.T.);
#1126=EDGE_CURVE('',#926,#924,#399,.T.);
#1127=EDGE_CURVE('',#927,#928,#577,.T.);
#1128=EDGE_CURVE('',#929,#927,#400,.T.);
#1129=EDGE_CURVE('',#929,#930,#578,.T.);
#1130=EDGE_CURVE('',#930,#931,#401,.T.);
#1131=EDGE_CURVE('',#932,#931,#579,.T.);
#1132=EDGE_CURVE('',#932,#931,#580,.T.);
#1133=EDGE_CURVE('',#931,#928,#402,.T.);
#1134=EDGE_CURVE('',#933,#934,#581,.T.);
#1135=EDGE_CURVE('',#935,#933,#403,.T.);
#1136=EDGE_CURVE('',#935,#936,#582,.T.);
#1137=EDGE_CURVE('',#936,#937,#404,.T.);
#1138=EDGE_CURVE('',#938,#937,#583,.T.);
#1139=EDGE_CURVE('',#938,#937,#584,.T.);
#1140=EDGE_CURVE('',#937,#934,#405,.T.);
#1141=EDGE_CURVE('',#939,#940,#585,.T.);
#1142=EDGE_CURVE('',#941,#939,#406,.T.);
#1143=EDGE_CURVE('',#941,#942,#586,.T.);
#1144=EDGE_CURVE('',#942,#943,#407,.T.);
#1145=EDGE_CURVE('',#944,#943,#587,.T.);
#1146=EDGE_CURVE('',#944,#943,#588,.T.);
#1147=EDGE_CURVE('',#943,#940,#408,.T.);
#1148=EDGE_CURVE('',#945,#946,#589,.T.);
#1149=EDGE_CURVE('',#947,#945,#409,.T.);
#1150=EDGE_CURVE('',#947,#948,#590,.T.);
#1151=EDGE_CURVE('',#948,#949,#410,.T.);
#1152=EDGE_CURVE('',#950,#949,#591,.T.);
#1153=EDGE_CURVE('',#950,#949,#592,.T.);
#1154=EDGE_CURVE('',#949,#946,#411,.T.);
#1155=EDGE_CURVE('',#951,#952,#593,.T.);
#1156=EDGE_CURVE('',#953,#951,#412,.T.);
#1157=EDGE_CURVE('',#953,#954,#594,.T.);
#1158=EDGE_CURVE('',#954,#955,#413,.T.);
#1159=EDGE_CURVE('',#956,#955,#595,.T.);
#1160=EDGE_CURVE('',#956,#955,#596,.T.);
#1161=EDGE_CURVE('',#955,#952,#414,.T.);
#1162=EDGE_CURVE('',#957,#958,#415,.T.);
#1163=EDGE_CURVE('',#959,#957,#416,.T.);
#1164=EDGE_CURVE('',#960,#959,#597,.T.);
#1165=EDGE_CURVE('',#961,#960,#598,.T.);
#1166=EDGE_CURVE('',#958,#961,#599,.T.);
#1167=EDGE_CURVE('',#962,#962,#417,.T.);
#1168=EDGE_CURVE('',#963,#964,#418,.T.);
#1169=EDGE_CURVE('',#965,#963,#600,.T.);
#1170=EDGE_CURVE('',#966,#965,#601,.T.);
#1171=EDGE_CURVE('',#967,#966,#602,.T.);
#1172=EDGE_CURVE('',#964,#967,#419,.T.);
#1173=EDGE_CURVE('',#968,#968,#420,.T.);
#1174=EDGE_CURVE('',#969,#970,#421,.T.);
#1175=EDGE_CURVE('',#971,#969,#422,.T.);
#1176=EDGE_CURVE('',#972,#971,#603,.T.);
#1177=EDGE_CURVE('',#973,#972,#604,.T.);
#1178=EDGE_CURVE('',#970,#973,#605,.T.);
#1179=EDGE_CURVE('',#974,#974,#423,.T.);
#1180=EDGE_CURVE('',#975,#976,#424,.T.);
#1181=EDGE_CURVE('',#977,#975,#606,.T.);
#1182=EDGE_CURVE('',#978,#977,#607,.T.);
#1183=EDGE_CURVE('',#979,#978,#608,.T.);
#1184=EDGE_CURVE('',#976,#979,#425,.T.);
#1185=EDGE_CURVE('',#980,#980,#426,.T.);
#1186=EDGE_CURVE('',#981,#960,#609,.T.);
#1187=EDGE_CURVE('',#982,#981,#610,.T.);
#1188=EDGE_CURVE('',#961,#982,#611,.T.);
#1189=EDGE_CURVE('',#983,#959,#612,.T.);
#1190=EDGE_CURVE('',#983,#984,#613,.T.);
#1191=EDGE_CURVE('',#985,#984,#614,.T.);
#1192=EDGE_CURVE('',#986,#985,#615,.T.);
#1193=EDGE_CURVE('',#986,#981,#427,.F.);
#1194=EDGE_CURVE('',#987,#966,#616,.T.);
#1195=EDGE_CURVE('',#988,#987,#428,.T.);
#1196=EDGE_CURVE('',#989,#988,#617,.T.);
#1197=EDGE_CURVE('',#990,#989,#618,.T.);
#1198=EDGE_CURVE('',#990,#991,#619,.T.);
#1199=EDGE_CURVE('',#967,#991,#620,.T.);
#1200=EDGE_CURVE('',#992,#965,#621,.T.);
#1201=EDGE_CURVE('',#987,#992,#622,.T.);
#1202=EDGE_CURVE('',#972,#993,#623,.T.);
#1203=EDGE_CURVE('',#994,#993,#624,.T.);
#1204=EDGE_CURVE('',#994,#973,#625,.T.);
#1205=EDGE_CURVE('',#995,#971,#626,.T.);
#1206=EDGE_CURVE('',#995,#996,#627,.T.);
#1207=EDGE_CURVE('',#997,#996,#628,.T.);
#1208=EDGE_CURVE('',#998,#997,#629,.T.);
#1209=EDGE_CURVE('',#998,#993,#429,.F.);
#1210=EDGE_CURVE('',#999,#978,#630,.T.);
#1211=EDGE_CURVE('',#1000,#999,#430,.T.);
#1212=EDGE_CURVE('',#1001,#1000,#631,.T.);
#1213=EDGE_CURVE('',#1002,#1001,#632,.T.);
#1214=EDGE_CURVE('',#1002,#1003,#633,.T.);
#1215=EDGE_CURVE('',#979,#1003,#634,.T.);
#1216=EDGE_CURVE('',#1004,#977,#635,.T.);
#1217=EDGE_CURVE('',#999,#1004,#636,.T.);
#1218=EDGE_CURVE('',#968,#1005,#637,.T.);
#1219=EDGE_CURVE('',#1005,#1005,#431,.T.);
#1220=EDGE_CURVE('',#974,#1006,#638,.T.);
#1221=EDGE_CURVE('',#1006,#1006,#432,.T.);
#1222=EDGE_CURVE('',#962,#1007,#639,.T.);
#1223=EDGE_CURVE('',#1007,#1007,#433,.T.);
#1224=EDGE_CURVE('',#980,#1008,#640,.T.);
#1225=EDGE_CURVE('',#1008,#1008,#434,.T.);
#1226=EDGE_CURVE('',#1009,#1010,#15,.F.);
#1227=EDGE_CURVE('',#1009,#1011,#641,.T.);
#1228=EDGE_CURVE('',#1011,#1012,#16,.T.);
#1229=EDGE_CURVE('',#1012,#1010,#642,.T.);
#1230=EDGE_CURVE('',#1010,#982,#435,.T.);
#1231=EDGE_CURVE('',#1012,#1013,#643,.T.);
#1232=EDGE_CURVE('',#1014,#1013,#644,.T.);
#1233=EDGE_CURVE('',#958,#1014,#645,.T.);
#1234=EDGE_CURVE('',#1015,#1016,#17,.T.);
#1235=EDGE_CURVE('',#1016,#1017,#646,.T.);
#1236=EDGE_CURVE('',#1018,#1017,#18,.T.);
#1237=EDGE_CURVE('',#1018,#1015,#647,.T.);
#1238=EDGE_CURVE('',#1019,#963,#648,.T.);
#1239=EDGE_CURVE('',#1020,#1019,#649,.T.);
#1240=EDGE_CURVE('',#1017,#1020,#650,.T.);
#1241=EDGE_CURVE('',#1016,#992,#436,.F.);
#1242=EDGE_CURVE('',#1021,#1022,#19,.T.);
#1243=EDGE_CURVE('',#1022,#1023,#651,.T.);
#1244=EDGE_CURVE('',#1023,#1024,#20,.T.);
#1245=EDGE_CURVE('',#1024,#1021,#652,.T.);
#1246=EDGE_CURVE('',#1025,#1009,#653,.T.);
#1247=EDGE_CURVE('',#1026,#1025,#437,.T.);
#1248=EDGE_CURVE('',#1027,#1026,#654,.T.);
#1249=EDGE_CURVE('',#1028,#1027,#438,.T.);
#1250=EDGE_CURVE('',#1015,#1028,#655,.T.);
#1251=EDGE_CURVE('',#905,#1018,#439,.T.);
#1252=EDGE_CURVE('',#917,#905,#440,.T.);
#1253=EDGE_CURVE('',#909,#917,#441,.T.);
#1254=EDGE_CURVE('',#913,#909,#442,.T.);
#1255=EDGE_CURVE('',#926,#913,#443,.T.);
#1256=EDGE_CURVE('',#1029,#926,#444,.T.);
#1257=EDGE_CURVE('',#930,#1029,#445,.T.);
#1258=EDGE_CURVE('',#954,#930,#446,.T.);
#1259=EDGE_CURVE('',#948,#954,#447,.T.);
#1260=EDGE_CURVE('',#942,#948,#448,.T.);
#1261=EDGE_CURVE('',#936,#942,#449,.T.);
#1262=EDGE_CURVE('',#1030,#936,#450,.T.);
#1263=EDGE_CURVE('',#1031,#1030,#656,.T.);
#1264=EDGE_CURVE('',#1032,#1031,#657,.T.);
#1265=EDGE_CURVE('',#1033,#1032,#451,.T.);
#1266=EDGE_CURVE('',#1034,#1033,#658,.T.);
#1267=EDGE_CURVE('',#1035,#1034,#452,.T.);
#1268=EDGE_CURVE('',#1021,#1035,#659,.T.);
#1269=EDGE_CURVE('',#1024,#1001,#453,.T.);
#1270=EDGE_CURVE('',#986,#1000,#660,.T.);
#1271=EDGE_CURVE('',#985,#1011,#454,.T.);
#1272=EDGE_CURVE('',#1036,#1036,#455,.T.);
#1273=EDGE_CURVE('',#1037,#1037,#456,.T.);
#1274=EDGE_CURVE('',#1038,#1038,#457,.T.);
#1275=EDGE_CURVE('',#1039,#1039,#458,.T.);
#1276=EDGE_CURVE('',#1031,#1040,#21,.F.);
#1277=EDGE_CURVE('',#1041,#1030,#22,.T.);
#1278=EDGE_CURVE('',#1041,#1040,#661,.T.);
#1279=EDGE_CURVE('',#1042,#935,#459,.T.);
#1280=EDGE_CURVE('',#1042,#1041,#662,.T.);
#1281=EDGE_CURVE('',#988,#1015,#663,.T.);
#1282=EDGE_CURVE('',#998,#988,#664,.T.);
#1283=EDGE_CURVE('',#921,#997,#460,.T.);
#1284=EDGE_CURVE('',#989,#921,#461,.T.);
#1285=EDGE_CURVE('',#1040,#994,#462,.T.);
#1286=EDGE_CURVE('',#1031,#998,#665,.T.);
#1287=EDGE_CURVE('',#1022,#1004,#463,.F.);
#1288=EDGE_CURVE('',#1000,#1021,#666,.T.);
#1289=EDGE_CURVE('',#1009,#986,#667,.T.);
#1290=EDGE_CURVE('',#970,#1043,#668,.T.);
#1291=EDGE_CURVE('',#1043,#1044,#464,.F.);
#1292=EDGE_CURVE('',#969,#1044,#669,.T.);
#1293=EDGE_CURVE('',#1043,#1042,#670,.T.);
#1294=EDGE_CURVE('',#1045,#964,#671,.T.);
#1295=EDGE_CURVE('',#1019,#1045,#465,.T.);
#1296=EDGE_CURVE('',#991,#1045,#466,.F.);
#1297=EDGE_CURVE('',#1044,#995,#467,.F.);
#1298=EDGE_CURVE('',#1046,#976,#672,.T.);
#1299=EDGE_CURVE('',#1047,#1046,#468,.T.);
#1300=EDGE_CURVE('',#1047,#975,#673,.T.);
#1301=EDGE_CURVE('',#1048,#1047,#674,.T.);
#1302=EDGE_CURVE('',#1023,#1048,#675,.T.);
#1303=EDGE_CURVE('',#1003,#1046,#469,.F.);
#1304=EDGE_CURVE('',#1014,#1049,#470,.F.);
#1305=EDGE_CURVE('',#957,#1049,#676,.T.);
#1306=EDGE_CURVE('',#1049,#983,#471,.F.);
#1307=EDGE_CURVE('',#1048,#1002,#472,.T.);
#1308=EDGE_CURVE('',#984,#1013,#473,.T.);
#1309=EDGE_CURVE('',#1050,#1051,#474,.T.);
#1310=EDGE_CURVE('',#1052,#1050,#475,.T.);
#1311=EDGE_CURVE('',#1053,#1052,#476,.T.);
#1312=EDGE_CURVE('',#1054,#1053,#477,.T.);
#1313=EDGE_CURVE('',#1055,#1054,#478,.T.);
#1314=EDGE_CURVE('',#932,#1055,#479,.T.);
#1315=EDGE_CURVE('',#956,#932,#480,.T.);
#1316=EDGE_CURVE('',#950,#956,#481,.T.);
#1317=EDGE_CURVE('',#944,#950,#482,.T.);
#1318=EDGE_CURVE('',#938,#944,#483,.T.);
#1319=EDGE_CURVE('',#919,#938,#484,.T.);
#1320=EDGE_CURVE('',#1051,#919,#485,.T.);
#1321=EDGE_CURVE('',#1056,#1056,#486,.T.);
#1322=EDGE_CURVE('',#1056,#1057,#677,.T.);
#1323=EDGE_CURVE('',#1057,#1057,#487,.T.);
#1324=EDGE_CURVE('',#952,#954,#488,.T.);
#1325=EDGE_CURVE('',#953,#954,#678,.T.);
#1326=EDGE_CURVE('',#951,#953,#489,.T.);
#1327=EDGE_CURVE('',#947,#948,#679,.T.);
#1328=EDGE_CURVE('',#947,#953,#490,.T.);
#1329=EDGE_CURVE('',#946,#948,#491,.T.);
#1330=EDGE_CURVE('',#945,#947,#492,.T.);
#1331=EDGE_CURVE('',#941,#942,#680,.T.);
#1332=EDGE_CURVE('',#941,#947,#493,.T.);
#1333=EDGE_CURVE('',#940,#942,#494,.T.);
#1334=EDGE_CURVE('',#939,#941,#495,.T.);
#1335=EDGE_CURVE('',#935,#936,#681,.T.);
#1336=EDGE_CURVE('',#935,#941,#496,.T.);
#1337=EDGE_CURVE('',#934,#936,#497,.T.);
#1338=EDGE_CURVE('',#933,#935,#498,.T.);
#1339=EDGE_CURVE('',#920,#921,#682,.T.);
#1340=EDGE_CURVE('',#920,#996,#499,.T.);
#1341=EDGE_CURVE('',#990,#920,#500,.T.);
#1342=EDGE_CURVE('',#904,#1020,#501,.T.);
#1343=EDGE_CURVE('',#904,#905,#683,.T.);
#1344=EDGE_CURVE('',#928,#930,#502,.T.);
#1345=EDGE_CURVE('',#929,#930,#684,.T.);
#1346=EDGE_CURVE('',#927,#929,#503,.T.);
#1347=EDGE_CURVE('',#1058,#1058,#504,.T.);
#1348=EDGE_CURVE('',#924,#1059,#505,.T.);
#1349=EDGE_CURVE('',#1054,#1059,#685,.T.);
#1350=EDGE_CURVE('',#1054,#1059,#686,.T.);
#1351=EDGE_CURVE('',#1059,#926,#506,.T.);
#1352=EDGE_CURVE('',#925,#926,#687,.T.);
#1353=EDGE_CURVE('',#923,#925,#507,.T.);
#1354=EDGE_CURVE('',#1060,#1060,#508,.T.);
#1355=EDGE_CURVE('',#1055,#1061,#688,.T.);
#1356=EDGE_CURVE('',#1061,#1029,#509,.T.);
#1357=EDGE_CURVE('',#1062,#1029,#689,.T.);
#1358=EDGE_CURVE('',#1062,#1062,#510,.T.);
#1359=EDGE_CURVE('',#1062,#1029,#690,.T.);
#1360=EDGE_CURVE('',#1029,#1061,#511,.T.);
#1361=EDGE_CURVE('',#1055,#1061,#691,.T.);
#1362=EDGE_CURVE('',#1063,#1063,#512,.T.);
#1363=EDGE_CURVE('',#919,#922,#692,.T.);
#1364=EDGE_CURVE('',#922,#921,#513,.T.);
#1365=EDGE_CURVE('',#918,#920,#514,.T.);
#1366=EDGE_CURVE('',#1064,#1064,#515,.T.);
#1367=EDGE_CURVE('',#915,#1065,#516,.T.);
#1368=EDGE_CURVE('',#1050,#1065,#693,.T.);
#1369=EDGE_CURVE('',#1050,#1065,#694,.T.);
#1370=EDGE_CURVE('',#1065,#917,#517,.T.);
#1371=EDGE_CURVE('',#916,#917,#695,.T.);
#1372=EDGE_CURVE('',#914,#916,#518,.T.);
#1373=EDGE_CURVE('',#1066,#1066,#519,.T.);
#1374=EDGE_CURVE('',#911,#1067,#520,.T.);
#1375=EDGE_CURVE('',#1053,#1067,#696,.T.);
#1376=EDGE_CURVE('',#1053,#1067,#697,.T.);
#1377=EDGE_CURVE('',#1067,#913,#521,.T.);
#1378=EDGE_CURVE('',#912,#913,#698,.T.);
#1379=EDGE_CURVE('',#910,#912,#522,.T.);
#1380=EDGE_CURVE('',#1068,#1068,#523,.T.);
#1381=EDGE_CURVE('',#1069,#1069,#524,.T.);
#1382=EDGE_CURVE('',#1070,#1070,#525,.T.);
#1383=EDGE_CURVE('',#907,#1071,#526,.T.);
#1384=EDGE_CURVE('',#1052,#1071,#699,.T.);
#1385=EDGE_CURVE('',#1052,#1071,#700,.T.);
#1386=EDGE_CURVE('',#1071,#909,#527,.T.);
#1387=EDGE_CURVE('',#908,#909,#701,.T.);
#1388=EDGE_CURVE('',#906,#908,#528,.T.);
#1389=EDGE_CURVE('',#1072,#1072,#529,.T.);
#1390=EDGE_CURVE('',#1073,#1073,#530,.T.);
#1391=EDGE_CURVE('',#1074,#1074,#531,.T.);
#1392=EDGE_CURVE('',#903,#1075,#532,.T.);
#1393=EDGE_CURVE('',#1051,#1075,#702,.T.);
#1394=EDGE_CURVE('',#1051,#1075,#703,.T.);
#1395=EDGE_CURVE('',#1075,#905,#533,.T.);
#1396=EDGE_CURVE('',#902,#904,#534,.T.);
#1397=EDGE_CURVE('',#1076,#1076,#535,.T.);
#1398=EDGE_CURVE('',#908,#916,#536,.T.);
#1399=EDGE_CURVE('',#916,#904,#537,.T.);
#1400=EDGE_CURVE('',#912,#908,#538,.T.);
#1401=EDGE_CURVE('',#925,#912,#539,.T.);
#1402=EDGE_CURVE('',#1062,#925,#540,.T.);
#1403=EDGE_CURVE('',#953,#929,#541,.T.);
#1404=EDGE_CURVE('',#929,#1062,#542,.T.);
#1405=EDGE_CURVE('',#1077,#1027,#704,.T.);
#1406=EDGE_CURVE('',#1077,#1078,#543,.T.);
#1407=EDGE_CURVE('',#1078,#1028,#705,.T.);
#1408=EDGE_CURVE('',#1079,#1026,#706,.T.);
#1409=EDGE_CURVE('',#1079,#1077,#707,.T.);
#1410=EDGE_CURVE('',#1080,#1025,#708,.T.);
#1411=EDGE_CURVE('',#1080,#1079,#544,.T.);
#1412=EDGE_CURVE('',#1081,#1035,#709,.T.);
#1413=EDGE_CURVE('',#1081,#1080,#710,.T.);
#1414=EDGE_CURVE('',#1036,#1082,#711,.T.);
#1415=EDGE_CURVE('',#1082,#1082,#545,.T.);
#1416=EDGE_CURVE('',#1070,#1083,#712,.T.);
#1417=EDGE_CURVE('',#1083,#1083,#546,.T.);
#1418=EDGE_CURVE('',#1073,#1084,#713,.T.);
#1419=EDGE_CURVE('',#1084,#1084,#547,.T.);
#1420=EDGE_CURVE('',#1039,#1085,#714,.T.);
#1421=EDGE_CURVE('',#1085,#1085,#548,.T.);
#1422=EDGE_CURVE('',#1060,#1086,#715,.T.);
#1423=EDGE_CURVE('',#1086,#1086,#549,.T.);
#1424=EDGE_CURVE('',#1063,#1087,#716,.T.);
#1425=EDGE_CURVE('',#1087,#1087,#550,.T.);
#1426=EDGE_CURVE('',#1074,#1088,#717,.T.);
#1427=EDGE_CURVE('',#1088,#1088,#551,.T.);
#1428=EDGE_CURVE('',#1066,#1089,#718,.T.);
#1429=EDGE_CURVE('',#1089,#1089,#552,.T.);
#1430=EDGE_CURVE('',#931,#1090,#719,.T.);
#1431=EDGE_CURVE('',#1090,#1090,#553,.T.);
#1432=EDGE_CURVE('',#1072,#1091,#720,.T.);
#1433=EDGE_CURVE('',#1091,#1091,#554,.T.);
#1434=EDGE_CURVE('',#1064,#1092,#721,.T.);
#1435=EDGE_CURVE('',#1092,#1092,#555,.T.);
#1436=EDGE_CURVE('',#1038,#1093,#722,.T.);
#1437=EDGE_CURVE('',#1093,#1093,#556,.T.);
#1438=EDGE_CURVE('',#1069,#1094,#723,.T.);
#1439=EDGE_CURVE('',#1094,#1094,#557,.T.);
#1440=EDGE_CURVE('',#1076,#1095,#724,.T.);
#1441=EDGE_CURVE('',#1095,#1095,#558,.T.);
#1442=EDGE_CURVE('',#1068,#1096,#725,.T.);
#1443=EDGE_CURVE('',#1096,#1096,#559,.T.);
#1444=EDGE_CURVE('',#1037,#1097,#726,.T.);
#1445=EDGE_CURVE('',#1097,#1097,#560,.T.);
#1446=EDGE_CURVE('',#1058,#1098,#727,.T.);
#1447=EDGE_CURVE('',#1098,#1098,#561,.T.);
#1448=EDGE_CURVE('',#1099,#1034,#728,.T.);
#1449=EDGE_CURVE('',#1099,#1081,#562,.T.);
#1450=EDGE_CURVE('',#1100,#1033,#729,.T.);
#1451=EDGE_CURVE('',#1100,#1099,#730,.T.);
#1452=EDGE_CURVE('',#1101,#1032,#731,.T.);
#1453=EDGE_CURVE('',#1101,#1100,#563,.T.);
#1454=EDGE_CURVE('',#1078,#1101,#732,.T.);
#1455=ORIENTED_EDGE('',*,*,#1102,.F.);
#1456=ORIENTED_EDGE('',*,*,#1103,.F.);
#1457=ORIENTED_EDGE('',*,*,#1104,.T.);
#1458=ORIENTED_EDGE('',*,*,#1105,.T.);
#1459=ORIENTED_EDGE('',*,*,#1106,.F.);
#1460=ORIENTED_EDGE('',*,*,#1107,.F.);
#1461=ORIENTED_EDGE('',*,*,#1108,.T.);
#1462=ORIENTED_EDGE('',*,*,#1109,.T.);
#1463=ORIENTED_EDGE('',*,*,#1110,.F.);
#1464=ORIENTED_EDGE('',*,*,#1111,.F.);
#1465=ORIENTED_EDGE('',*,*,#1112,.T.);
#1466=ORIENTED_EDGE('',*,*,#1113,.T.);
#1467=ORIENTED_EDGE('',*,*,#1114,.F.);
#1468=ORIENTED_EDGE('',*,*,#1115,.F.);
#1469=ORIENTED_EDGE('',*,*,#1116,.T.);
#1470=ORIENTED_EDGE('',*,*,#1117,.T.);
#1471=ORIENTED_EDGE('',*,*,#1118,.F.);
#1472=ORIENTED_EDGE('',*,*,#1119,.F.);
#1473=ORIENTED_EDGE('',*,*,#1120,.T.);
#1474=ORIENTED_EDGE('',*,*,#1121,.T.);
#1475=ORIENTED_EDGE('',*,*,#1122,.F.);
#1476=ORIENTED_EDGE('',*,*,#1123,.F.);
#1477=ORIENTED_EDGE('',*,*,#1124,.F.);
#1478=ORIENTED_EDGE('',*,*,#1125,.T.);
#1479=ORIENTED_EDGE('',*,*,#1126,.T.);
#1480=ORIENTED_EDGE('',*,*,#1127,.F.);
#1481=ORIENTED_EDGE('',*,*,#1128,.F.);
#1482=ORIENTED_EDGE('',*,*,#1129,.T.);
#1483=ORIENTED_EDGE('',*,*,#1130,.T.);
#1484=ORIENTED_EDGE('',*,*,#1131,.F.);
#1485=ORIENTED_EDGE('',*,*,#1132,.T.);
#1486=ORIENTED_EDGE('',*,*,#1133,.T.);
#1487=ORIENTED_EDGE('',*,*,#1134,.F.);
#1488=ORIENTED_EDGE('',*,*,#1135,.F.);
#1489=ORIENTED_EDGE('',*,*,#1136,.T.);
#1490=ORIENTED_EDGE('',*,*,#1137,.T.);
#1491=ORIENTED_EDGE('',*,*,#1138,.F.);
#1492=ORIENTED_EDGE('',*,*,#1139,.T.);
#1493=ORIENTED_EDGE('',*,*,#1140,.T.);
#1494=ORIENTED_EDGE('',*,*,#1141,.F.);
#1495=ORIENTED_EDGE('',*,*,#1142,.F.);
#1496=ORIENTED_EDGE('',*,*,#1143,.T.);
#1497=ORIENTED_EDGE('',*,*,#1144,.T.);
#1498=ORIENTED_EDGE('',*,*,#1145,.F.);
#1499=ORIENTED_EDGE('',*,*,#1146,.T.);
#1500=ORIENTED_EDGE('',*,*,#1147,.T.);
#1501=ORIENTED_EDGE('',*,*,#1148,.F.);
#1502=ORIENTED_EDGE('',*,*,#1149,.F.);
#1503=ORIENTED_EDGE('',*,*,#1150,.T.);
#1504=ORIENTED_EDGE('',*,*,#1151,.T.);
#1505=ORIENTED_EDGE('',*,*,#1152,.F.);
#1506=ORIENTED_EDGE('',*,*,#1153,.T.);
#1507=ORIENTED_EDGE('',*,*,#1154,.T.);
#1508=ORIENTED_EDGE('',*,*,#1155,.F.);
#1509=ORIENTED_EDGE('',*,*,#1156,.F.);
#1510=ORIENTED_EDGE('',*,*,#1157,.T.);
#1511=ORIENTED_EDGE('',*,*,#1158,.T.);
#1512=ORIENTED_EDGE('',*,*,#1159,.F.);
#1513=ORIENTED_EDGE('',*,*,#1160,.T.);
#1514=ORIENTED_EDGE('',*,*,#1161,.T.);
#1515=ORIENTED_EDGE('',*,*,#1162,.F.);
#1516=ORIENTED_EDGE('',*,*,#1163,.F.);
#1517=ORIENTED_EDGE('',*,*,#1164,.F.);
#1518=ORIENTED_EDGE('',*,*,#1165,.F.);
#1519=ORIENTED_EDGE('',*,*,#1166,.F.);
#1520=ORIENTED_EDGE('',*,*,#1167,.F.);
#1521=ORIENTED_EDGE('',*,*,#1168,.F.);
#1522=ORIENTED_EDGE('',*,*,#1169,.F.);
#1523=ORIENTED_EDGE('',*,*,#1170,.F.);
#1524=ORIENTED_EDGE('',*,*,#1171,.F.);
#1525=ORIENTED_EDGE('',*,*,#1172,.F.);
#1526=ORIENTED_EDGE('',*,*,#1173,.F.);
#1527=ORIENTED_EDGE('',*,*,#1174,.F.);
#1528=ORIENTED_EDGE('',*,*,#1175,.F.);
#1529=ORIENTED_EDGE('',*,*,#1176,.F.);
#1530=ORIENTED_EDGE('',*,*,#1177,.F.);
#1531=ORIENTED_EDGE('',*,*,#1178,.F.);
#1532=ORIENTED_EDGE('',*,*,#1179,.F.);
#1533=ORIENTED_EDGE('',*,*,#1180,.F.);
#1534=ORIENTED_EDGE('',*,*,#1181,.F.);
#1535=ORIENTED_EDGE('',*,*,#1182,.F.);
#1536=ORIENTED_EDGE('',*,*,#1183,.F.);
#1537=ORIENTED_EDGE('',*,*,#1184,.F.);
#1538=ORIENTED_EDGE('',*,*,#1185,.F.);
#1539=ORIENTED_EDGE('',*,*,#1165,.T.);
#1540=ORIENTED_EDGE('',*,*,#1186,.F.);
#1541=ORIENTED_EDGE('',*,*,#1187,.F.);
#1542=ORIENTED_EDGE('',*,*,#1188,.F.);
#1543=ORIENTED_EDGE('',*,*,#1164,.T.);
#1544=ORIENTED_EDGE('',*,*,#1189,.F.);
#1545=ORIENTED_EDGE('',*,*,#1190,.T.);
#1546=ORIENTED_EDGE('',*,*,#1191,.F.);
#1547=ORIENTED_EDGE('',*,*,#1192,.F.);
#1548=ORIENTED_EDGE('',*,*,#1193,.T.);
#1549=ORIENTED_EDGE('',*,*,#1186,.T.);
#1550=ORIENTED_EDGE('',*,*,#1171,.T.);
#1551=ORIENTED_EDGE('',*,*,#1194,.F.);
#1552=ORIENTED_EDGE('',*,*,#1195,.F.);
#1553=ORIENTED_EDGE('',*,*,#1196,.F.);
#1554=ORIENTED_EDGE('',*,*,#1197,.F.);
#1555=ORIENTED_EDGE('',*,*,#1198,.T.);
#1556=ORIENTED_EDGE('',*,*,#1199,.F.);
#1557=ORIENTED_EDGE('',*,*,#1170,.T.);
#1558=ORIENTED_EDGE('',*,*,#1200,.F.);
#1559=ORIENTED_EDGE('',*,*,#1201,.F.);
#1560=ORIENTED_EDGE('',*,*,#1194,.T.);
#1561=ORIENTED_EDGE('',*,*,#1177,.T.);
#1562=ORIENTED_EDGE('',*,*,#1202,.T.);
#1563=ORIENTED_EDGE('',*,*,#1203,.F.);
#1564=ORIENTED_EDGE('',*,*,#1204,.T.);
#1565=ORIENTED_EDGE('',*,*,#1176,.T.);
#1566=ORIENTED_EDGE('',*,*,#1205,.F.);
#1567=ORIENTED_EDGE('',*,*,#1206,.T.);
#1568=ORIENTED_EDGE('',*,*,#1207,.F.);
#1569=ORIENTED_EDGE('',*,*,#1208,.F.);
#1570=ORIENTED_EDGE('',*,*,#1209,.T.);
#1571=ORIENTED_EDGE('',*,*,#1202,.F.);
#1572=ORIENTED_EDGE('',*,*,#1183,.T.);
#1573=ORIENTED_EDGE('',*,*,#1210,.F.);
#1574=ORIENTED_EDGE('',*,*,#1211,.F.);
#1575=ORIENTED_EDGE('',*,*,#1212,.F.);
#1576=ORIENTED_EDGE('',*,*,#1213,.F.);
#1577=ORIENTED_EDGE('',*,*,#1214,.T.);
#1578=ORIENTED_EDGE('',*,*,#1215,.F.);
#1579=ORIENTED_EDGE('',*,*,#1182,.T.);
#1580=ORIENTED_EDGE('',*,*,#1216,.F.);
#1581=ORIENTED_EDGE('',*,*,#1217,.F.);
#1582=ORIENTED_EDGE('',*,*,#1210,.T.);
#1583=ORIENTED_EDGE('',*,*,#1173,.T.);
#1584=ORIENTED_EDGE('',*,*,#1218,.T.);
#1585=ORIENTED_EDGE('',*,*,#1219,.F.);
#1586=ORIENTED_EDGE('',*,*,#1218,.F.);
#1587=ORIENTED_EDGE('',*,*,#1179,.T.);
#1588=ORIENTED_EDGE('',*,*,#1220,.T.);
#1589=ORIENTED_EDGE('',*,*,#1221,.F.);
#1590=ORIENTED_EDGE('',*,*,#1220,.F.);
#1591=ORIENTED_EDGE('',*,*,#1167,.T.);
#1592=ORIENTED_EDGE('',*,*,#1222,.T.);
#1593=ORIENTED_EDGE('',*,*,#1223,.F.);
#1594=ORIENTED_EDGE('',*,*,#1222,.F.);
#1595=ORIENTED_EDGE('',*,*,#1185,.T.);
#1596=ORIENTED_EDGE('',*,*,#1224,.T.);
#1597=ORIENTED_EDGE('',*,*,#1225,.F.);
#1598=ORIENTED_EDGE('',*,*,#1224,.F.);
#1599=ORIENTED_EDGE('',*,*,#1226,.F.);
#1600=ORIENTED_EDGE('',*,*,#1227,.T.);
#1601=ORIENTED_EDGE('',*,*,#1228,.T.);
#1602=ORIENTED_EDGE('',*,*,#1229,.T.);
#1603=ORIENTED_EDGE('',*,*,#1166,.T.);
#1604=ORIENTED_EDGE('',*,*,#1188,.T.);
#1605=ORIENTED_EDGE('',*,*,#1230,.F.);
#1606=ORIENTED_EDGE('',*,*,#1229,.F.);
#1607=ORIENTED_EDGE('',*,*,#1231,.T.);
#1608=ORIENTED_EDGE('',*,*,#1232,.F.);
#1609=ORIENTED_EDGE('',*,*,#1233,.F.);
#1610=ORIENTED_EDGE('',*,*,#1234,.T.);
#1611=ORIENTED_EDGE('',*,*,#1235,.T.);
#1612=ORIENTED_EDGE('',*,*,#1236,.F.);
#1613=ORIENTED_EDGE('',*,*,#1237,.T.);
#1614=ORIENTED_EDGE('',*,*,#1169,.T.);
#1615=ORIENTED_EDGE('',*,*,#1238,.F.);
#1616=ORIENTED_EDGE('',*,*,#1239,.F.);
#1617=ORIENTED_EDGE('',*,*,#1240,.F.);
#1618=ORIENTED_EDGE('',*,*,#1235,.F.);
#1619=ORIENTED_EDGE('',*,*,#1241,.T.);
#1620=ORIENTED_EDGE('',*,*,#1200,.T.);
#1621=ORIENTED_EDGE('',*,*,#1242,.T.);
#1622=ORIENTED_EDGE('',*,*,#1243,.T.);
#1623=ORIENTED_EDGE('',*,*,#1244,.T.);
#1624=ORIENTED_EDGE('',*,*,#1245,.T.);
#1625=ORIENTED_EDGE('',*,*,#1227,.F.);
#1626=ORIENTED_EDGE('',*,*,#1246,.F.);
#1627=ORIENTED_EDGE('',*,*,#1247,.F.);
#1628=ORIENTED_EDGE('',*,*,#1248,.F.);
#1629=ORIENTED_EDGE('',*,*,#1249,.F.);
#1630=ORIENTED_EDGE('',*,*,#1250,.F.);
#1631=ORIENTED_EDGE('',*,*,#1237,.F.);
#1632=ORIENTED_EDGE('',*,*,#1251,.F.);
#1633=ORIENTED_EDGE('',*,*,#1252,.F.);
#1634=ORIENTED_EDGE('',*,*,#1253,.F.);
#1635=ORIENTED_EDGE('',*,*,#1254,.F.);
#1636=ORIENTED_EDGE('',*,*,#1255,.F.);
#1637=ORIENTED_EDGE('',*,*,#1256,.F.);
#1638=ORIENTED_EDGE('',*,*,#1257,.F.);
#1639=ORIENTED_EDGE('',*,*,#1258,.F.);
#1640=ORIENTED_EDGE('',*,*,#1259,.F.);
#1641=ORIENTED_EDGE('',*,*,#1260,.F.);
#1642=ORIENTED_EDGE('',*,*,#1261,.F.);
#1643=ORIENTED_EDGE('',*,*,#1262,.F.);
#1644=ORIENTED_EDGE('',*,*,#1263,.F.);
#1645=ORIENTED_EDGE('',*,*,#1264,.F.);
#1646=ORIENTED_EDGE('',*,*,#1265,.F.);
#1647=ORIENTED_EDGE('',*,*,#1266,.F.);
#1648=ORIENTED_EDGE('',*,*,#1267,.F.);
#1649=ORIENTED_EDGE('',*,*,#1268,.F.);
#1650=ORIENTED_EDGE('',*,*,#1245,.F.);
#1651=ORIENTED_EDGE('',*,*,#1269,.T.);
#1652=ORIENTED_EDGE('',*,*,#1212,.T.);
#1653=ORIENTED_EDGE('',*,*,#1270,.F.);
#1654=ORIENTED_EDGE('',*,*,#1192,.T.);
#1655=ORIENTED_EDGE('',*,*,#1271,.T.);
#1656=ORIENTED_EDGE('',*,*,#1272,.F.);
#1657=ORIENTED_EDGE('',*,*,#1273,.F.);
#1658=ORIENTED_EDGE('',*,*,#1274,.F.);
#1659=ORIENTED_EDGE('',*,*,#1275,.F.);
#1660=ORIENTED_EDGE('',*,*,#1276,.F.);
#1661=ORIENTED_EDGE('',*,*,#1263,.T.);
#1662=ORIENTED_EDGE('',*,*,#1277,.F.);
#1663=ORIENTED_EDGE('',*,*,#1278,.T.);
#1664=ORIENTED_EDGE('',*,*,#1277,.T.);
#1665=ORIENTED_EDGE('',*,*,#1262,.T.);
#1666=ORIENTED_EDGE('',*,*,#1136,.F.);
#1667=ORIENTED_EDGE('',*,*,#1279,.F.);
#1668=ORIENTED_EDGE('',*,*,#1280,.T.);
#1669=ORIENTED_EDGE('',*,*,#1195,.T.);
#1670=ORIENTED_EDGE('',*,*,#1201,.T.);
#1671=ORIENTED_EDGE('',*,*,#1241,.F.);
#1672=ORIENTED_EDGE('',*,*,#1234,.F.);
#1673=ORIENTED_EDGE('',*,*,#1281,.F.);
#1674=ORIENTED_EDGE('',*,*,#1196,.T.);
#1675=ORIENTED_EDGE('',*,*,#1282,.F.);
#1676=ORIENTED_EDGE('',*,*,#1208,.T.);
#1677=ORIENTED_EDGE('',*,*,#1283,.F.);
#1678=ORIENTED_EDGE('',*,*,#1284,.F.);
#1679=ORIENTED_EDGE('',*,*,#1285,.T.);
#1680=ORIENTED_EDGE('',*,*,#1203,.T.);
#1681=ORIENTED_EDGE('',*,*,#1209,.F.);
#1682=ORIENTED_EDGE('',*,*,#1286,.F.);
#1683=ORIENTED_EDGE('',*,*,#1276,.T.);
#1684=ORIENTED_EDGE('',*,*,#1211,.T.);
#1685=ORIENTED_EDGE('',*,*,#1217,.T.);
#1686=ORIENTED_EDGE('',*,*,#1287,.F.);
#1687=ORIENTED_EDGE('',*,*,#1242,.F.);
#1688=ORIENTED_EDGE('',*,*,#1288,.F.);
#1689=ORIENTED_EDGE('',*,*,#1230,.T.);
#1690=ORIENTED_EDGE('',*,*,#1187,.T.);
#1691=ORIENTED_EDGE('',*,*,#1193,.F.);
#1692=ORIENTED_EDGE('',*,*,#1289,.F.);
#1693=ORIENTED_EDGE('',*,*,#1226,.T.);
#1694=ORIENTED_EDGE('',*,*,#1174,.T.);
#1695=ORIENTED_EDGE('',*,*,#1290,.T.);
#1696=ORIENTED_EDGE('',*,*,#1291,.T.);
#1697=ORIENTED_EDGE('',*,*,#1292,.F.);
#1698=ORIENTED_EDGE('',*,*,#1178,.T.);
#1699=ORIENTED_EDGE('',*,*,#1204,.F.);
#1700=ORIENTED_EDGE('',*,*,#1285,.F.);
#1701=ORIENTED_EDGE('',*,*,#1278,.F.);
#1702=ORIENTED_EDGE('',*,*,#1280,.F.);
#1703=ORIENTED_EDGE('',*,*,#1293,.F.);
#1704=ORIENTED_EDGE('',*,*,#1290,.F.);
#1705=ORIENTED_EDGE('',*,*,#1168,.T.);
#1706=ORIENTED_EDGE('',*,*,#1294,.F.);
#1707=ORIENTED_EDGE('',*,*,#1295,.F.);
#1708=ORIENTED_EDGE('',*,*,#1238,.T.);
#1709=ORIENTED_EDGE('',*,*,#1172,.T.);
#1710=ORIENTED_EDGE('',*,*,#1199,.T.);
#1711=ORIENTED_EDGE('',*,*,#1296,.T.);
#1712=ORIENTED_EDGE('',*,*,#1294,.T.);
#1713=ORIENTED_EDGE('',*,*,#1175,.T.);
#1714=ORIENTED_EDGE('',*,*,#1292,.T.);
#1715=ORIENTED_EDGE('',*,*,#1297,.T.);
#1716=ORIENTED_EDGE('',*,*,#1205,.T.);
#1717=ORIENTED_EDGE('',*,*,#1180,.T.);
#1718=ORIENTED_EDGE('',*,*,#1298,.F.);
#1719=ORIENTED_EDGE('',*,*,#1299,.F.);
#1720=ORIENTED_EDGE('',*,*,#1300,.T.);
#1721=ORIENTED_EDGE('',*,*,#1181,.T.);
#1722=ORIENTED_EDGE('',*,*,#1300,.F.);
#1723=ORIENTED_EDGE('',*,*,#1301,.F.);
#1724=ORIENTED_EDGE('',*,*,#1302,.F.);
#1725=ORIENTED_EDGE('',*,*,#1243,.F.);
#1726=ORIENTED_EDGE('',*,*,#1287,.T.);
#1727=ORIENTED_EDGE('',*,*,#1216,.T.);
#1728=ORIENTED_EDGE('',*,*,#1184,.T.);
#1729=ORIENTED_EDGE('',*,*,#1215,.T.);
#1730=ORIENTED_EDGE('',*,*,#1303,.T.);
#1731=ORIENTED_EDGE('',*,*,#1298,.T.);
#1732=ORIENTED_EDGE('',*,*,#1162,.T.);
#1733=ORIENTED_EDGE('',*,*,#1233,.T.);
#1734=ORIENTED_EDGE('',*,*,#1304,.T.);
#1735=ORIENTED_EDGE('',*,*,#1305,.F.);
#1736=ORIENTED_EDGE('',*,*,#1163,.T.);
#1737=ORIENTED_EDGE('',*,*,#1305,.T.);
#1738=ORIENTED_EDGE('',*,*,#1306,.T.);
#1739=ORIENTED_EDGE('',*,*,#1189,.T.);
#1740=ORIENTED_EDGE('',*,*,#1214,.F.);
#1741=ORIENTED_EDGE('',*,*,#1307,.F.);
#1742=ORIENTED_EDGE('',*,*,#1301,.T.);
#1743=ORIENTED_EDGE('',*,*,#1299,.T.);
#1744=ORIENTED_EDGE('',*,*,#1303,.F.);
#1745=ORIENTED_EDGE('',*,*,#1232,.T.);
#1746=ORIENTED_EDGE('',*,*,#1308,.F.);
#1747=ORIENTED_EDGE('',*,*,#1190,.F.);
#1748=ORIENTED_EDGE('',*,*,#1306,.F.);
#1749=ORIENTED_EDGE('',*,*,#1304,.F.);
#1750=ORIENTED_EDGE('',*,*,#1307,.T.);
#1751=ORIENTED_EDGE('',*,*,#1213,.T.);
#1752=ORIENTED_EDGE('',*,*,#1269,.F.);
#1753=ORIENTED_EDGE('',*,*,#1244,.F.);
#1754=ORIENTED_EDGE('',*,*,#1302,.T.);
#1755=ORIENTED_EDGE('',*,*,#1308,.T.);
#1756=ORIENTED_EDGE('',*,*,#1231,.F.);
#1757=ORIENTED_EDGE('',*,*,#1228,.F.);
#1758=ORIENTED_EDGE('',*,*,#1271,.F.);
#1759=ORIENTED_EDGE('',*,*,#1191,.T.);
#1760=ORIENTED_EDGE('',*,*,#1309,.F.);
#1761=ORIENTED_EDGE('',*,*,#1310,.F.);
#1762=ORIENTED_EDGE('',*,*,#1311,.F.);
#1763=ORIENTED_EDGE('',*,*,#1312,.F.);
#1764=ORIENTED_EDGE('',*,*,#1313,.F.);
#1765=ORIENTED_EDGE('',*,*,#1314,.F.);
#1766=ORIENTED_EDGE('',*,*,#1315,.F.);
#1767=ORIENTED_EDGE('',*,*,#1316,.F.);
#1768=ORIENTED_EDGE('',*,*,#1317,.F.);
#1769=ORIENTED_EDGE('',*,*,#1318,.F.);
#1770=ORIENTED_EDGE('',*,*,#1319,.F.);
#1771=ORIENTED_EDGE('',*,*,#1320,.F.);
#1772=ORIENTED_EDGE('',*,*,#1321,.T.);
#1773=ORIENTED_EDGE('',*,*,#1321,.F.);
#1774=ORIENTED_EDGE('',*,*,#1322,.T.);
#1775=ORIENTED_EDGE('',*,*,#1323,.F.);
#1776=ORIENTED_EDGE('',*,*,#1322,.F.);
#1777=ORIENTED_EDGE('',*,*,#1155,.T.);
#1778=ORIENTED_EDGE('',*,*,#1324,.T.);
#1779=ORIENTED_EDGE('',*,*,#1325,.F.);
#1780=ORIENTED_EDGE('',*,*,#1326,.F.);
#1781=ORIENTED_EDGE('',*,*,#1327,.T.);
#1782=ORIENTED_EDGE('',*,*,#1259,.T.);
#1783=ORIENTED_EDGE('',*,*,#1157,.F.);
#1784=ORIENTED_EDGE('',*,*,#1328,.F.);
#1785=ORIENTED_EDGE('',*,*,#1148,.T.);
#1786=ORIENTED_EDGE('',*,*,#1329,.T.);
#1787=ORIENTED_EDGE('',*,*,#1327,.F.);
#1788=ORIENTED_EDGE('',*,*,#1330,.F.);
#1789=ORIENTED_EDGE('',*,*,#1331,.T.);
#1790=ORIENTED_EDGE('',*,*,#1260,.T.);
#1791=ORIENTED_EDGE('',*,*,#1150,.F.);
#1792=ORIENTED_EDGE('',*,*,#1332,.F.);
#1793=ORIENTED_EDGE('',*,*,#1141,.T.);
#1794=ORIENTED_EDGE('',*,*,#1333,.T.);
#1795=ORIENTED_EDGE('',*,*,#1331,.F.);
#1796=ORIENTED_EDGE('',*,*,#1334,.F.);
#1797=ORIENTED_EDGE('',*,*,#1335,.T.);
#1798=ORIENTED_EDGE('',*,*,#1261,.T.);
#1799=ORIENTED_EDGE('',*,*,#1143,.F.);
#1800=ORIENTED_EDGE('',*,*,#1336,.F.);
#1801=ORIENTED_EDGE('',*,*,#1134,.T.);
#1802=ORIENTED_EDGE('',*,*,#1337,.T.);
#1803=ORIENTED_EDGE('',*,*,#1335,.F.);
#1804=ORIENTED_EDGE('',*,*,#1338,.F.);
#1805=ORIENTED_EDGE('',*,*,#1339,.T.);
#1806=ORIENTED_EDGE('',*,*,#1283,.T.);
#1807=ORIENTED_EDGE('',*,*,#1207,.T.);
#1808=ORIENTED_EDGE('',*,*,#1340,.F.);
#1809=ORIENTED_EDGE('',*,*,#1197,.T.);
#1810=ORIENTED_EDGE('',*,*,#1284,.T.);
#1811=ORIENTED_EDGE('',*,*,#1120,.F.);
#1812=ORIENTED_EDGE('',*,*,#1341,.F.);
#1813=ORIENTED_EDGE('',*,*,#1236,.T.);
#1814=ORIENTED_EDGE('',*,*,#1240,.T.);
#1815=ORIENTED_EDGE('',*,*,#1342,.F.);
#1816=ORIENTED_EDGE('',*,*,#1343,.T.);
#1817=ORIENTED_EDGE('',*,*,#1251,.T.);
#1818=ORIENTED_EDGE('',*,*,#1127,.T.);
#1819=ORIENTED_EDGE('',*,*,#1344,.T.);
#1820=ORIENTED_EDGE('',*,*,#1345,.F.);
#1821=ORIENTED_EDGE('',*,*,#1346,.F.);
#1822=ORIENTED_EDGE('',*,*,#1133,.F.);
#1823=ORIENTED_EDGE('',*,*,#1130,.F.);
#1824=ORIENTED_EDGE('',*,*,#1344,.F.);
#1825=ORIENTED_EDGE('',*,*,#1347,.F.);
#1826=ORIENTED_EDGE('',*,*,#1123,.T.);
#1827=ORIENTED_EDGE('',*,*,#1348,.T.);
#1828=ORIENTED_EDGE('',*,*,#1349,.F.);
#1829=ORIENTED_EDGE('',*,*,#1350,.T.);
#1830=ORIENTED_EDGE('',*,*,#1351,.T.);
#1831=ORIENTED_EDGE('',*,*,#1352,.F.);
#1832=ORIENTED_EDGE('',*,*,#1353,.F.);
#1833=ORIENTED_EDGE('',*,*,#1126,.F.);
#1834=ORIENTED_EDGE('',*,*,#1351,.F.);
#1835=ORIENTED_EDGE('',*,*,#1348,.F.);
#1836=ORIENTED_EDGE('',*,*,#1354,.F.);
#1837=ORIENTED_EDGE('',*,*,#1355,.T.);
#1838=ORIENTED_EDGE('',*,*,#1356,.T.);
#1839=ORIENTED_EDGE('',*,*,#1357,.F.);
#1840=ORIENTED_EDGE('',*,*,#1358,.F.);
#1841=ORIENTED_EDGE('',*,*,#1359,.T.);
#1842=ORIENTED_EDGE('',*,*,#1360,.T.);
#1843=ORIENTED_EDGE('',*,*,#1361,.F.);
#1844=ORIENTED_EDGE('',*,*,#1360,.F.);
#1845=ORIENTED_EDGE('',*,*,#1356,.F.);
#1846=ORIENTED_EDGE('',*,*,#1362,.F.);
#1847=ORIENTED_EDGE('',*,*,#1118,.T.);
#1848=ORIENTED_EDGE('',*,*,#1363,.T.);
#1849=ORIENTED_EDGE('',*,*,#1364,.T.);
#1850=ORIENTED_EDGE('',*,*,#1339,.F.);
#1851=ORIENTED_EDGE('',*,*,#1365,.F.);
#1852=ORIENTED_EDGE('',*,*,#1364,.F.);
#1853=ORIENTED_EDGE('',*,*,#1121,.F.);
#1854=ORIENTED_EDGE('',*,*,#1366,.F.);
#1855=ORIENTED_EDGE('',*,*,#1114,.T.);
#1856=ORIENTED_EDGE('',*,*,#1367,.T.);
#1857=ORIENTED_EDGE('',*,*,#1368,.F.);
#1858=ORIENTED_EDGE('',*,*,#1369,.T.);
#1859=ORIENTED_EDGE('',*,*,#1370,.T.);
#1860=ORIENTED_EDGE('',*,*,#1371,.F.);
#1861=ORIENTED_EDGE('',*,*,#1372,.F.);
#1862=ORIENTED_EDGE('',*,*,#1117,.F.);
#1863=ORIENTED_EDGE('',*,*,#1370,.F.);
#1864=ORIENTED_EDGE('',*,*,#1367,.F.);
#1865=ORIENTED_EDGE('',*,*,#1373,.F.);
#1866=ORIENTED_EDGE('',*,*,#1110,.T.);
#1867=ORIENTED_EDGE('',*,*,#1374,.T.);
#1868=ORIENTED_EDGE('',*,*,#1375,.F.);
#1869=ORIENTED_EDGE('',*,*,#1376,.T.);
#1870=ORIENTED_EDGE('',*,*,#1377,.T.);
#1871=ORIENTED_EDGE('',*,*,#1378,.F.);
#1872=ORIENTED_EDGE('',*,*,#1379,.F.);
#1873=ORIENTED_EDGE('',*,*,#1113,.F.);
#1874=ORIENTED_EDGE('',*,*,#1377,.F.);
#1875=ORIENTED_EDGE('',*,*,#1374,.F.);
#1876=ORIENTED_EDGE('',*,*,#1380,.F.);
#1877=ORIENTED_EDGE('',*,*,#1147,.F.);
#1878=ORIENTED_EDGE('',*,*,#1144,.F.);
#1879=ORIENTED_EDGE('',*,*,#1333,.F.);
#1880=ORIENTED_EDGE('',*,*,#1381,.F.);
#1881=ORIENTED_EDGE('',*,*,#1161,.F.);
#1882=ORIENTED_EDGE('',*,*,#1158,.F.);
#1883=ORIENTED_EDGE('',*,*,#1324,.F.);
#1884=ORIENTED_EDGE('',*,*,#1382,.F.);
#1885=ORIENTED_EDGE('',*,*,#1106,.T.);
#1886=ORIENTED_EDGE('',*,*,#1383,.T.);
#1887=ORIENTED_EDGE('',*,*,#1384,.F.);
#1888=ORIENTED_EDGE('',*,*,#1385,.T.);
#1889=ORIENTED_EDGE('',*,*,#1386,.T.);
#1890=ORIENTED_EDGE('',*,*,#1387,.F.);
#1891=ORIENTED_EDGE('',*,*,#1388,.F.);
#1892=ORIENTED_EDGE('',*,*,#1109,.F.);
#1893=ORIENTED_EDGE('',*,*,#1386,.F.);
#1894=ORIENTED_EDGE('',*,*,#1383,.F.);
#1895=ORIENTED_EDGE('',*,*,#1389,.F.);
#1896=ORIENTED_EDGE('',*,*,#1154,.F.);
#1897=ORIENTED_EDGE('',*,*,#1151,.F.);
#1898=ORIENTED_EDGE('',*,*,#1329,.F.);
#1899=ORIENTED_EDGE('',*,*,#1390,.F.);
#1900=ORIENTED_EDGE('',*,*,#1140,.F.);
#1901=ORIENTED_EDGE('',*,*,#1137,.F.);
#1902=ORIENTED_EDGE('',*,*,#1337,.F.);
#1903=ORIENTED_EDGE('',*,*,#1391,.F.);
#1904=ORIENTED_EDGE('',*,*,#1102,.T.);
#1905=ORIENTED_EDGE('',*,*,#1392,.T.);
#1906=ORIENTED_EDGE('',*,*,#1393,.F.);
#1907=ORIENTED_EDGE('',*,*,#1394,.T.);
#1908=ORIENTED_EDGE('',*,*,#1395,.T.);
#1909=ORIENTED_EDGE('',*,*,#1343,.F.);
#1910=ORIENTED_EDGE('',*,*,#1396,.F.);
#1911=ORIENTED_EDGE('',*,*,#1105,.F.);
#1912=ORIENTED_EDGE('',*,*,#1395,.F.);
#1913=ORIENTED_EDGE('',*,*,#1392,.F.);
#1914=ORIENTED_EDGE('',*,*,#1397,.F.);
#1915=ORIENTED_EDGE('',*,*,#1387,.T.);
#1916=ORIENTED_EDGE('',*,*,#1253,.T.);
#1917=ORIENTED_EDGE('',*,*,#1116,.F.);
#1918=ORIENTED_EDGE('',*,*,#1398,.F.);
#1919=ORIENTED_EDGE('',*,*,#1371,.T.);
#1920=ORIENTED_EDGE('',*,*,#1252,.T.);
#1921=ORIENTED_EDGE('',*,*,#1104,.F.);
#1922=ORIENTED_EDGE('',*,*,#1399,.F.);
#1923=ORIENTED_EDGE('',*,*,#1378,.T.);
#1924=ORIENTED_EDGE('',*,*,#1254,.T.);
#1925=ORIENTED_EDGE('',*,*,#1108,.F.);
#1926=ORIENTED_EDGE('',*,*,#1400,.F.);
#1927=ORIENTED_EDGE('',*,*,#1352,.T.);
#1928=ORIENTED_EDGE('',*,*,#1255,.T.);
#1929=ORIENTED_EDGE('',*,*,#1112,.F.);
#1930=ORIENTED_EDGE('',*,*,#1401,.F.);
#1931=ORIENTED_EDGE('',*,*,#1357,.T.);
#1932=ORIENTED_EDGE('',*,*,#1256,.T.);
#1933=ORIENTED_EDGE('',*,*,#1125,.F.);
#1934=ORIENTED_EDGE('',*,*,#1402,.F.);
#1935=ORIENTED_EDGE('',*,*,#1325,.T.);
#1936=ORIENTED_EDGE('',*,*,#1258,.T.);
#1937=ORIENTED_EDGE('',*,*,#1129,.F.);
#1938=ORIENTED_EDGE('',*,*,#1403,.F.);
#1939=ORIENTED_EDGE('',*,*,#1341,.T.);
#1940=ORIENTED_EDGE('',*,*,#1119,.T.);
#1941=ORIENTED_EDGE('',*,*,#1365,.T.);
#1942=ORIENTED_EDGE('',*,*,#1340,.T.);
#1943=ORIENTED_EDGE('',*,*,#1206,.F.);
#1944=ORIENTED_EDGE('',*,*,#1297,.F.);
#1945=ORIENTED_EDGE('',*,*,#1291,.F.);
#1946=ORIENTED_EDGE('',*,*,#1293,.T.);
#1947=ORIENTED_EDGE('',*,*,#1279,.T.);
#1948=ORIENTED_EDGE('',*,*,#1135,.T.);
#1949=ORIENTED_EDGE('',*,*,#1338,.T.);
#1950=ORIENTED_EDGE('',*,*,#1336,.T.);
#1951=ORIENTED_EDGE('',*,*,#1142,.T.);
#1952=ORIENTED_EDGE('',*,*,#1334,.T.);
#1953=ORIENTED_EDGE('',*,*,#1332,.T.);
#1954=ORIENTED_EDGE('',*,*,#1149,.T.);
#1955=ORIENTED_EDGE('',*,*,#1330,.T.);
#1956=ORIENTED_EDGE('',*,*,#1328,.T.);
#1957=ORIENTED_EDGE('',*,*,#1156,.T.);
#1958=ORIENTED_EDGE('',*,*,#1326,.T.);
#1959=ORIENTED_EDGE('',*,*,#1403,.T.);
#1960=ORIENTED_EDGE('',*,*,#1128,.T.);
#1961=ORIENTED_EDGE('',*,*,#1346,.T.);
#1962=ORIENTED_EDGE('',*,*,#1404,.T.);
#1963=ORIENTED_EDGE('',*,*,#1358,.T.);
#1964=ORIENTED_EDGE('',*,*,#1402,.T.);
#1965=ORIENTED_EDGE('',*,*,#1124,.T.);
#1966=ORIENTED_EDGE('',*,*,#1353,.T.);
#1967=ORIENTED_EDGE('',*,*,#1401,.T.);
#1968=ORIENTED_EDGE('',*,*,#1111,.T.);
#1969=ORIENTED_EDGE('',*,*,#1379,.T.);
#1970=ORIENTED_EDGE('',*,*,#1400,.T.);
#1971=ORIENTED_EDGE('',*,*,#1107,.T.);
#1972=ORIENTED_EDGE('',*,*,#1388,.T.);
#1973=ORIENTED_EDGE('',*,*,#1398,.T.);
#1974=ORIENTED_EDGE('',*,*,#1115,.T.);
#1975=ORIENTED_EDGE('',*,*,#1372,.T.);
#1976=ORIENTED_EDGE('',*,*,#1399,.T.);
#1977=ORIENTED_EDGE('',*,*,#1103,.T.);
#1978=ORIENTED_EDGE('',*,*,#1396,.T.);
#1979=ORIENTED_EDGE('',*,*,#1342,.T.);
#1980=ORIENTED_EDGE('',*,*,#1239,.T.);
#1981=ORIENTED_EDGE('',*,*,#1295,.T.);
#1982=ORIENTED_EDGE('',*,*,#1296,.F.);
#1983=ORIENTED_EDGE('',*,*,#1198,.F.);
#1984=ORIENTED_EDGE('',*,*,#1323,.T.);
#1985=ORIENTED_EDGE('',*,*,#1345,.T.);
#1986=ORIENTED_EDGE('',*,*,#1257,.T.);
#1987=ORIENTED_EDGE('',*,*,#1359,.F.);
#1988=ORIENTED_EDGE('',*,*,#1404,.F.);
#1989=ORIENTED_EDGE('',*,*,#1249,.T.);
#1990=ORIENTED_EDGE('',*,*,#1405,.F.);
#1991=ORIENTED_EDGE('',*,*,#1406,.T.);
#1992=ORIENTED_EDGE('',*,*,#1407,.T.);
#1993=ORIENTED_EDGE('',*,*,#1248,.T.);
#1994=ORIENTED_EDGE('',*,*,#1408,.F.);
#1995=ORIENTED_EDGE('',*,*,#1409,.T.);
#1996=ORIENTED_EDGE('',*,*,#1405,.T.);
#1997=ORIENTED_EDGE('',*,*,#1247,.T.);
#1998=ORIENTED_EDGE('',*,*,#1410,.F.);
#1999=ORIENTED_EDGE('',*,*,#1411,.T.);
#2000=ORIENTED_EDGE('',*,*,#1408,.T.);
#2001=ORIENTED_EDGE('',*,*,#1246,.T.);
#2002=ORIENTED_EDGE('',*,*,#1289,.T.);
#2003=ORIENTED_EDGE('',*,*,#1270,.T.);
#2004=ORIENTED_EDGE('',*,*,#1288,.T.);
#2005=ORIENTED_EDGE('',*,*,#1268,.T.);
#2006=ORIENTED_EDGE('',*,*,#1412,.F.);
#2007=ORIENTED_EDGE('',*,*,#1413,.T.);
#2008=ORIENTED_EDGE('',*,*,#1410,.T.);
#2009=ORIENTED_EDGE('',*,*,#1272,.T.);
#2010=ORIENTED_EDGE('',*,*,#1414,.T.);
#2011=ORIENTED_EDGE('',*,*,#1415,.T.);
#2012=ORIENTED_EDGE('',*,*,#1414,.F.);
#2013=ORIENTED_EDGE('',*,*,#1382,.T.);
#2014=ORIENTED_EDGE('',*,*,#1416,.T.);
#2015=ORIENTED_EDGE('',*,*,#1417,.T.);
#2016=ORIENTED_EDGE('',*,*,#1416,.F.);
#2017=ORIENTED_EDGE('',*,*,#1390,.T.);
#2018=ORIENTED_EDGE('',*,*,#1418,.T.);
#2019=ORIENTED_EDGE('',*,*,#1419,.T.);
#2020=ORIENTED_EDGE('',*,*,#1418,.F.);
#2021=ORIENTED_EDGE('',*,*,#1275,.T.);
#2022=ORIENTED_EDGE('',*,*,#1420,.T.);
#2023=ORIENTED_EDGE('',*,*,#1421,.T.);
#2024=ORIENTED_EDGE('',*,*,#1420,.F.);
#2025=ORIENTED_EDGE('',*,*,#1354,.T.);
#2026=ORIENTED_EDGE('',*,*,#1422,.T.);
#2027=ORIENTED_EDGE('',*,*,#1423,.T.);
#2028=ORIENTED_EDGE('',*,*,#1422,.F.);
#2029=ORIENTED_EDGE('',*,*,#1362,.T.);
#2030=ORIENTED_EDGE('',*,*,#1424,.T.);
#2031=ORIENTED_EDGE('',*,*,#1425,.T.);
#2032=ORIENTED_EDGE('',*,*,#1424,.F.);
#2033=ORIENTED_EDGE('',*,*,#1391,.T.);
#2034=ORIENTED_EDGE('',*,*,#1426,.T.);
#2035=ORIENTED_EDGE('',*,*,#1427,.T.);
#2036=ORIENTED_EDGE('',*,*,#1426,.F.);
#2037=ORIENTED_EDGE('',*,*,#1373,.T.);
#2038=ORIENTED_EDGE('',*,*,#1428,.T.);
#2039=ORIENTED_EDGE('',*,*,#1429,.T.);
#2040=ORIENTED_EDGE('',*,*,#1428,.F.);
#2041=ORIENTED_EDGE('',*,*,#1315,.T.);
#2042=ORIENTED_EDGE('',*,*,#1131,.T.);
#2043=ORIENTED_EDGE('',*,*,#1430,.T.);
#2044=ORIENTED_EDGE('',*,*,#1431,.T.);
#2045=ORIENTED_EDGE('',*,*,#1430,.F.);
#2046=ORIENTED_EDGE('',*,*,#1132,.F.);
#2047=ORIENTED_EDGE('',*,*,#1314,.T.);
#2048=ORIENTED_EDGE('',*,*,#1361,.T.);
#2049=ORIENTED_EDGE('',*,*,#1355,.F.);
#2050=ORIENTED_EDGE('',*,*,#1313,.T.);
#2051=ORIENTED_EDGE('',*,*,#1349,.T.);
#2052=ORIENTED_EDGE('',*,*,#1350,.F.);
#2053=ORIENTED_EDGE('',*,*,#1312,.T.);
#2054=ORIENTED_EDGE('',*,*,#1375,.T.);
#2055=ORIENTED_EDGE('',*,*,#1376,.F.);
#2056=ORIENTED_EDGE('',*,*,#1311,.T.);
#2057=ORIENTED_EDGE('',*,*,#1384,.T.);
#2058=ORIENTED_EDGE('',*,*,#1385,.F.);
#2059=ORIENTED_EDGE('',*,*,#1310,.T.);
#2060=ORIENTED_EDGE('',*,*,#1368,.T.);
#2061=ORIENTED_EDGE('',*,*,#1369,.F.);
#2062=ORIENTED_EDGE('',*,*,#1309,.T.);
#2063=ORIENTED_EDGE('',*,*,#1393,.T.);
#2064=ORIENTED_EDGE('',*,*,#1394,.F.);
#2065=ORIENTED_EDGE('',*,*,#1320,.T.);
#2066=ORIENTED_EDGE('',*,*,#1122,.T.);
#2067=ORIENTED_EDGE('',*,*,#1363,.F.);
#2068=ORIENTED_EDGE('',*,*,#1319,.T.);
#2069=ORIENTED_EDGE('',*,*,#1138,.T.);
#2070=ORIENTED_EDGE('',*,*,#1139,.F.);
#2071=ORIENTED_EDGE('',*,*,#1318,.T.);
#2072=ORIENTED_EDGE('',*,*,#1145,.T.);
#2073=ORIENTED_EDGE('',*,*,#1146,.F.);
#2074=ORIENTED_EDGE('',*,*,#1317,.T.);
#2075=ORIENTED_EDGE('',*,*,#1152,.T.);
#2076=ORIENTED_EDGE('',*,*,#1153,.F.);
#2077=ORIENTED_EDGE('',*,*,#1316,.T.);
#2078=ORIENTED_EDGE('',*,*,#1159,.T.);
#2079=ORIENTED_EDGE('',*,*,#1160,.F.);
#2080=ORIENTED_EDGE('',*,*,#1389,.T.);
#2081=ORIENTED_EDGE('',*,*,#1432,.T.);
#2082=ORIENTED_EDGE('',*,*,#1433,.T.);
#2083=ORIENTED_EDGE('',*,*,#1432,.F.);
#2084=ORIENTED_EDGE('',*,*,#1366,.T.);
#2085=ORIENTED_EDGE('',*,*,#1434,.T.);
#2086=ORIENTED_EDGE('',*,*,#1435,.T.);
#2087=ORIENTED_EDGE('',*,*,#1434,.F.);
#2088=ORIENTED_EDGE('',*,*,#1274,.T.);
#2089=ORIENTED_EDGE('',*,*,#1436,.T.);
#2090=ORIENTED_EDGE('',*,*,#1437,.T.);
#2091=ORIENTED_EDGE('',*,*,#1436,.F.);
#2092=ORIENTED_EDGE('',*,*,#1381,.T.);
#2093=ORIENTED_EDGE('',*,*,#1438,.T.);
#2094=ORIENTED_EDGE('',*,*,#1439,.T.);
#2095=ORIENTED_EDGE('',*,*,#1438,.F.);
#2096=ORIENTED_EDGE('',*,*,#1397,.T.);
#2097=ORIENTED_EDGE('',*,*,#1440,.T.);
#2098=ORIENTED_EDGE('',*,*,#1441,.T.);
#2099=ORIENTED_EDGE('',*,*,#1440,.F.);
#2100=ORIENTED_EDGE('',*,*,#1380,.T.);
#2101=ORIENTED_EDGE('',*,*,#1442,.T.);
#2102=ORIENTED_EDGE('',*,*,#1443,.T.);
#2103=ORIENTED_EDGE('',*,*,#1442,.F.);
#2104=ORIENTED_EDGE('',*,*,#1273,.T.);
#2105=ORIENTED_EDGE('',*,*,#1444,.T.);
#2106=ORIENTED_EDGE('',*,*,#1445,.T.);
#2107=ORIENTED_EDGE('',*,*,#1444,.F.);
#2108=ORIENTED_EDGE('',*,*,#1347,.T.);
#2109=ORIENTED_EDGE('',*,*,#1446,.T.);
#2110=ORIENTED_EDGE('',*,*,#1447,.T.);
#2111=ORIENTED_EDGE('',*,*,#1446,.F.);
#2112=ORIENTED_EDGE('',*,*,#1267,.T.);
#2113=ORIENTED_EDGE('',*,*,#1448,.F.);
#2114=ORIENTED_EDGE('',*,*,#1449,.T.);
#2115=ORIENTED_EDGE('',*,*,#1412,.T.);
#2116=ORIENTED_EDGE('',*,*,#1266,.T.);
#2117=ORIENTED_EDGE('',*,*,#1450,.F.);
#2118=ORIENTED_EDGE('',*,*,#1451,.T.);
#2119=ORIENTED_EDGE('',*,*,#1448,.T.);
#2120=ORIENTED_EDGE('',*,*,#1265,.T.);
#2121=ORIENTED_EDGE('',*,*,#1452,.F.);
#2122=ORIENTED_EDGE('',*,*,#1453,.T.);
#2123=ORIENTED_EDGE('',*,*,#1450,.T.);
#2124=ORIENTED_EDGE('',*,*,#1264,.T.);
#2125=ORIENTED_EDGE('',*,*,#1286,.T.);
#2126=ORIENTED_EDGE('',*,*,#1282,.T.);
#2127=ORIENTED_EDGE('',*,*,#1281,.T.);
#2128=ORIENTED_EDGE('',*,*,#1250,.T.);
#2129=ORIENTED_EDGE('',*,*,#1407,.F.);
#2130=ORIENTED_EDGE('',*,*,#1454,.T.);
#2131=ORIENTED_EDGE('',*,*,#1452,.T.);
#2132=ORIENTED_EDGE('',*,*,#1411,.F.);
#2133=ORIENTED_EDGE('',*,*,#1413,.F.);
#2134=ORIENTED_EDGE('',*,*,#1449,.F.);
#2135=ORIENTED_EDGE('',*,*,#1451,.F.);
#2136=ORIENTED_EDGE('',*,*,#1453,.F.);
#2137=ORIENTED_EDGE('',*,*,#1454,.F.);
#2138=ORIENTED_EDGE('',*,*,#1406,.F.);
#2139=ORIENTED_EDGE('',*,*,#1409,.F.);
#2140=ORIENTED_EDGE('',*,*,#1219,.T.);
#2141=ORIENTED_EDGE('',*,*,#1221,.T.);
#2142=ORIENTED_EDGE('',*,*,#1223,.T.);
#2143=ORIENTED_EDGE('',*,*,#1225,.T.);
#2144=ORIENTED_EDGE('',*,*,#1447,.F.);
#2145=ORIENTED_EDGE('',*,*,#1445,.F.);
#2146=ORIENTED_EDGE('',*,*,#1443,.F.);
#2147=ORIENTED_EDGE('',*,*,#1441,.F.);
#2148=ORIENTED_EDGE('',*,*,#1439,.F.);
#2149=ORIENTED_EDGE('',*,*,#1437,.F.);
#2150=ORIENTED_EDGE('',*,*,#1435,.F.);
#2151=ORIENTED_EDGE('',*,*,#1433,.F.);
#2152=ORIENTED_EDGE('',*,*,#1431,.F.);
#2153=ORIENTED_EDGE('',*,*,#1429,.F.);
#2154=ORIENTED_EDGE('',*,*,#1427,.F.);
#2155=ORIENTED_EDGE('',*,*,#1425,.F.);
#2156=ORIENTED_EDGE('',*,*,#1423,.F.);
#2157=ORIENTED_EDGE('',*,*,#1421,.F.);
#2158=ORIENTED_EDGE('',*,*,#1419,.F.);
#2159=ORIENTED_EDGE('',*,*,#1417,.F.);
#2160=ORIENTED_EDGE('',*,*,#1415,.F.);
#2161=CYLINDRICAL_SURFACE('',#2364,3.);
#2162=CYLINDRICAL_SURFACE('',#2367,3.);
#2163=CYLINDRICAL_SURFACE('',#2370,3.);
#2164=CYLINDRICAL_SURFACE('',#2373,3.);
#2165=CYLINDRICAL_SURFACE('',#2376,3.);
#2166=CYLINDRICAL_SURFACE('',#2379,3.);
#2167=CYLINDRICAL_SURFACE('',#2382,3.);
#2168=CYLINDRICAL_SURFACE('',#2386,3.);
#2169=CYLINDRICAL_SURFACE('',#2390,3.);
#2170=CYLINDRICAL_SURFACE('',#2394,3.);
#2171=CYLINDRICAL_SURFACE('',#2398,3.);
#2172=CYLINDRICAL_SURFACE('',#2430,0.899999999999999);
#2173=CYLINDRICAL_SURFACE('',#2432,0.899999999999999);
#2174=CYLINDRICAL_SURFACE('',#2434,0.899999999999999);
#2175=CYLINDRICAL_SURFACE('',#2436,0.899999999999999);
#2176=CYLINDRICAL_SURFACE('',#2438,2.);
#2177=CYLINDRICAL_SURFACE('',#2441,2.);
#2178=CYLINDRICAL_SURFACE('',#2444,2.);
#2179=CYLINDRICAL_SURFACE('',#2468,2.);
#2180=CYLINDRICAL_SURFACE('',#2469,35.0000005215406);
#2181=CYLINDRICAL_SURFACE('',#2471,7.5);
#2182=CYLINDRICAL_SURFACE('',#2475,7.5);
#2183=CYLINDRICAL_SURFACE('',#2477,7.5);
#2184=CYLINDRICAL_SURFACE('',#2479,7.5);
#2185=CYLINDRICAL_SURFACE('',#2480,3.5);
#2186=CYLINDRICAL_SURFACE('',#2483,3.5);
#2187=CYLINDRICAL_SURFACE('',#2485,3.5);
#2188=CYLINDRICAL_SURFACE('',#2487,3.5);
#2189=CYLINDRICAL_SURFACE('',#2489,3.5);
#2190=CYLINDRICAL_SURFACE('',#2492,3.5);
#2191=CYLINDRICAL_SURFACE('',#2494,3.5);
#2192=CYLINDRICAL_SURFACE('',#2496,3.5);
#2193=CYLINDRICAL_SURFACE('',#2502,35.0000005215406);
#2194=CYLINDRICAL_SURFACE('',#2503,35.0000005215406);
#2195=CYLINDRICAL_SURFACE('',#2518,27.);
#2196=CYLINDRICAL_SURFACE('',#2520,3.);
#2197=CYLINDRICAL_SURFACE('',#2523,35.0000005215406);
#2198=CYLINDRICAL_SURFACE('',#2525,3.);
#2199=CYLINDRICAL_SURFACE('',#2528,35.0000005215406);
#2200=CYLINDRICAL_SURFACE('',#2530,3.);
#2201=CYLINDRICAL_SURFACE('',#2533,35.0000005215406);
#2202=CYLINDRICAL_SURFACE('',#2535,3.);
#2203=CYLINDRICAL_SURFACE('',#2538,35.0000005215406);
#2204=CYLINDRICAL_SURFACE('',#2540,35.0000005215406);
#2205=CYLINDRICAL_SURFACE('',#2542,35.0000005215406);
#2206=CYLINDRICAL_SURFACE('',#2544,3.);
#2207=CYLINDRICAL_SURFACE('',#2549,3.);
#2208=CYLINDRICAL_SURFACE('',#2555,3.);
#2209=CYLINDRICAL_SURFACE('',#2561,3.);
#2210=CYLINDRICAL_SURFACE('',#2566,3.);
#2211=CYLINDRICAL_SURFACE('',#2572,3.);
#2212=CYLINDRICAL_SURFACE('',#2582,3.);
#2213=CYLINDRICAL_SURFACE('',#2592,3.);
#2214=CYLINDRICAL_SURFACE('',#2598,35.0000005215406);
#2215=CYLINDRICAL_SURFACE('',#2600,35.0000005215406);
#2216=CYLINDRICAL_SURFACE('',#2602,35.0000005215406);
#2217=CYLINDRICAL_SURFACE('',#2604,35.0000005215406);
#2218=CYLINDRICAL_SURFACE('',#2606,35.0000005215406);
#2219=CYLINDRICAL_SURFACE('',#2608,35.0000005215406);
#2220=CYLINDRICAL_SURFACE('',#2612,35.0000005215406);
#2221=CYLINDRICAL_SURFACE('',#2613,15.);
#2222=CYLINDRICAL_SURFACE('',#2616,15.);
#2223=CYLINDRICAL_SURFACE('',#2619,1.6);
#2224=CYLINDRICAL_SURFACE('',#2621,1.7);
#2225=CYLINDRICAL_SURFACE('',#2623,1.7);
#2226=CYLINDRICAL_SURFACE('',#2625,1.6);
#2227=CYLINDRICAL_SURFACE('',#2627,1.7);
#2228=CYLINDRICAL_SURFACE('',#2629,1.7);
#2229=CYLINDRICAL_SURFACE('',#2631,1.7);
#2230=CYLINDRICAL_SURFACE('',#2633,1.7);
#2231=CYLINDRICAL_SURFACE('',#2635,29.0000004321337);
#2232=CYLINDRICAL_SURFACE('',#2637,1.7);
#2233=CYLINDRICAL_SURFACE('',#2639,1.7);
#2234=CYLINDRICAL_SURFACE('',#2641,1.6);
#2235=CYLINDRICAL_SURFACE('',#2643,1.7);
#2236=CYLINDRICAL_SURFACE('',#2645,1.7);
#2237=CYLINDRICAL_SURFACE('',#2647,1.7);
#2238=CYLINDRICAL_SURFACE('',#2649,1.6);
#2239=CYLINDRICAL_SURFACE('',#2651,1.7);
#2240=CYLINDRICAL_SURFACE('',#2653,15.);
#2241=CYLINDRICAL_SURFACE('',#2656,15.);
#2242=ADVANCED_FACE('',(#105),#2161,.F.);
#2243=ADVANCED_FACE('',(#106),#2162,.F.);
#2244=ADVANCED_FACE('',(#107),#2163,.F.);
#2245=ADVANCED_FACE('',(#108),#2164,.F.);
#2246=ADVANCED_FACE('',(#109),#2165,.F.);
#2247=ADVANCED_FACE('',(#110),#2166,.F.);
#2248=ADVANCED_FACE('',(#111),#2167,.F.);
#2249=ADVANCED_FACE('',(#112),#2168,.F.);
#2250=ADVANCED_FACE('',(#113),#2169,.F.);
#2251=ADVANCED_FACE('',(#114),#2170,.F.);
#2252=ADVANCED_FACE('',(#115),#2171,.F.);
#2253=ADVANCED_FACE('',(#116,#23),#66,.T.);
#2254=ADVANCED_FACE('',(#117,#24),#67,.T.);
#2255=ADVANCED_FACE('',(#118,#25),#68,.T.);
#2256=ADVANCED_FACE('',(#119,#26),#69,.T.);
#2257=ADVANCED_FACE('',(#120),#70,.T.);
#2258=ADVANCED_FACE('',(#121),#71,.T.);
#2259=ADVANCED_FACE('',(#122),#72,.T.);
#2260=ADVANCED_FACE('',(#123),#73,.T.);
#2261=ADVANCED_FACE('',(#124),#74,.T.);
#2262=ADVANCED_FACE('',(#125),#75,.T.);
#2263=ADVANCED_FACE('',(#126),#76,.T.);
#2264=ADVANCED_FACE('',(#127),#77,.T.);
#2265=ADVANCED_FACE('',(#128),#2172,.F.);
#2266=ADVANCED_FACE('',(#129),#2173,.F.);
#2267=ADVANCED_FACE('',(#130),#2174,.F.);
#2268=ADVANCED_FACE('',(#131),#2175,.F.);
#2269=ADVANCED_FACE('',(#132),#2176,.F.);
#2270=ADVANCED_FACE('',(#133),#78,.T.);
#2271=ADVANCED_FACE('',(#134),#2177,.F.);
#2272=ADVANCED_FACE('',(#135),#79,.T.);
#2273=ADVANCED_FACE('',(#136),#2178,.F.);
#2274=ADVANCED_FACE('',(#137,#27,#28,#29,#30),#80,.T.);
#2275=ADVANCED_FACE('',(#138),#2179,.F.);
#2276=ADVANCED_FACE('',(#139),#2180,.T.);
#2277=ADVANCED_FACE('',(#140),#2181,.F.);
#2278=ADVANCED_FACE('',(#141),#81,.T.);
#2279=ADVANCED_FACE('',(#142),#2182,.F.);
#2280=ADVANCED_FACE('',(#143),#2183,.F.);
#2281=ADVANCED_FACE('',(#144),#2184,.F.);
#2282=ADVANCED_FACE('',(#145),#2185,.T.);
#2283=ADVANCED_FACE('',(#146),#82,.T.);
#2284=ADVANCED_FACE('',(#147),#2186,.T.);
#2285=ADVANCED_FACE('',(#148),#2187,.T.);
#2286=ADVANCED_FACE('',(#149),#2188,.T.);
#2287=ADVANCED_FACE('',(#150),#2189,.T.);
#2288=ADVANCED_FACE('',(#151),#83,.T.);
#2289=ADVANCED_FACE('',(#152),#2190,.T.);
#2290=ADVANCED_FACE('',(#153),#2191,.T.);
#2291=ADVANCED_FACE('',(#154),#2192,.T.);
#2292=ADVANCED_FACE('',(#155),#84,.T.);
#2293=ADVANCED_FACE('',(#156),#85,.T.);
#2294=ADVANCED_FACE('',(#157),#2193,.F.);
#2295=ADVANCED_FACE('',(#158),#2194,.F.);
#2296=ADVANCED_FACE('',(#159,#31),#86,.F.);
#2297=ADVANCED_FACE('',(#160),#2195,.F.);
#2298=ADVANCED_FACE('',(#161),#2196,.F.);
#2299=ADVANCED_FACE('',(#162),#2197,.T.);
#2300=ADVANCED_FACE('',(#163),#2198,.F.);
#2301=ADVANCED_FACE('',(#164),#2199,.T.);
#2302=ADVANCED_FACE('',(#165),#2200,.F.);
#2303=ADVANCED_FACE('',(#166),#2201,.T.);
#2304=ADVANCED_FACE('',(#167),#2202,.F.);
#2305=ADVANCED_FACE('',(#168),#2203,.T.);
#2306=ADVANCED_FACE('',(#169),#2204,.T.);
#2307=ADVANCED_FACE('',(#170),#2205,.T.);
#2308=ADVANCED_FACE('',(#171),#2206,.F.);
#2309=ADVANCED_FACE('',(#172,#32),#87,.T.);
#2310=ADVANCED_FACE('',(#173),#2207,.F.);
#2311=ADVANCED_FACE('',(#174,#33),#88,.T.);
#2312=ADVANCED_FACE('',(#175),#2208,.F.);
#2313=ADVANCED_FACE('',(#176,#34),#89,.T.);
#2314=ADVANCED_FACE('',(#177),#2209,.F.);
#2315=ADVANCED_FACE('',(#178,#35),#90,.T.);
#2316=ADVANCED_FACE('',(#179),#2210,.F.);
#2317=ADVANCED_FACE('',(#180,#36),#91,.T.);
#2318=ADVANCED_FACE('',(#181),#2211,.F.);
#2319=ADVANCED_FACE('',(#182,#37),#92,.T.);
#2320=ADVANCED_FACE('',(#183,#38),#93,.T.);
#2321=ADVANCED_FACE('',(#184,#39),#94,.T.);
#2322=ADVANCED_FACE('',(#185),#2212,.F.);
#2323=ADVANCED_FACE('',(#186,#40),#95,.T.);
#2324=ADVANCED_FACE('',(#187,#41),#96,.T.);
#2325=ADVANCED_FACE('',(#188,#42),#97,.T.);
#2326=ADVANCED_FACE('',(#189),#2213,.F.);
#2327=ADVANCED_FACE('',(#190,#43),#98,.T.);
#2328=ADVANCED_FACE('',(#191),#2214,.T.);
#2329=ADVANCED_FACE('',(#192),#2215,.T.);
#2330=ADVANCED_FACE('',(#193),#2216,.T.);
#2331=ADVANCED_FACE('',(#194),#2217,.T.);
#2332=ADVANCED_FACE('',(#195),#2218,.T.);
#2333=ADVANCED_FACE('',(#196),#2219,.T.);
#2334=ADVANCED_FACE('',(#197,#44),#99,.T.);
#2335=ADVANCED_FACE('',(#198),#2220,.T.);
#2336=ADVANCED_FACE('',(#199),#2221,.T.);
#2337=ADVANCED_FACE('',(#200),#100,.T.);
#2338=ADVANCED_FACE('',(#201),#2222,.T.);
#2339=ADVANCED_FACE('',(#202),#101,.T.);
#2340=ADVANCED_FACE('',(#203),#2223,.F.);
#2341=ADVANCED_FACE('',(#204),#2224,.F.);
#2342=ADVANCED_FACE('',(#205),#2225,.F.);
#2343=ADVANCED_FACE('',(#206),#2226,.F.);
#2344=ADVANCED_FACE('',(#207),#2227,.F.);
#2345=ADVANCED_FACE('',(#208),#2228,.F.);
#2346=ADVANCED_FACE('',(#209),#2229,.F.);
#2347=ADVANCED_FACE('',(#210),#2230,.F.);
#2348=ADVANCED_FACE('',(#211),#2231,.F.);
#2349=ADVANCED_FACE('',(#212),#2232,.F.);
#2350=ADVANCED_FACE('',(#213),#2233,.F.);
#2351=ADVANCED_FACE('',(#214),#2234,.F.);
#2352=ADVANCED_FACE('',(#215),#2235,.F.);
#2353=ADVANCED_FACE('',(#216),#2236,.F.);
#2354=ADVANCED_FACE('',(#217),#2237,.F.);
#2355=ADVANCED_FACE('',(#218),#2238,.F.);
#2356=ADVANCED_FACE('',(#219),#2239,.F.);
#2357=ADVANCED_FACE('',(#220),#2240,.T.);
#2358=ADVANCED_FACE('',(#221),#102,.T.);
#2359=ADVANCED_FACE('',(#222),#2241,.T.);
#2360=ADVANCED_FACE('',(#223),#103,.T.);
#2361=ADVANCED_FACE('',(#224,#45,#46,#47,#48,#49,#50,#51,#52,#53,#54,#55,
#56,#57,#58,#59,#60,#61,#62,#63,#64,#65),#104,.F.);
#2362=CLOSED_SHELL('',(#2242,#2243,#2244,#2245,#2246,#2247,#2248,#2249,
#2250,#2251,#2252,#2253,#2254,#2255,#2256,#2257,#2258,#2259,#2260,#2261,
#2262,#2263,#2264,#2265,#2266,#2267,#2268,#2269,#2270,#2271,#2272,#2273,
#2274,#2275,#2276,#2277,#2278,#2279,#2280,#2281,#2282,#2283,#2284,#2285,
#2286,#2287,#2288,#2289,#2290,#2291,#2292,#2293,#2294,#2295,#2296,#2297,
#2298,#2299,#2300,#2301,#2302,#2303,#2304,#2305,#2306,#2307,#2308,#2309,
#2310,#2311,#2312,#2313,#2314,#2315,#2316,#2317,#2318,#2319,#2320,#2321,
#2322,#2323,#2324,#2325,#2326,#2327,#2328,#2329,#2330,#2331,#2332,#2333,
#2334,#2335,#2336,#2337,#2338,#2339,#2340,#2341,#2342,#2343,#2344,#2345,
#2346,#2347,#2348,#2349,#2350,#2351,#2352,#2353,#2354,#2355,#2356,#2357,
#2358,#2359,#2360,#2361));
#2363=AXIS2_PLACEMENT_3D('',#3423,#2660,#2661);
#2364=AXIS2_PLACEMENT_3D('',#3424,#2662,#2663);
#2365=AXIS2_PLACEMENT_3D('',#3429,#2665,#2666);
#2366=AXIS2_PLACEMENT_3D('',#3432,#2668,#2669);
#2367=AXIS2_PLACEMENT_3D('',#3433,#2670,#2671);
#2368=AXIS2_PLACEMENT_3D('',#3438,#2673,#2674);
#2369=AXIS2_PLACEMENT_3D('',#3441,#2676,#2677);
#2370=AXIS2_PLACEMENT_3D('',#3442,#2678,#2679);
#2371=AXIS2_PLACEMENT_3D('',#3447,#2681,#2682);
#2372=AXIS2_PLACEMENT_3D('',#3450,#2684,#2685);
#2373=AXIS2_PLACEMENT_3D('',#3451,#2686,#2687);
#2374=AXIS2_PLACEMENT_3D('',#3456,#2689,#2690);
#2375=AXIS2_PLACEMENT_3D('',#3459,#2692,#2693);
#2376=AXIS2_PLACEMENT_3D('',#3460,#2694,#2695);
#2377=AXIS2_PLACEMENT_3D('',#3465,#2697,#2698);
#2378=AXIS2_PLACEMENT_3D('',#3469,#2700,#2701);
#2379=AXIS2_PLACEMENT_3D('',#3471,#2703,#2704);
#2380=AXIS2_PLACEMENT_3D('',#3476,#2706,#2707);
#2381=AXIS2_PLACEMENT_3D('',#3479,#2709,#2710);
#2382=AXIS2_PLACEMENT_3D('',#3480,#2711,#2712);
#2383=AXIS2_PLACEMENT_3D('',#3485,#2714,#2715);
#2384=AXIS2_PLACEMENT_3D('',#3489,#2717,#2718);
#2385=AXIS2_PLACEMENT_3D('',#3493,#2721,#2722);
#2386=AXIS2_PLACEMENT_3D('',#3494,#2723,#2724);
#2387=AXIS2_PLACEMENT_3D('',#3499,#2726,#2727);
#2388=AXIS2_PLACEMENT_3D('',#3503,#2729,#2730);
#2389=AXIS2_PLACEMENT_3D('',#3507,#2733,#2734);
#2390=AXIS2_PLACEMENT_3D('',#3508,#2735,#2736);
#2391=AXIS2_PLACEMENT_3D('',#3513,#2738,#2739);
#2392=AXIS2_PLACEMENT_3D('',#3517,#2741,#2742);
#2393=AXIS2_PLACEMENT_3D('',#3521,#2745,#2746);
#2394=AXIS2_PLACEMENT_3D('',#3522,#2747,#2748);
#2395=AXIS2_PLACEMENT_3D('',#3527,#2750,#2751);
#2396=AXIS2_PLACEMENT_3D('',#3531,#2753,#2754);
#2397=AXIS2_PLACEMENT_3D('',#3535,#2757,#2758);
#2398=AXIS2_PLACEMENT_3D('',#3536,#2759,#2760);
#2399=AXIS2_PLACEMENT_3D('',#3541,#2762,#2763);
#2400=AXIS2_PLACEMENT_3D('',#3545,#2765,#2766);
#2401=AXIS2_PLACEMENT_3D('',#3549,#2769,#2770);
#2402=AXIS2_PLACEMENT_3D('',#3550,#2771,#2772);
#2403=AXIS2_PLACEMENT_3D('',#3553,#2773,#2774);
#2404=AXIS2_PLACEMENT_3D('',#3555,#2775,#2776);
#2405=AXIS2_PLACEMENT_3D('',#3562,#2780,#2781);
#2406=AXIS2_PLACEMENT_3D('',#3563,#2782,#2783);
#2407=AXIS2_PLACEMENT_3D('',#3566,#2784,#2785);
#2408=AXIS2_PLACEMENT_3D('',#3573,#2789,#2790);
#2409=AXIS2_PLACEMENT_3D('',#3575,#2791,#2792);
#2410=AXIS2_PLACEMENT_3D('',#3576,#2793,#2794);
#2411=AXIS2_PLACEMENT_3D('',#3579,#2795,#2796);
#2412=AXIS2_PLACEMENT_3D('',#3581,#2797,#2798);
#2413=AXIS2_PLACEMENT_3D('',#3588,#2802,#2803);
#2414=AXIS2_PLACEMENT_3D('',#3589,#2804,#2805);
#2415=AXIS2_PLACEMENT_3D('',#3592,#2806,#2807);
#2416=AXIS2_PLACEMENT_3D('',#3599,#2811,#2812);
#2417=AXIS2_PLACEMENT_3D('',#3601,#2813,#2814);
#2418=AXIS2_PLACEMENT_3D('',#3602,#2815,#2816);
#2419=AXIS2_PLACEMENT_3D('',#3608,#2820,#2821);
#2420=AXIS2_PLACEMENT_3D('',#3617,#2826,#2827);
#2421=AXIS2_PLACEMENT_3D('',#3618,#2828,#2829);
#2422=AXIS2_PLACEMENT_3D('',#3622,#2831,#2832);
#2423=AXIS2_PLACEMENT_3D('',#3630,#2837,#2838);
#2424=AXIS2_PLACEMENT_3D('',#3634,#2841,#2842);
#2425=AXIS2_PLACEMENT_3D('',#3640,#2846,#2847);
#2426=AXIS2_PLACEMENT_3D('',#3649,#2852,#2853);
#2427=AXIS2_PLACEMENT_3D('',#3650,#2854,#2855);
#2428=AXIS2_PLACEMENT_3D('',#3654,#2857,#2858);
#2429=AXIS2_PLACEMENT_3D('',#3662,#2863,#2864);
#2430=AXIS2_PLACEMENT_3D('',#3666,#2867,#2868);
#2431=AXIS2_PLACEMENT_3D('',#3669,#2870,#2871);
#2432=AXIS2_PLACEMENT_3D('',#3670,#2872,#2873);
#2433=AXIS2_PLACEMENT_3D('',#3673,#2875,#2876);
#2434=AXIS2_PLACEMENT_3D('',#3674,#2877,#2878);
#2435=AXIS2_PLACEMENT_3D('',#3677,#2880,#2881);
#2436=AXIS2_PLACEMENT_3D('',#3678,#2882,#2883);
#2437=AXIS2_PLACEMENT_3D('',#3681,#2885,#2886);
#2438=AXIS2_PLACEMENT_3D('',#3682,#2887,#2888);
#2439=AXIS2_PLACEMENT_3D('',#3713,#2891,#2892);
#2440=AXIS2_PLACEMENT_3D('',#3714,#2893,#2894);
#2441=AXIS2_PLACEMENT_3D('',#3720,#2898,#2899);
#2442=AXIS2_PLACEMENT_3D('',#3749,#2902,#2903);
#2443=AXIS2_PLACEMENT_3D('',#3755,#2907,#2908);
#2444=AXIS2_PLACEMENT_3D('',#3756,#2909,#2910);
#2445=AXIS2_PLACEMENT_3D('',#3787,#2913,#2914);
#2446=AXIS2_PLACEMENT_3D('',#3791,#2916,#2917);
#2447=AXIS2_PLACEMENT_3D('',#3795,#2919,#2920);
#2448=AXIS2_PLACEMENT_3D('',#3797,#2922,#2923);
#2449=AXIS2_PLACEMENT_3D('',#3798,#2924,#2925);
#2450=AXIS2_PLACEMENT_3D('',#3799,#2926,#2927);
#2451=AXIS2_PLACEMENT_3D('',#3800,#2928,#2929);
#2452=AXIS2_PLACEMENT_3D('',#3801,#2930,#2931);
#2453=AXIS2_PLACEMENT_3D('',#3803,#2932,#2933);
#2454=AXIS2_PLACEMENT_3D('',#3804,#2934,#2935);
#2455=AXIS2_PLACEMENT_3D('',#3805,#2936,#2937);
#2456=AXIS2_PLACEMENT_3D('',#3806,#2938,#2939);
#2457=AXIS2_PLACEMENT_3D('',#3807,#2940,#2941);
#2458=AXIS2_PLACEMENT_3D('',#3808,#2942,#2943);
#2459=AXIS2_PLACEMENT_3D('',#3810,#2944,#2945);
#2460=AXIS2_PLACEMENT_3D('',#3816,#2948,#2949);
#2461=AXIS2_PLACEMENT_3D('',#3820,#2951,#2952);
#2462=AXIS2_PLACEMENT_3D('',#3822,#2954,#2955);
#2463=AXIS2_PLACEMENT_3D('',#3824,#2957,#2958);
#2464=AXIS2_PLACEMENT_3D('',#3826,#2959,#2960);
#2465=AXIS2_PLACEMENT_3D('',#3828,#2961,#2962);
#2466=AXIS2_PLACEMENT_3D('',#3830,#2963,#2964);
#2467=AXIS2_PLACEMENT_3D('',#3832,#2965,#2966);
#2468=AXIS2_PLACEMENT_3D('',#3833,#2967,#2968);
#2469=AXIS2_PLACEMENT_3D('',#3859,#2970,#2971);
#2470=AXIS2_PLACEMENT_3D('',#3861,#2972,#2973);
#2471=AXIS2_PLACEMENT_3D('',#3863,#2975,#2976);
#2472=AXIS2_PLACEMENT_3D('',#3865,#2978,#2979);
#2473=AXIS2_PLACEMENT_3D('',#3867,#2981,#2982);
#2474=AXIS2_PLACEMENT_3D('',#3868,#2983,#2984);
#2475=AXIS2_PLACEMENT_3D('',#3869,#2985,#2986);
#2476=AXIS2_PLACEMENT_3D('',#3870,#2987,#2988);
#2477=AXIS2_PLACEMENT_3D('',#3872,#2990,#2991);
#2478=AXIS2_PLACEMENT_3D('',#3873,#2992,#2993);
#2479=AXIS2_PLACEMENT_3D('',#3875,#2995,#2996);
#2480=AXIS2_PLACEMENT_3D('',#3877,#2998,#2999);
#2481=AXIS2_PLACEMENT_3D('',#3881,#3001,#3002);
#2482=AXIS2_PLACEMENT_3D('',#3883,#3004,#3005);
#2483=AXIS2_PLACEMENT_3D('',#3885,#3007,#3008);
#2484=AXIS2_PLACEMENT_3D('',#3888,#3010,#3011);
#2485=AXIS2_PLACEMENT_3D('',#3889,#3012,#3013);
#2486=AXIS2_PLACEMENT_3D('',#3890,#3014,#3015);
#2487=AXIS2_PLACEMENT_3D('',#3891,#3016,#3017);
#2488=AXIS2_PLACEMENT_3D('',#3892,#3018,#3019);
#2489=AXIS2_PLACEMENT_3D('',#3893,#3020,#3021);
#2490=AXIS2_PLACEMENT_3D('',#3897,#3023,#3024);
#2491=AXIS2_PLACEMENT_3D('',#3899,#3026,#3027);
#2492=AXIS2_PLACEMENT_3D('',#3903,#3030,#3031);
#2493=AXIS2_PLACEMENT_3D('',#3904,#3032,#3033);
#2494=AXIS2_PLACEMENT_3D('',#3905,#3034,#3035);
#2495=AXIS2_PLACEMENT_3D('',#3907,#3036,#3037);
#2496=AXIS2_PLACEMENT_3D('',#3909,#3039,#3040);
#2497=AXIS2_PLACEMENT_3D('',#3910,#3041,#3042);
#2498=AXIS2_PLACEMENT_3D('',#3911,#3043,#3044);
#2499=AXIS2_PLACEMENT_3D('',#3912,#3045,#3046);
#2500=AXIS2_PLACEMENT_3D('',#3913,#3047,#3048);
#2501=AXIS2_PLACEMENT_3D('',#3914,#3049,#3050);
#2502=AXIS2_PLACEMENT_3D('',#3915,#3051,#3052);
#2503=AXIS2_PLACEMENT_3D('',#3916,#3053,#3054);
#2504=AXIS2_PLACEMENT_3D('',#3917,#3055,#3056);
#2505=AXIS2_PLACEMENT_3D('',#3920,#3057,#3058);
#2506=AXIS2_PLACEMENT_3D('',#3922,#3059,#3060);
#2507=AXIS2_PLACEMENT_3D('',#3924,#3061,#3062);
#2508=AXIS2_PLACEMENT_3D('',#3926,#3063,#3064);
#2509=AXIS2_PLACEMENT_3D('',#3928,#3065,#3066);
#2510=AXIS2_PLACEMENT_3D('',#3929,#3067,#3068);
#2511=AXIS2_PLACEMENT_3D('',#3930,#3069,#3070);
#2512=AXIS2_PLACEMENT_3D('',#3931,#3071,#3072);
#2513=AXIS2_PLACEMENT_3D('',#3932,#3073,#3074);
#2514=AXIS2_PLACEMENT_3D('',#3933,#3075,#3076);
#2515=AXIS2_PLACEMENT_3D('',#3934,#3077,#3078);
#2516=AXIS2_PLACEMENT_3D('',#3935,#3079,#3080);
#2517=AXIS2_PLACEMENT_3D('',#3937,#3081,#3082);
#2518=AXIS2_PLACEMENT_3D('',#3938,#3083,#3084);
#2519=AXIS2_PLACEMENT_3D('',#3941,#3086,#3087);
#2520=AXIS2_PLACEMENT_3D('',#3942,#3088,#3089);
#2521=AXIS2_PLACEMENT_3D('',#3943,#3090,#3091);
#2522=AXIS2_PLACEMENT_3D('',#3945,#3093,#3094);
#2523=AXIS2_PLACEMENT_3D('',#3946,#3095,#3096);
#2524=AXIS2_PLACEMENT_3D('',#3948,#3098,#3099);
#2525=AXIS2_PLACEMENT_3D('',#3949,#3100,#3101);
#2526=AXIS2_PLACEMENT_3D('',#3950,#3102,#3103);
#2527=AXIS2_PLACEMENT_3D('',#3951,#3104,#3105);
#2528=AXIS2_PLACEMENT_3D('',#3952,#3106,#3107);
#2529=AXIS2_PLACEMENT_3D('',#3954,#3109,#3110);
#2530=AXIS2_PLACEMENT_3D('',#3955,#3111,#3112);
#2531=AXIS2_PLACEMENT_3D('',#3956,#3113,#3114);
#2532=AXIS2_PLACEMENT_3D('',#3957,#3115,#3116);
#2533=AXIS2_PLACEMENT_3D('',#3958,#3117,#3118);
#2534=AXIS2_PLACEMENT_3D('',#3960,#3120,#3121);
#2535=AXIS2_PLACEMENT_3D('',#3961,#3122,#3123);
#2536=AXIS2_PLACEMENT_3D('',#3962,#3124,#3125);
#2537=AXIS2_PLACEMENT_3D('',#3963,#3126,#3127);
#2538=AXIS2_PLACEMENT_3D('',#3964,#3128,#3129);
#2539=AXIS2_PLACEMENT_3D('',#3966,#3131,#3132);
#2540=AXIS2_PLACEMENT_3D('',#3967,#3133,#3134);
#2541=AXIS2_PLACEMENT_3D('',#3968,#3135,#3136);
#2542=AXIS2_PLACEMENT_3D('',#3969,#3137,#3138);
#2543=AXIS2_PLACEMENT_3D('',#3970,#3139,#3140);
#2544=AXIS2_PLACEMENT_3D('',#3972,#3142,#3143);
#2545=AXIS2_PLACEMENT_3D('',#3973,#3144,#3145);
#2546=AXIS2_PLACEMENT_3D('',#3975,#3147,#3148);
#2547=AXIS2_PLACEMENT_3D('',#3976,#3149,#3150);
#2548=AXIS2_PLACEMENT_3D('',#3978,#3151,#3152);
#2549=AXIS2_PLACEMENT_3D('',#3979,#3153,#3154);
#2550=AXIS2_PLACEMENT_3D('',#3981,#3155,#3156);
#2551=AXIS2_PLACEMENT_3D('',#3984,#3159,#3160);
#2552=AXIS2_PLACEMENT_3D('',#3986,#3162,#3163);
#2553=AXIS2_PLACEMENT_3D('',#3987,#3164,#3165);
#2554=AXIS2_PLACEMENT_3D('',#3989,#3166,#3167);
#2555=AXIS2_PLACEMENT_3D('',#3990,#3168,#3169);
#2556=AXIS2_PLACEMENT_3D('',#3993,#3171,#3172);
#2557=AXIS2_PLACEMENT_3D('',#3996,#3174,#3175);
#2558=AXIS2_PLACEMENT_3D('',#3998,#3177,#3178);
#2559=AXIS2_PLACEMENT_3D('',#4000,#3180,#3181);
#2560=AXIS2_PLACEMENT_3D('',#4002,#3182,#3183);
#2561=AXIS2_PLACEMENT_3D('',#4003,#3184,#3185);
#2562=AXIS2_PLACEMENT_3D('',#4005,#3187,#3188);
#2563=AXIS2_PLACEMENT_3D('',#4006,#3189,#3190);
#2564=AXIS2_PLACEMENT_3D('',#4007,#3191,#3192);
#2565=AXIS2_PLACEMENT_3D('',#4009,#3193,#3194);
#2566=AXIS2_PLACEMENT_3D('',#4010,#3195,#3196);
#2567=AXIS2_PLACEMENT_3D('',#4012,#3197,#3198);
#2568=AXIS2_PLACEMENT_3D('',#4015,#3201,#3202);
#2569=AXIS2_PLACEMENT_3D('',#4017,#3204,#3205);
#2570=AXIS2_PLACEMENT_3D('',#4018,#3206,#3207);
#2571=AXIS2_PLACEMENT_3D('',#4020,#3208,#3209);
#2572=AXIS2_PLACEMENT_3D('',#4021,#3210,#3211);
#2573=AXIS2_PLACEMENT_3D('',#4023,#3212,#3213);
#2574=AXIS2_PLACEMENT_3D('',#4026,#3216,#3217);
#2575=AXIS2_PLACEMENT_3D('',#4028,#3219,#3220);
#2576=AXIS2_PLACEMENT_3D('',#4029,#3221,#3222);
#2577=AXIS2_PLACEMENT_3D('',#4031,#3223,#3224);
#2578=AXIS2_PLACEMENT_3D('',#4032,#3225,#3226);
#2579=AXIS2_PLACEMENT_3D('',#4034,#3227,#3228);
#2580=AXIS2_PLACEMENT_3D('',#4035,#3229,#3230);
#2581=AXIS2_PLACEMENT_3D('',#4037,#3231,#3232);
#2582=AXIS2_PLACEMENT_3D('',#4038,#3233,#3234);
#2583=AXIS2_PLACEMENT_3D('',#4040,#3235,#3236);
#2584=AXIS2_PLACEMENT_3D('',#4043,#3239,#3240);
#2585=AXIS2_PLACEMENT_3D('',#4045,#3242,#3243);
#2586=AXIS2_PLACEMENT_3D('',#4046,#3244,#3245);
#2587=AXIS2_PLACEMENT_3D('',#4048,#3246,#3247);
#2588=AXIS2_PLACEMENT_3D('',#4049,#3248,#3249);
#2589=AXIS2_PLACEMENT_3D('',#4051,#3250,#3251);
#2590=AXIS2_PLACEMENT_3D('',#4052,#3252,#3253);
#2591=AXIS2_PLACEMENT_3D('',#4054,#3254,#3255);
#2592=AXIS2_PLACEMENT_3D('',#4055,#3256,#3257);
#2593=AXIS2_PLACEMENT_3D('',#4057,#3258,#3259);
#2594=AXIS2_PLACEMENT_3D('',#4060,#3262,#3263);
#2595=AXIS2_PLACEMENT_3D('',#4061,#3264,#3265);
#2596=AXIS2_PLACEMENT_3D('',#4062,#3266,#3267);
#2597=AXIS2_PLACEMENT_3D('',#4064,#3268,#3269);
#2598=AXIS2_PLACEMENT_3D('',#4065,#3270,#3271);
#2599=AXIS2_PLACEMENT_3D('',#4066,#3272,#3273);
#2600=AXIS2_PLACEMENT_3D('',#4067,#3274,#3275);
#2601=AXIS2_PLACEMENT_3D('',#4068,#3276,#3277);
#2602=AXIS2_PLACEMENT_3D('',#4069,#3278,#3279);
#2603=AXIS2_PLACEMENT_3D('',#4070,#3280,#3281);
#2604=AXIS2_PLACEMENT_3D('',#4071,#3282,#3283);
#2605=AXIS2_PLACEMENT_3D('',#4072,#3284,#3285);
#2606=AXIS2_PLACEMENT_3D('',#4073,#3286,#3287);
#2607=AXIS2_PLACEMENT_3D('',#4074,#3288,#3289);
#2608=AXIS2_PLACEMENT_3D('',#4075,#3290,#3291);
#2609=AXIS2_PLACEMENT_3D('',#4076,#3292,#3293);
#2610=AXIS2_PLACEMENT_3D('',#4077,#3294,#3295);
#2611=AXIS2_PLACEMENT_3D('',#4078,#3296,#3297);
#2612=AXIS2_PLACEMENT_3D('',#4079,#3298,#3299);
#2613=AXIS2_PLACEMENT_3D('',#4080,#3300,#3301);
#2614=AXIS2_PLACEMENT_3D('',#4084,#3303,#3304);
#2615=AXIS2_PLACEMENT_3D('',#4086,#3306,#3307);
#2616=AXIS2_PLACEMENT_3D('',#4090,#3310,#3311);
#2617=AXIS2_PLACEMENT_3D('',#4093,#3313,#3314);
#2618=AXIS2_PLACEMENT_3D('',#4094,#3315,#3316);
#2619=AXIS2_PLACEMENT_3D('',#4098,#3319,#3320);
#2620=AXIS2_PLACEMENT_3D('',#4101,#3322,#3323);
#2621=AXIS2_PLACEMENT_3D('',#4102,#3324,#3325);
#2622=AXIS2_PLACEMENT_3D('',#4105,#3327,#3328);
#2623=AXIS2_PLACEMENT_3D('',#4106,#3329,#3330);
#2624=AXIS2_PLACEMENT_3D('',#4109,#3332,#3333);
#2625=AXIS2_PLACEMENT_3D('',#4110,#3334,#3335);
#2626=AXIS2_PLACEMENT_3D('',#4113,#3337,#3338);
#2627=AXIS2_PLACEMENT_3D('',#4114,#3339,#3340);
#2628=AXIS2_PLACEMENT_3D('',#4117,#3342,#3343);
#2629=AXIS2_PLACEMENT_3D('',#4118,#3344,#3345);
#2630=AXIS2_PLACEMENT_3D('',#4121,#3347,#3348);
#2631=AXIS2_PLACEMENT_3D('',#4122,#3349,#3350);
#2632=AXIS2_PLACEMENT_3D('',#4125,#3352,#3353);
#2633=AXIS2_PLACEMENT_3D('',#4126,#3354,#3355);
#2634=AXIS2_PLACEMENT_3D('',#4129,#3357,#3358);
#2635=AXIS2_PLACEMENT_3D('',#4130,#3359,#3360);
#2636=AXIS2_PLACEMENT_3D('',#4133,#3362,#3363);
#2637=AXIS2_PLACEMENT_3D('',#4134,#3364,#3365);
#2638=AXIS2_PLACEMENT_3D('',#4137,#3367,#3368);
#2639=AXIS2_PLACEMENT_3D('',#4138,#3369,#3370);
#2640=AXIS2_PLACEMENT_3D('',#4141,#3372,#3373);
#2641=AXIS2_PLACEMENT_3D('',#4142,#3374,#3375);
#2642=AXIS2_PLACEMENT_3D('',#4145,#3377,#3378);
#2643=AXIS2_PLACEMENT_3D('',#4146,#3379,#3380);
#2644=AXIS2_PLACEMENT_3D('',#4149,#3382,#3383);
#2645=AXIS2_PLACEMENT_3D('',#4150,#3384,#3385);
#2646=AXIS2_PLACEMENT_3D('',#4153,#3387,#3388);
#2647=AXIS2_PLACEMENT_3D('',#4154,#3389,#3390);
#2648=AXIS2_PLACEMENT_3D('',#4157,#3392,#3393);
#2649=AXIS2_PLACEMENT_3D('',#4158,#3394,#3395);
#2650=AXIS2_PLACEMENT_3D('',#4161,#3397,#3398);
#2651=AXIS2_PLACEMENT_3D('',#4162,#3399,#3400);
#2652=AXIS2_PLACEMENT_3D('',#4165,#3402,#3403);
#2653=AXIS2_PLACEMENT_3D('',#4166,#3404,#3405);
#2654=AXIS2_PLACEMENT_3D('',#4169,#3407,#3408);
#2655=AXIS2_PLACEMENT_3D('',#4170,#3409,#3410);
#2656=AXIS2_PLACEMENT_3D('',#4174,#3413,#3414);
#2657=AXIS2_PLACEMENT_3D('',#4177,#3416,#3417);
#2658=AXIS2_PLACEMENT_3D('',#4178,#3418,#3419);
#2659=AXIS2_PLACEMENT_3D('',#4180,#3421,#3422);
#2660=DIRECTION('axis',(0.,0.,1.));
#2661=DIRECTION('refdir',(1.,0.,0.));
#2662=DIRECTION('center_axis',(0.,0.,-1.));
#2663=DIRECTION('ref_axis',(-1.,0.,0.));
#2664=DIRECTION('',(0.,0.,-1.));
#2665=DIRECTION('center_axis',(0.,0.,-1.));
#2666=DIRECTION('ref_axis',(-1.,0.,0.));
#2667=DIRECTION('',(0.,0.,-1.));
#2668=DIRECTION('center_axis',(0.,0.,-1.));
#2669=DIRECTION('ref_axis',(-1.,0.,0.));
#2670=DIRECTION('center_axis',(0.,0.,-1.));
#2671=DIRECTION('ref_axis',(-1.,0.,0.));
#2672=DIRECTION('',(0.,0.,-1.));
#2673=DIRECTION('center_axis',(0.,0.,-1.));
#2674=DIRECTION('ref_axis',(-1.,0.,0.));
#2675=DIRECTION('',(0.,0.,-1.));
#2676=DIRECTION('center_axis',(0.,0.,-1.));
#2677=DIRECTION('ref_axis',(-1.,0.,0.));
#2678=DIRECTION('center_axis',(0.,0.,-1.));
#2679=DIRECTION('ref_axis',(-1.,0.,0.));
#2680=DIRECTION('',(0.,0.,-1.));
#2681=DIRECTION('center_axis',(0.,0.,-1.));
#2682=DIRECTION('ref_axis',(-1.,0.,0.));
#2683=DIRECTION('',(0.,0.,-1.));
#2684=DIRECTION('center_axis',(0.,0.,-1.));
#2685=DIRECTION('ref_axis',(-1.,0.,0.));
#2686=DIRECTION('center_axis',(0.,0.,-1.));
#2687=DIRECTION('ref_axis',(-1.,0.,0.));
#2688=DIRECTION('',(0.,0.,-1.));
#2689=DIRECTION('center_axis',(0.,0.,-1.));
#2690=DIRECTION('ref_axis',(-1.,0.,0.));
#2691=DIRECTION('',(0.,0.,-1.));
#2692=DIRECTION('center_axis',(0.,0.,-1.));
#2693=DIRECTION('ref_axis',(-1.,0.,0.));
#2694=DIRECTION('center_axis',(0.,0.,-1.));
#2695=DIRECTION('ref_axis',(-1.,0.,0.));
#2696=DIRECTION('',(0.,0.,-1.));
#2697=DIRECTION('center_axis',(0.,0.,-1.));
#2698=DIRECTION('ref_axis',(-1.,0.,0.));
#2699=DIRECTION('',(0.,0.,-1.));
#2700=DIRECTION('center_axis',(0.,0.,-1.));
#2701=DIRECTION('ref_axis',(-1.,0.,0.));
#2702=DIRECTION('',(0.,0.,-1.));
#2703=DIRECTION('center_axis',(0.,0.,-1.));
#2704=DIRECTION('ref_axis',(-1.,0.,0.));
#2705=DIRECTION('',(0.,0.,-1.));
#2706=DIRECTION('center_axis',(0.,0.,-1.));
#2707=DIRECTION('ref_axis',(-1.,0.,0.));
#2708=DIRECTION('',(0.,0.,-1.));
#2709=DIRECTION('center_axis',(0.,0.,-1.));
#2710=DIRECTION('ref_axis',(-1.,0.,0.));
#2711=DIRECTION('center_axis',(0.,0.,-1.));
#2712=DIRECTION('ref_axis',(-1.,0.,0.));
#2713=DIRECTION('',(0.,0.,-1.));
#2714=DIRECTION('center_axis',(0.,0.,-1.));
#2715=DIRECTION('ref_axis',(-1.,0.,0.));
#2716=DIRECTION('',(0.,0.,-1.));
#2717=DIRECTION('center_axis',(0.,0.,-1.));
#2718=DIRECTION('ref_axis',(-1.,0.,0.));
#2719=DIRECTION('',(0.,0.,-1.));
#2720=DIRECTION('',(0.,0.,-1.));
#2721=DIRECTION('center_axis',(0.,0.,-1.));
#2722=DIRECTION('ref_axis',(-1.,0.,0.));
#2723=DIRECTION('center_axis',(0.,0.,-1.));
#2724=DIRECTION('ref_axis',(-1.,0.,0.));
#2725=DIRECTION('',(0.,0.,-1.));
#2726=DIRECTION('center_axis',(0.,0.,-1.));
#2727=DIRECTION('ref_axis',(-1.,0.,0.));
#2728=DIRECTION('',(0.,0.,-1.));
#2729=DIRECTION('center_axis',(0.,0.,-1.));
#2730=DIRECTION('ref_axis',(-1.,0.,0.));
#2731=DIRECTION('',(0.,0.,-1.));
#2732=DIRECTION('',(0.,0.,-1.));
#2733=DIRECTION('center_axis',(0.,0.,-1.));
#2734=DIRECTION('ref_axis',(-1.,0.,0.));
#2735=DIRECTION('center_axis',(0.,0.,-1.));
#2736=DIRECTION('ref_axis',(-1.,0.,0.));
#2737=DIRECTION('',(0.,0.,-1.));
#2738=DIRECTION('center_axis',(0.,0.,-1.));
#2739=DIRECTION('ref_axis',(-1.,0.,0.));
#2740=DIRECTION('',(0.,0.,-1.));
#2741=DIRECTION('center_axis',(0.,0.,-1.));
#2742=DIRECTION('ref_axis',(-1.,0.,0.));
#2743=DIRECTION('',(0.,0.,-1.));
#2744=DIRECTION('',(0.,0.,-1.));
#2745=DIRECTION('center_axis',(0.,0.,-1.));
#2746=DIRECTION('ref_axis',(-1.,0.,0.));
#2747=DIRECTION('center_axis',(0.,0.,-1.));
#2748=DIRECTION('ref_axis',(-1.,0.,0.));
#2749=DIRECTION('',(0.,0.,-1.));
#2750=DIRECTION('center_axis',(0.,0.,-1.));
#2751=DIRECTION('ref_axis',(-1.,0.,0.));
#2752=DIRECTION('',(0.,0.,-1.));
#2753=DIRECTION('center_axis',(0.,0.,-1.));
#2754=DIRECTION('ref_axis',(-1.,0.,0.));
#2755=DIRECTION('',(0.,0.,-1.));
#2756=DIRECTION('',(0.,0.,-1.));
#2757=DIRECTION('center_axis',(0.,0.,-1.));
#2758=DIRECTION('ref_axis',(-1.,0.,0.));
#2759=DIRECTION('center_axis',(0.,0.,-1.));
#2760=DIRECTION('ref_axis',(-1.,0.,0.));
#2761=DIRECTION('',(0.,0.,-1.));
#2762=DIRECTION('center_axis',(0.,0.,-1.));
#2763=DIRECTION('ref_axis',(-1.,0.,0.));
#2764=DIRECTION('',(0.,0.,-1.));
#2765=DIRECTION('center_axis',(0.,0.,-1.));
#2766=DIRECTION('ref_axis',(-1.,0.,0.));
#2767=DIRECTION('',(0.,0.,-1.));
#2768=DIRECTION('',(0.,0.,-1.));
#2769=DIRECTION('center_axis',(0.,0.,-1.));
#2770=DIRECTION('ref_axis',(-1.,0.,0.));
#2771=DIRECTION('center_axis',(0.,0.,1.));
#2772=DIRECTION('ref_axis',(-1.,0.,0.));
#2773=DIRECTION('center_axis',(0.,0.,-1.));
#2774=DIRECTION('ref_axis',(-0.989695861488612,-0.143185550082101,0.));
#2775=DIRECTION('center_axis',(0.,0.,-1.));
#2776=DIRECTION('ref_axis',(-0.609314670606321,-0.792928516440108,0.));
#2777=DIRECTION('',(-1.,0.,0.));
#2778=DIRECTION('',(0.,-1.,0.));
#2779=DIRECTION('',(1.,0.,0.));
#2780=DIRECTION('center_axis',(0.,0.,1.));
#2781=DIRECTION('ref_axis',(1.,0.,0.));
#2782=DIRECTION('center_axis',(0.,0.,1.));
#2783=DIRECTION('ref_axis',(-1.,0.,0.));
#2784=DIRECTION('center_axis',(0.,0.,-1.));
#2785=DIRECTION('ref_axis',(0.989695861488612,-0.143185550082103,0.));
#2786=DIRECTION('',(1.,0.,0.));
#2787=DIRECTION('',(0.,1.,0.));
#2788=DIRECTION('',(-1.,0.,0.));
#2789=DIRECTION('center_axis',(0.,0.,-1.));
#2790=DIRECTION('ref_axis',(0.609314670606322,-0.792928516440107,0.));
#2791=DIRECTION('center_axis',(0.,0.,1.));
#2792=DIRECTION('ref_axis',(1.,0.,0.));
#2793=DIRECTION('center_axis',(0.,0.,1.));
#2794=DIRECTION('ref_axis',(-1.,0.,0.));
#2795=DIRECTION('center_axis',(0.,0.,-1.));
#2796=DIRECTION('ref_axis',(0.989695859902703,0.143185561043875,0.));
#2797=DIRECTION('center_axis',(0.,0.,-1.));
#2798=DIRECTION('ref_axis',(0.60931466610874,0.792928519896211,0.));
#2799=DIRECTION('',(1.,0.,0.));
#2800=DIRECTION('',(0.,1.,0.));
#2801=DIRECTION('',(-1.,0.,0.));
#2802=DIRECTION('center_axis',(0.,0.,1.));
#2803=DIRECTION('ref_axis',(1.,0.,0.));
#2804=DIRECTION('center_axis',(0.,0.,1.));
#2805=DIRECTION('ref_axis',(-1.,0.,0.));
#2806=DIRECTION('center_axis',(0.,0.,-1.));
#2807=DIRECTION('ref_axis',(-0.989695859902703,0.143185561043876,0.));
#2808=DIRECTION('',(-1.,0.,0.));
#2809=DIRECTION('',(0.,-1.,0.));
#2810=DIRECTION('',(1.,0.,0.));
#2811=DIRECTION('center_axis',(0.,0.,-1.));
#2812=DIRECTION('ref_axis',(-0.60931466610874,0.792928519896211,0.));
#2813=DIRECTION('center_axis',(0.,0.,1.));
#2814=DIRECTION('ref_axis',(1.,0.,0.));
#2815=DIRECTION('center_axis',(1.,0.,0.));
#2816=DIRECTION('ref_axis',(0.,1.,0.));
#2817=DIRECTION('',(0.,0.,1.));
#2818=DIRECTION('',(0.,-1.,0.));
#2819=DIRECTION('',(0.,0.,-1.));
#2820=DIRECTION('center_axis',(0.,-1.,0.));
#2821=DIRECTION('ref_axis',(1.,0.,0.));
#2822=DIRECTION('',(0.,0.,1.));
#2823=DIRECTION('',(-1.,0.,0.));
#2824=DIRECTION('',(0.,0.,1.));
#2825=DIRECTION('',(-1.,0.,0.));
#2826=DIRECTION('center_axis',(0.,-1.,0.));
#2827=DIRECTION('ref_axis',(-0.126941765373331,0.,-0.991910171438877));
#2828=DIRECTION('center_axis',(0.,-1.,0.));
#2829=DIRECTION('ref_axis',(1.,0.,0.));
#2830=DIRECTION('',(0.,0.,1.));
#2831=DIRECTION('center_axis',(0.,-1.,0.));
#2832=DIRECTION('ref_axis',(0.539724901293333,0.,-0.84184145236731));
#2833=DIRECTION('',(-1.,0.,0.));
#2834=DIRECTION('',(0.,0.,-1.));
#2835=DIRECTION('',(-1.,0.,0.));
#2836=DIRECTION('',(0.,0.,-1.));
#2837=DIRECTION('center_axis',(-1.,0.,0.));
#2838=DIRECTION('ref_axis',(0.,-1.,0.));
#2839=DIRECTION('',(0.,0.,1.));
#2840=DIRECTION('',(0.,1.,0.));
#2841=DIRECTION('center_axis',(-1.,0.,0.));
#2842=DIRECTION('ref_axis',(0.,-1.,0.));
#2843=DIRECTION('',(0.,0.,-1.));
#2844=DIRECTION('',(0.,1.,0.));
#2845=DIRECTION('',(0.,0.,1.));
#2846=DIRECTION('center_axis',(0.,1.,0.));
#2847=DIRECTION('ref_axis',(-1.,0.,0.));
#2848=DIRECTION('',(0.,0.,1.));
#2849=DIRECTION('',(1.,0.,0.));
#2850=DIRECTION('',(0.,0.,1.));
#2851=DIRECTION('',(1.,0.,0.));
#2852=DIRECTION('center_axis',(0.,1.,0.));
#2853=DIRECTION('ref_axis',(0.539724901293333,0.,-0.84184145236731));
#2854=DIRECTION('center_axis',(0.,1.,0.));
#2855=DIRECTION('ref_axis',(-1.,0.,0.));
#2856=DIRECTION('',(0.,0.,1.));
#2857=DIRECTION('center_axis',(0.,1.,0.));
#2858=DIRECTION('ref_axis',(-0.126941765373331,0.,-0.991910171438877));
#2859=DIRECTION('',(1.,0.,0.));
#2860=DIRECTION('',(0.,0.,-1.));
#2861=DIRECTION('',(1.,0.,0.));
#2862=DIRECTION('',(0.,0.,-1.));
#2863=DIRECTION('center_axis',(1.,0.,0.));
#2864=DIRECTION('ref_axis',(0.,1.,0.));
#2865=DIRECTION('',(0.,0.,1.));
#2866=DIRECTION('',(0.,-1.,0.));
#2867=DIRECTION('center_axis',(0.,0.,1.));
#2868=DIRECTION('ref_axis',(1.,0.,0.));
#2869=DIRECTION('',(0.,0.,-1.));
#2870=DIRECTION('center_axis',(0.,0.,1.));
#2871=DIRECTION('ref_axis',(1.,0.,0.));
#2872=DIRECTION('center_axis',(0.,0.,1.));
#2873=DIRECTION('ref_axis',(1.,0.,0.));
#2874=DIRECTION('',(0.,0.,-1.));
#2875=DIRECTION('center_axis',(0.,0.,1.));
#2876=DIRECTION('ref_axis',(1.,0.,0.));
#2877=DIRECTION('center_axis',(0.,0.,1.));
#2878=DIRECTION('ref_axis',(1.,0.,0.));
#2879=DIRECTION('',(0.,0.,-1.));
#2880=DIRECTION('center_axis',(0.,0.,1.));
#2881=DIRECTION('ref_axis',(1.,0.,0.));
#2882=DIRECTION('center_axis',(0.,0.,1.));
#2883=DIRECTION('ref_axis',(1.,0.,0.));
#2884=DIRECTION('',(0.,0.,-1.));
#2885=DIRECTION('center_axis',(0.,0.,1.));
#2886=DIRECTION('ref_axis',(1.,0.,0.));
#2887=DIRECTION('center_axis',(1.,0.,0.));
#2888=DIRECTION('ref_axis',(0.,-0.707106781186547,-0.707106781186548));
#2889=DIRECTION('',(-1.,0.,0.));
#2890=DIRECTION('',(1.,0.,0.));
#2891=DIRECTION('center_axis',(0.,1.,0.));
#2892=DIRECTION('ref_axis',(-1.,0.,0.));
#2893=DIRECTION('center_axis',(0.,1.,0.));
#2894=DIRECTION('ref_axis',(-0.126941765373331,0.,-0.991910171438877));
#2895=DIRECTION('',(0.,0.,1.));
#2896=DIRECTION('',(-1.,0.,0.));
#2897=DIRECTION('',(0.,0.,-1.));
#2898=DIRECTION('center_axis',(1.,0.,0.));
#2899=DIRECTION('ref_axis',(0.,-0.707106781186547,-0.707106781186548));
#2900=DIRECTION('',(1.,0.,0.));
#2901=DIRECTION('',(-1.,0.,0.));
#2902=DIRECTION('center_axis',(0.,1.,0.));
#2903=DIRECTION('ref_axis',(-1.,0.,0.));
#2904=DIRECTION('',(0.,0.,1.));
#2905=DIRECTION('',(-1.,0.,0.));
#2906=DIRECTION('',(0.,0.,1.));
#2907=DIRECTION('center_axis',(0.,1.,0.));
#2908=DIRECTION('ref_axis',(0.539724901293333,0.,-0.84184145236731));
#2909=DIRECTION('center_axis',(-1.,0.,0.));
#2910=DIRECTION('ref_axis',(0.,0.707106781186547,-0.707106781186548));
#2911=DIRECTION('',(-1.,0.,0.));
#2912=DIRECTION('',(1.,0.,0.));
#2913=DIRECTION('center_axis',(0.,0.,1.));
#2914=DIRECTION('ref_axis',(-1.,0.,0.));
#2915=DIRECTION('',(0.,-1.,0.));
#2916=DIRECTION('center_axis',(0.,0.,-1.));
#2917=DIRECTION('ref_axis',(1.,-2.96059473233375E-16,0.));
#2918=DIRECTION('',(1.,0.,0.));
#2919=DIRECTION('center_axis',(0.,0.,-1.));
#2920=DIRECTION('ref_axis',(-2.96059473233375E-16,1.,0.));
#2921=DIRECTION('',(0.,1.,0.));
#2922=DIRECTION('center_axis',(0.,0.,1.));
#2923=DIRECTION('ref_axis',(-1.,0.,0.));
#2924=DIRECTION('center_axis',(0.,0.,1.));
#2925=DIRECTION('ref_axis',(-1.,0.,0.));
#2926=DIRECTION('center_axis',(0.,0.,1.));
#2927=DIRECTION('ref_axis',(-1.,0.,0.));
#2928=DIRECTION('center_axis',(0.,0.,1.));
#2929=DIRECTION('ref_axis',(-1.,0.,0.));
#2930=DIRECTION('center_axis',(0.,0.,1.));
#2931=DIRECTION('ref_axis',(-1.,0.,0.));
#2932=DIRECTION('center_axis',(0.,0.,1.));
#2933=DIRECTION('ref_axis',(-1.,0.,0.));
#2934=DIRECTION('center_axis',(0.,0.,1.));
#2935=DIRECTION('ref_axis',(-1.,0.,0.));
#2936=DIRECTION('center_axis',(0.,0.,1.));
#2937=DIRECTION('ref_axis',(-1.,0.,0.));
#2938=DIRECTION('center_axis',(0.,0.,1.));
#2939=DIRECTION('ref_axis',(-1.,0.,0.));
#2940=DIRECTION('center_axis',(0.,0.,1.));
#2941=DIRECTION('ref_axis',(-1.,0.,0.));
#2942=DIRECTION('center_axis',(0.,0.,1.));
#2943=DIRECTION('ref_axis',(-1.,0.,0.));
#2944=DIRECTION('center_axis',(0.,0.,1.));
#2945=DIRECTION('ref_axis',(-1.,0.,0.));
#2946=DIRECTION('',(1.,0.,0.));
#2947=DIRECTION('',(0.,1.,0.));
#2948=DIRECTION('center_axis',(0.,0.,-1.));
#2949=DIRECTION('ref_axis',(-1.,2.96059473233375E-16,0.));
#2950=DIRECTION('',(-1.,0.,0.));
#2951=DIRECTION('center_axis',(0.,0.,-1.));
#2952=DIRECTION('ref_axis',(2.96059473233375E-16,-1.,0.));
#2953=DIRECTION('',(0.,-1.,0.));
#2954=DIRECTION('center_axis',(0.,0.,1.));
#2955=DIRECTION('ref_axis',(-1.,0.,0.));
#2956=DIRECTION('',(0.,-1.,0.));
#2957=DIRECTION('center_axis',(0.,0.,1.));
#2958=DIRECTION('ref_axis',(-1.,0.,0.));
#2959=DIRECTION('center_axis',(0.,0.,1.));
#2960=DIRECTION('ref_axis',(-1.,0.,0.));
#2961=DIRECTION('center_axis',(0.,0.,1.));
#2962=DIRECTION('ref_axis',(-1.,0.,0.));
#2963=DIRECTION('center_axis',(0.,0.,1.));
#2964=DIRECTION('ref_axis',(-1.,0.,0.));
#2965=DIRECTION('center_axis',(0.,0.,1.));
#2966=DIRECTION('ref_axis',(-1.,0.,0.));
#2967=DIRECTION('center_axis',(-1.,0.,0.));
#2968=DIRECTION('ref_axis',(0.,0.707106781186547,-0.707106781186548));
#2969=DIRECTION('',(-1.,0.,0.));
#2970=DIRECTION('center_axis',(0.,0.,-1.));
#2971=DIRECTION('ref_axis',(-1.,0.,0.));
#2972=DIRECTION('center_axis',(0.,0.,1.));
#2973=DIRECTION('ref_axis',(-1.,0.,0.));
#2974=DIRECTION('',(0.,0.,-1.));
#2975=DIRECTION('center_axis',(0.,-1.,0.));
#2976=DIRECTION('ref_axis',(0.539724901293333,0.,-0.84184145236731));
#2977=DIRECTION('',(0.,1.,0.));
#2978=DIRECTION('center_axis',(0.,0.,1.));
#2979=DIRECTION('ref_axis',(-1.,0.,0.));
#2980=DIRECTION('',(0.,1.,0.));
#2981=DIRECTION('center_axis',(0.,0.,1.));
#2982=DIRECTION('ref_axis',(-1.,0.,0.));
#2983=DIRECTION('center_axis',(0.,0.,1.));
#2984=DIRECTION('ref_axis',(-1.,0.,0.));
#2985=DIRECTION('center_axis',(0.,-1.,0.));
#2986=DIRECTION('ref_axis',(0.539724901293333,0.,-0.84184145236731));
#2987=DIRECTION('center_axis',(0.,-1.,0.));
#2988=DIRECTION('ref_axis',(0.539724901293333,0.,-0.84184145236731));
#2989=DIRECTION('',(0.,1.,0.));
#2990=DIRECTION('center_axis',(0.,1.,0.));
#2991=DIRECTION('ref_axis',(-0.126941765373331,0.,-0.991910171438877));
#2992=DIRECTION('center_axis',(0.,-1.,0.));
#2993=DIRECTION('ref_axis',(-0.126941765373331,0.,-0.991910171438877));
#2994=DIRECTION('',(0.,-1.,0.));
#2995=DIRECTION('center_axis',(0.,1.,0.));
#2996=DIRECTION('ref_axis',(-0.126941765373331,0.,-0.991910171438877));
#2997=DIRECTION('',(0.,-1.,0.));
#2998=DIRECTION('center_axis',(0.,0.,-1.));
#2999=DIRECTION('ref_axis',(0.989695859902703,0.143185561043875,0.));
#3000=DIRECTION('',(0.,0.,-1.));
#3001=DIRECTION('center_axis',(0.,0.,-1.));
#3002=DIRECTION('ref_axis',(0.989695859902703,0.143185561043875,0.));
#3003=DIRECTION('',(0.,0.,-1.));
#3004=DIRECTION('center_axis',(0.,-1.,0.));
#3005=DIRECTION('ref_axis',(1.,0.,0.));
#3006=DIRECTION('',(1.,0.,0.));
#3007=DIRECTION('center_axis',(0.,0.,1.));
#3008=DIRECTION('ref_axis',(0.989695861488612,-0.143185550082103,0.));
#3009=DIRECTION('',(0.,0.,1.));
#3010=DIRECTION('center_axis',(0.,0.,-1.));
#3011=DIRECTION('ref_axis',(0.989695861488612,-0.143185550082103,0.));
#3012=DIRECTION('center_axis',(0.,0.,1.));
#3013=DIRECTION('ref_axis',(0.609314670606322,-0.792928516440107,0.));
#3014=DIRECTION('center_axis',(0.,0.,-1.));
#3015=DIRECTION('ref_axis',(0.609314670606322,-0.792928516440107,0.));
#3016=DIRECTION('center_axis',(0.,0.,-1.));
#3017=DIRECTION('ref_axis',(0.60931466610874,0.792928519896211,0.));
#3018=DIRECTION('center_axis',(0.,0.,-1.));
#3019=DIRECTION('ref_axis',(0.60931466610874,0.792928519896211,0.));
#3020=DIRECTION('center_axis',(0.,0.,1.));
#3021=DIRECTION('ref_axis',(-0.989695859902703,0.143185561043876,0.));
#3022=DIRECTION('',(0.,0.,1.));
#3023=DIRECTION('center_axis',(0.,0.,-1.));
#3024=DIRECTION('ref_axis',(-0.989695859902703,0.143185561043876,0.));
#3025=DIRECTION('',(0.,0.,1.));
#3026=DIRECTION('center_axis',(0.,-1.,0.));
#3027=DIRECTION('ref_axis',(1.,0.,0.));
#3028=DIRECTION('',(1.,0.,0.));
#3029=DIRECTION('',(0.,0.,1.));
#3030=DIRECTION('center_axis',(0.,0.,1.));
#3031=DIRECTION('ref_axis',(-0.60931466610874,0.792928519896211,0.));
#3032=DIRECTION('center_axis',(0.,0.,-1.));
#3033=DIRECTION('ref_axis',(-0.60931466610874,0.792928519896211,0.));
#3034=DIRECTION('center_axis',(0.,0.,-1.));
#3035=DIRECTION('ref_axis',(-0.989695861488612,-0.143185550082101,0.));
#3036=DIRECTION('center_axis',(0.,0.,-1.));
#3037=DIRECTION('ref_axis',(-0.989695861488612,-0.143185550082101,0.));
#3038=DIRECTION('',(0.,0.,-1.));
#3039=DIRECTION('center_axis',(0.,0.,-1.));
#3040=DIRECTION('ref_axis',(-0.609314670606321,-0.792928516440108,0.));
#3041=DIRECTION('center_axis',(0.,0.,-1.));
#3042=DIRECTION('ref_axis',(-0.609314670606321,-0.792928516440108,0.));
#3043=DIRECTION('center_axis',(0.,0.,1.));
#3044=DIRECTION('ref_axis',(-1.,0.,0.));
#3045=DIRECTION('center_axis',(0.,0.,1.));
#3046=DIRECTION('ref_axis',(-1.,0.,0.));
#3047=DIRECTION('center_axis',(0.,0.,1.));
#3048=DIRECTION('ref_axis',(-1.,0.,0.));
#3049=DIRECTION('center_axis',(0.,0.,1.));
#3050=DIRECTION('ref_axis',(-1.,0.,0.));
#3051=DIRECTION('center_axis',(0.,0.,1.));
#3052=DIRECTION('ref_axis',(-1.,0.,0.));
#3053=DIRECTION('center_axis',(0.,0.,1.));
#3054=DIRECTION('ref_axis',(-1.,0.,0.));
#3055=DIRECTION('center_axis',(0.,0.,1.));
#3056=DIRECTION('ref_axis',(-1.,0.,0.));
#3057=DIRECTION('center_axis',(0.,0.,1.));
#3058=DIRECTION('ref_axis',(-1.,0.,0.));
#3059=DIRECTION('center_axis',(0.,0.,1.));
#3060=DIRECTION('ref_axis',(-1.,0.,0.));
#3061=DIRECTION('center_axis',(0.,0.,1.));
#3062=DIRECTION('ref_axis',(-1.,0.,0.));
#3063=DIRECTION('center_axis',(0.,0.,1.));
#3064=DIRECTION('ref_axis',(-1.,0.,0.));
#3065=DIRECTION('center_axis',(0.,0.,1.));
#3066=DIRECTION('ref_axis',(-1.,0.,0.));
#3067=DIRECTION('center_axis',(0.,0.,1.));
#3068=DIRECTION('ref_axis',(-1.,0.,0.));
#3069=DIRECTION('center_axis',(0.,0.,1.));
#3070=DIRECTION('ref_axis',(-1.,0.,0.));
#3071=DIRECTION('center_axis',(0.,0.,1.));
#3072=DIRECTION('ref_axis',(-1.,0.,0.));
#3073=DIRECTION('center_axis',(0.,0.,1.));
#3074=DIRECTION('ref_axis',(-1.,0.,0.));
#3075=DIRECTION('center_axis',(0.,0.,1.));
#3076=DIRECTION('ref_axis',(-1.,0.,0.));
#3077=DIRECTION('center_axis',(0.,0.,1.));
#3078=DIRECTION('ref_axis',(-1.,0.,0.));
#3079=DIRECTION('center_axis',(0.,0.,1.));
#3080=DIRECTION('ref_axis',(-1.,0.,0.));
#3081=DIRECTION('center_axis',(0.,0.,1.));
#3082=DIRECTION('ref_axis',(-1.,0.,0.));
#3083=DIRECTION('center_axis',(0.,0.,-1.));
#3084=DIRECTION('ref_axis',(-1.,0.,0.));
#3085=DIRECTION('',(0.,0.,1.));
#3086=DIRECTION('center_axis',(0.,0.,-1.));
#3087=DIRECTION('ref_axis',(-1.,0.,0.));
#3088=DIRECTION('center_axis',(0.,0.,-1.));
#3089=DIRECTION('ref_axis',(-1.,0.,0.));
#3090=DIRECTION('center_axis',(0.,0.,-1.));
#3091=DIRECTION('ref_axis',(-1.,0.,0.));
#3092=DIRECTION('',(0.,0.,-1.));
#3093=DIRECTION('center_axis',(0.,0.,-1.));
#3094=DIRECTION('ref_axis',(-1.,0.,0.));
#3095=DIRECTION('center_axis',(0.,0.,-1.));
#3096=DIRECTION('ref_axis',(-1.,0.,0.));
#3097=DIRECTION('',(0.,0.,-1.));
#3098=DIRECTION('center_axis',(0.,0.,1.));
#3099=DIRECTION('ref_axis',(-1.,0.,0.));
#3100=DIRECTION('center_axis',(0.,0.,-1.));
#3101=DIRECTION('ref_axis',(-1.,0.,0.));
#3102=DIRECTION('center_axis',(0.,0.,-1.));
#3103=DIRECTION('ref_axis',(-1.,0.,0.));
#3104=DIRECTION('center_axis',(0.,0.,-1.));
#3105=DIRECTION('ref_axis',(-1.,0.,0.));
#3106=DIRECTION('center_axis',(0.,0.,-1.));
#3107=DIRECTION('ref_axis',(-1.,0.,0.));
#3108=DIRECTION('',(0.,0.,-1.));
#3109=DIRECTION('center_axis',(0.,0.,1.));
#3110=DIRECTION('ref_axis',(-1.,0.,0.));
#3111=DIRECTION('center_axis',(0.,0.,-1.));
#3112=DIRECTION('ref_axis',(-1.,0.,0.));
#3113=DIRECTION('center_axis',(0.,0.,-1.));
#3114=DIRECTION('ref_axis',(-1.,0.,0.));
#3115=DIRECTION('center_axis',(0.,0.,-1.));
#3116=DIRECTION('ref_axis',(-1.,0.,0.));
#3117=DIRECTION('center_axis',(0.,0.,-1.));
#3118=DIRECTION('ref_axis',(-1.,0.,0.));
#3119=DIRECTION('',(0.,0.,-1.));
#3120=DIRECTION('center_axis',(0.,0.,1.));
#3121=DIRECTION('ref_axis',(-1.,0.,0.));
#3122=DIRECTION('center_axis',(0.,0.,-1.));
#3123=DIRECTION('ref_axis',(-1.,0.,0.));
#3124=DIRECTION('center_axis',(0.,0.,-1.));
#3125=DIRECTION('ref_axis',(-1.,0.,0.));
#3126=DIRECTION('center_axis',(0.,0.,-1.));
#3127=DIRECTION('ref_axis',(-1.,0.,0.));
#3128=DIRECTION('center_axis',(0.,0.,-1.));
#3129=DIRECTION('ref_axis',(-1.,0.,0.));
#3130=DIRECTION('',(0.,0.,-1.));
#3131=DIRECTION('center_axis',(0.,0.,1.));
#3132=DIRECTION('ref_axis',(-1.,0.,0.));
#3133=DIRECTION('center_axis',(0.,0.,-1.));
#3134=DIRECTION('ref_axis',(-1.,0.,0.));
#3135=DIRECTION('center_axis',(0.,0.,1.));
#3136=DIRECTION('ref_axis',(-1.,0.,0.));
#3137=DIRECTION('center_axis',(0.,0.,-1.));
#3138=DIRECTION('ref_axis',(-1.,0.,0.));
#3139=DIRECTION('center_axis',(0.,0.,1.));
#3140=DIRECTION('ref_axis',(-1.,0.,0.));
#3141=DIRECTION('',(0.,0.,-1.));
#3142=DIRECTION('center_axis',(0.,0.,-1.));
#3143=DIRECTION('ref_axis',(-1.,0.,0.));
#3144=DIRECTION('center_axis',(0.,0.,-1.));
#3145=DIRECTION('ref_axis',(-1.,0.,0.));
#3146=DIRECTION('',(0.,0.,-1.));
#3147=DIRECTION('center_axis',(0.,0.,-1.));
#3148=DIRECTION('ref_axis',(-1.,0.,0.));
#3149=DIRECTION('center_axis',(0.,0.,1.));
#3150=DIRECTION('ref_axis',(-1.,0.,0.));
#3151=DIRECTION('center_axis',(0.,0.,1.));
#3152=DIRECTION('ref_axis',(-1.,0.,0.));
#3153=DIRECTION('center_axis',(0.,0.,-1.));
#3154=DIRECTION('ref_axis',(-1.,0.,0.));
#3155=DIRECTION('center_axis',(0.,0.,-1.));
#3156=DIRECTION('ref_axis',(-1.,0.,0.));
#3157=DIRECTION('',(0.,0.,-1.));
#3158=DIRECTION('',(0.,0.,-1.));
#3159=DIRECTION('center_axis',(0.,0.,-1.));
#3160=DIRECTION('ref_axis',(-1.,0.,0.));
#3161=DIRECTION('',(0.,0.,-1.));
#3162=DIRECTION('center_axis',(0.,0.,-1.));
#3163=DIRECTION('ref_axis',(-1.,0.,0.));
#3164=DIRECTION('center_axis',(0.,0.,1.));
#3165=DIRECTION('ref_axis',(-1.,0.,0.));
#3166=DIRECTION('center_axis',(0.,0.,1.));
#3167=DIRECTION('ref_axis',(-1.,0.,0.));
#3168=DIRECTION('center_axis',(0.,0.,-1.));
#3169=DIRECTION('ref_axis',(-1.,0.,0.));
#3170=DIRECTION('',(0.,0.,-1.));
#3171=DIRECTION('center_axis',(0.,0.,-1.));
#3172=DIRECTION('ref_axis',(-1.,0.,0.));
#3173=DIRECTION('',(0.,0.,-1.));
#3174=DIRECTION('center_axis',(0.,0.,-1.));
#3175=DIRECTION('ref_axis',(-1.,0.,0.));
#3176=DIRECTION('',(0.,0.,-1.));
#3177=DIRECTION('center_axis',(0.,0.,-1.));
#3178=DIRECTION('ref_axis',(-1.,0.,0.));
#3179=DIRECTION('',(0.,0.,-1.));
#3180=DIRECTION('center_axis',(0.,0.,1.));
#3181=DIRECTION('ref_axis',(-1.,0.,0.));
#3182=DIRECTION('center_axis',(0.,0.,1.));
#3183=DIRECTION('ref_axis',(-1.,0.,0.));
#3184=DIRECTION('center_axis',(0.,0.,-1.));
#3185=DIRECTION('ref_axis',(-1.,0.,0.));
#3186=DIRECTION('',(0.,0.,-1.));
#3187=DIRECTION('center_axis',(0.,0.,-1.));
#3188=DIRECTION('ref_axis',(-1.,0.,0.));
#3189=DIRECTION('center_axis',(0.,0.,-1.));
#3190=DIRECTION('ref_axis',(-1.,0.,0.));
#3191=DIRECTION('center_axis',(0.,0.,1.));
#3192=DIRECTION('ref_axis',(-1.,0.,0.));
#3193=DIRECTION('center_axis',(0.,0.,1.));
#3194=DIRECTION('ref_axis',(-1.,0.,0.));
#3195=DIRECTION('center_axis',(0.,0.,-1.));
#3196=DIRECTION('ref_axis',(-1.,0.,0.));
#3197=DIRECTION('center_axis',(0.,0.,-1.));
#3198=DIRECTION('ref_axis',(-1.,0.,0.));
#3199=DIRECTION('',(0.,0.,-1.));
#3200=DIRECTION('',(0.,0.,-1.));
#3201=DIRECTION('center_axis',(0.,0.,-1.));
#3202=DIRECTION('ref_axis',(-1.,0.,0.));
#3203=DIRECTION('',(0.,0.,-1.));
#3204=DIRECTION('center_axis',(0.,0.,-1.));
#3205=DIRECTION('ref_axis',(-1.,0.,0.));
#3206=DIRECTION('center_axis',(0.,0.,1.));
#3207=DIRECTION('ref_axis',(-1.,0.,0.));
#3208=DIRECTION('center_axis',(0.,0.,1.));
#3209=DIRECTION('ref_axis',(-1.,0.,0.));
#3210=DIRECTION('center_axis',(0.,0.,-1.));
#3211=DIRECTION('ref_axis',(-1.,0.,0.));
#3212=DIRECTION('center_axis',(0.,0.,-1.));
#3213=DIRECTION('ref_axis',(-1.,0.,0.));
#3214=DIRECTION('',(0.,0.,-1.));
#3215=DIRECTION('',(0.,0.,-1.));
#3216=DIRECTION('center_axis',(0.,0.,-1.));
#3217=DIRECTION('ref_axis',(-1.,0.,0.));
#3218=DIRECTION('',(0.,0.,-1.));
#3219=DIRECTION('center_axis',(0.,0.,-1.));
#3220=DIRECTION('ref_axis',(-1.,0.,0.));
#3221=DIRECTION('center_axis',(0.,0.,1.));
#3222=DIRECTION('ref_axis',(-1.,0.,0.));
#3223=DIRECTION('center_axis',(0.,0.,1.));
#3224=DIRECTION('ref_axis',(-1.,0.,0.));
#3225=DIRECTION('center_axis',(0.,0.,1.));
#3226=DIRECTION('ref_axis',(-1.,0.,0.));
#3227=DIRECTION('center_axis',(0.,0.,1.));
#3228=DIRECTION('ref_axis',(-1.,0.,0.));
#3229=DIRECTION('center_axis',(0.,0.,1.));
#3230=DIRECTION('ref_axis',(-1.,0.,0.));
#3231=DIRECTION('center_axis',(0.,0.,1.));
#3232=DIRECTION('ref_axis',(-1.,0.,0.));
#3233=DIRECTION('center_axis',(0.,0.,-1.));
#3234=DIRECTION('ref_axis',(-1.,0.,0.));
#3235=DIRECTION('center_axis',(0.,0.,-1.));
#3236=DIRECTION('ref_axis',(-1.,0.,0.));
#3237=DIRECTION('',(0.,0.,-1.));
#3238=DIRECTION('',(0.,0.,-1.));
#3239=DIRECTION('center_axis',(0.,0.,-1.));
#3240=DIRECTION('ref_axis',(-1.,0.,0.));
#3241=DIRECTION('',(0.,0.,-1.));
#3242=DIRECTION('center_axis',(0.,0.,-1.));
#3243=DIRECTION('ref_axis',(-1.,0.,0.));
#3244=DIRECTION('center_axis',(0.,0.,1.));
#3245=DIRECTION('ref_axis',(-1.,0.,0.));
#3246=DIRECTION('center_axis',(0.,0.,1.));
#3247=DIRECTION('ref_axis',(-1.,0.,0.));
#3248=DIRECTION('center_axis',(0.,0.,1.));
#3249=DIRECTION('ref_axis',(-1.,0.,0.));
#3250=DIRECTION('center_axis',(0.,0.,1.));
#3251=DIRECTION('ref_axis',(-1.,0.,0.));
#3252=DIRECTION('center_axis',(0.,0.,1.));
#3253=DIRECTION('ref_axis',(-1.,0.,0.));
#3254=DIRECTION('center_axis',(0.,0.,1.));
#3255=DIRECTION('ref_axis',(-1.,0.,0.));
#3256=DIRECTION('center_axis',(0.,0.,-1.));
#3257=DIRECTION('ref_axis',(-1.,0.,0.));
#3258=DIRECTION('center_axis',(0.,0.,-1.));
#3259=DIRECTION('ref_axis',(-1.,0.,0.));
#3260=DIRECTION('',(0.,0.,-1.));
#3261=DIRECTION('',(0.,0.,-1.));
#3262=DIRECTION('center_axis',(0.,0.,-1.));
#3263=DIRECTION('ref_axis',(-1.,0.,0.));
#3264=DIRECTION('center_axis',(0.,0.,-1.));
#3265=DIRECTION('ref_axis',(-1.,0.,0.));
#3266=DIRECTION('center_axis',(0.,0.,1.));
#3267=DIRECTION('ref_axis',(-1.,0.,0.));
#3268=DIRECTION('center_axis',(0.,0.,1.));
#3269=DIRECTION('ref_axis',(-1.,0.,0.));
#3270=DIRECTION('center_axis',(0.,0.,-1.));
#3271=DIRECTION('ref_axis',(-1.,0.,0.));
#3272=DIRECTION('center_axis',(0.,0.,1.));
#3273=DIRECTION('ref_axis',(-1.,0.,0.));
#3274=DIRECTION('center_axis',(0.,0.,-1.));
#3275=DIRECTION('ref_axis',(-1.,0.,0.));
#3276=DIRECTION('center_axis',(0.,0.,1.));
#3277=DIRECTION('ref_axis',(-1.,0.,0.));
#3278=DIRECTION('center_axis',(0.,0.,-1.));
#3279=DIRECTION('ref_axis',(-1.,0.,0.));
#3280=DIRECTION('center_axis',(0.,0.,1.));
#3281=DIRECTION('ref_axis',(-1.,0.,0.));
#3282=DIRECTION('center_axis',(0.,0.,-1.));
#3283=DIRECTION('ref_axis',(-1.,0.,0.));
#3284=DIRECTION('center_axis',(0.,0.,1.));
#3285=DIRECTION('ref_axis',(-1.,0.,0.));
#3286=DIRECTION('center_axis',(0.,0.,-1.));
#3287=DIRECTION('ref_axis',(-1.,0.,0.));
#3288=DIRECTION('center_axis',(0.,0.,1.));
#3289=DIRECTION('ref_axis',(-1.,0.,0.));
#3290=DIRECTION('center_axis',(0.,0.,-1.));
#3291=DIRECTION('ref_axis',(-1.,0.,0.));
#3292=DIRECTION('center_axis',(0.,0.,1.));
#3293=DIRECTION('ref_axis',(-1.,0.,0.));
#3294=DIRECTION('center_axis',(0.,0.,1.));
#3295=DIRECTION('ref_axis',(-1.,0.,0.));
#3296=DIRECTION('center_axis',(0.,0.,1.));
#3297=DIRECTION('ref_axis',(-1.,0.,0.));
#3298=DIRECTION('center_axis',(0.,0.,-1.));
#3299=DIRECTION('ref_axis',(-1.,0.,0.));
#3300=DIRECTION('center_axis',(0.,0.,1.));
#3301=DIRECTION('ref_axis',(-2.96059473233375E-16,1.,0.));
#3302=DIRECTION('',(0.,0.,1.));
#3303=DIRECTION('center_axis',(0.,0.,1.));
#3304=DIRECTION('ref_axis',(-2.96059473233375E-16,1.,0.));
#3305=DIRECTION('',(0.,0.,1.));
#3306=DIRECTION('center_axis',(0.,1.,0.));
#3307=DIRECTION('ref_axis',(-1.,0.,0.));
#3308=DIRECTION('',(0.,0.,1.));
#3309=DIRECTION('',(-1.,0.,0.));
#3310=DIRECTION('center_axis',(0.,0.,1.));
#3311=DIRECTION('ref_axis',(1.,-2.96059473233375E-16,0.));
#3312=DIRECTION('',(0.,0.,1.));
#3313=DIRECTION('center_axis',(0.,0.,1.));
#3314=DIRECTION('ref_axis',(1.,-2.96059473233375E-16,0.));
#3315=DIRECTION('center_axis',(1.,0.,0.));
#3316=DIRECTION('ref_axis',(0.,1.,0.));
#3317=DIRECTION('',(0.,0.,1.));
#3318=DIRECTION('',(0.,1.,0.));
#3319=DIRECTION('center_axis',(0.,0.,1.));
#3320=DIRECTION('ref_axis',(-1.,0.,0.));
#3321=DIRECTION('',(0.,0.,-1.));
#3322=DIRECTION('center_axis',(0.,0.,-1.));
#3323=DIRECTION('ref_axis',(-1.,0.,0.));
#3324=DIRECTION('center_axis',(0.,0.,1.));
#3325=DIRECTION('ref_axis',(-1.,0.,0.));
#3326=DIRECTION('',(0.,0.,-1.));
#3327=DIRECTION('center_axis',(0.,0.,-1.));
#3328=DIRECTION('ref_axis',(-1.,0.,0.));
#3329=DIRECTION('center_axis',(0.,0.,1.));
#3330=DIRECTION('ref_axis',(-1.,0.,0.));
#3331=DIRECTION('',(0.,0.,-1.));
#3332=DIRECTION('center_axis',(0.,0.,-1.));
#3333=DIRECTION('ref_axis',(-1.,0.,0.));
#3334=DIRECTION('center_axis',(0.,0.,1.));
#3335=DIRECTION('ref_axis',(-1.,0.,0.));
#3336=DIRECTION('',(0.,0.,-1.));
#3337=DIRECTION('center_axis',(0.,0.,-1.));
#3338=DIRECTION('ref_axis',(-1.,0.,0.));
#3339=DIRECTION('center_axis',(0.,0.,1.));
#3340=DIRECTION('ref_axis',(-1.,0.,0.));
#3341=DIRECTION('',(0.,0.,-1.));
#3342=DIRECTION('center_axis',(0.,0.,-1.));
#3343=DIRECTION('ref_axis',(-1.,0.,0.));
#3344=DIRECTION('center_axis',(0.,0.,1.));
#3345=DIRECTION('ref_axis',(-1.,0.,0.));
#3346=DIRECTION('',(0.,0.,-1.));
#3347=DIRECTION('center_axis',(0.,0.,-1.));
#3348=DIRECTION('ref_axis',(-1.,0.,0.));
#3349=DIRECTION('center_axis',(0.,0.,1.));
#3350=DIRECTION('ref_axis',(-1.,0.,0.));
#3351=DIRECTION('',(0.,0.,-1.));
#3352=DIRECTION('center_axis',(0.,0.,-1.));
#3353=DIRECTION('ref_axis',(-1.,0.,0.));
#3354=DIRECTION('center_axis',(0.,0.,1.));
#3355=DIRECTION('ref_axis',(-1.,0.,0.));
#3356=DIRECTION('',(0.,0.,-1.));
#3357=DIRECTION('center_axis',(0.,0.,-1.));
#3358=DIRECTION('ref_axis',(-1.,0.,0.));
#3359=DIRECTION('center_axis',(0.,0.,1.));
#3360=DIRECTION('ref_axis',(-0.866025403784438,0.5,0.));
#3361=DIRECTION('',(0.,0.,-1.));
#3362=DIRECTION('center_axis',(0.,0.,-1.));
#3363=DIRECTION('ref_axis',(-1.,0.,0.));
#3364=DIRECTION('center_axis',(0.,0.,1.));
#3365=DIRECTION('ref_axis',(-1.,0.,0.));
#3366=DIRECTION('',(0.,0.,-1.));
#3367=DIRECTION('center_axis',(0.,0.,-1.));
#3368=DIRECTION('ref_axis',(-1.,0.,0.));
#3369=DIRECTION('center_axis',(0.,0.,1.));
#3370=DIRECTION('ref_axis',(-1.,0.,0.));
#3371=DIRECTION('',(0.,0.,-1.));
#3372=DIRECTION('center_axis',(0.,0.,-1.));
#3373=DIRECTION('ref_axis',(-1.,0.,0.));
#3374=DIRECTION('center_axis',(0.,0.,1.));
#3375=DIRECTION('ref_axis',(-1.,0.,0.));
#3376=DIRECTION('',(0.,0.,-1.));
#3377=DIRECTION('center_axis',(0.,0.,-1.));
#3378=DIRECTION('ref_axis',(-1.,0.,0.));
#3379=DIRECTION('center_axis',(0.,0.,1.));
#3380=DIRECTION('ref_axis',(-1.,0.,0.));
#3381=DIRECTION('',(0.,0.,-1.));
#3382=DIRECTION('center_axis',(0.,0.,-1.));
#3383=DIRECTION('ref_axis',(-1.,0.,0.));
#3384=DIRECTION('center_axis',(0.,0.,1.));
#3385=DIRECTION('ref_axis',(-1.,0.,0.));
#3386=DIRECTION('',(0.,0.,-1.));
#3387=DIRECTION('center_axis',(0.,0.,-1.));
#3388=DIRECTION('ref_axis',(-1.,0.,0.));
#3389=DIRECTION('center_axis',(0.,0.,1.));
#3390=DIRECTION('ref_axis',(-1.,0.,0.));
#3391=DIRECTION('',(0.,0.,-1.));
#3392=DIRECTION('center_axis',(0.,0.,-1.));
#3393=DIRECTION('ref_axis',(-1.,0.,0.));
#3394=DIRECTION('center_axis',(0.,0.,1.));
#3395=DIRECTION('ref_axis',(-1.,0.,0.));
#3396=DIRECTION('',(0.,0.,-1.));
#3397=DIRECTION('center_axis',(0.,0.,-1.));
#3398=DIRECTION('ref_axis',(-1.,0.,0.));
#3399=DIRECTION('center_axis',(0.,0.,1.));
#3400=DIRECTION('ref_axis',(-1.,0.,0.));
#3401=DIRECTION('',(0.,0.,-1.));
#3402=DIRECTION('center_axis',(0.,0.,-1.));
#3403=DIRECTION('ref_axis',(-1.,0.,0.));
#3404=DIRECTION('center_axis',(0.,0.,1.));
#3405=DIRECTION('ref_axis',(2.96059473233375E-16,-1.,0.));
#3406=DIRECTION('',(0.,0.,1.));
#3407=DIRECTION('center_axis',(0.,0.,1.));
#3408=DIRECTION('ref_axis',(2.96059473233375E-16,-1.,0.));
#3409=DIRECTION('center_axis',(0.,-1.,0.));
#3410=DIRECTION('ref_axis',(1.,0.,0.));
#3411=DIRECTION('',(0.,0.,1.));
#3412=DIRECTION('',(1.,0.,0.));
#3413=DIRECTION('center_axis',(0.,0.,1.));
#3414=DIRECTION('ref_axis',(-1.,2.96059473233375E-16,0.));
#3415=DIRECTION('',(0.,0.,1.));
#3416=DIRECTION('center_axis',(0.,0.,1.));
#3417=DIRECTION('ref_axis',(-1.,2.96059473233375E-16,0.));
#3418=DIRECTION('center_axis',(-1.,0.,0.));
#3419=DIRECTION('ref_axis',(0.,-1.,0.));
#3420=DIRECTION('',(0.,-1.,0.));
#3421=DIRECTION('center_axis',(0.,0.,1.));
#3422=DIRECTION('ref_axis',(-1.,0.,0.));
#3423=CARTESIAN_POINT('',(0.,0.,0.));
#3424=CARTESIAN_POINT('Origin',(-27.7128133340551,16.0000002384186,6.5));
#3425=CARTESIAN_POINT('',(-24.7128133340551,16.0000002384186,6.5));
#3426=CARTESIAN_POINT('',(-24.7128133340551,16.0000002384186,3.5));
#3427=CARTESIAN_POINT('',(-24.7128133340551,16.0000002384186,6.5));
#3428=CARTESIAN_POINT('',(-30.3108895454084,17.5000002384186,6.5));
#3429=CARTESIAN_POINT('Origin',(-27.7128133340551,16.0000002384186,6.5));
#3430=CARTESIAN_POINT('',(-30.3108895454084,17.5000002384186,3.5));
#3431=CARTESIAN_POINT('',(-30.3108895454084,17.5000002384186,6.5));
#3432=CARTESIAN_POINT('Origin',(-27.7128133340551,16.0000002384186,3.5));
#3433=CARTESIAN_POINT('Origin',(0.,32.0000004768372,6.5));
#3434=CARTESIAN_POINT('',(3.,32.0000004768372,6.5));
#3435=CARTESIAN_POINT('',(3.,32.0000004768372,3.5));
#3436=CARTESIAN_POINT('',(3.,32.0000004768372,6.5));
#3437=CARTESIAN_POINT('',(0.,35.0000004768372,6.5));
#3438=CARTESIAN_POINT('Origin',(0.,32.0000004768372,6.5));
#3439=CARTESIAN_POINT('',(0.,35.0000004768372,3.5));
#3440=CARTESIAN_POINT('',(0.,35.0000004768372,6.5));
#3441=CARTESIAN_POINT('Origin',(0.,32.0000004768372,3.5));
#3442=CARTESIAN_POINT('Origin',(16.0000002384186,27.7128133340551,6.5));
#3443=CARTESIAN_POINT('',(19.0000002384186,27.7128133340551,6.5));
#3444=CARTESIAN_POINT('',(19.0000002384186,27.7128133340551,3.5));
#3445=CARTESIAN_POINT('',(19.0000002384186,27.7128133340551,6.5));
#3446=CARTESIAN_POINT('',(17.5000002384186,30.3108895454084,6.5));
#3447=CARTESIAN_POINT('Origin',(16.0000002384186,27.7128133340551,6.5));
#3448=CARTESIAN_POINT('',(17.5000002384186,30.3108895454084,3.5));
#3449=CARTESIAN_POINT('',(17.5000002384186,30.3108895454084,6.5));
#3450=CARTESIAN_POINT('Origin',(16.0000002384186,27.7128133340551,3.5));
#3451=CARTESIAN_POINT('Origin',(-16.0000002384186,27.7128133340551,6.5));
#3452=CARTESIAN_POINT('',(-13.0000002384186,27.7128133340551,6.5));
#3453=CARTESIAN_POINT('',(-13.0000002384186,27.7128133340551,3.5));
#3454=CARTESIAN_POINT('',(-13.0000002384186,27.7128133340551,6.5));
#3455=CARTESIAN_POINT('',(-17.5000002384186,30.3108895454084,6.5));
#3456=CARTESIAN_POINT('Origin',(-16.0000002384186,27.7128133340551,6.5));
#3457=CARTESIAN_POINT('',(-17.5000002384186,30.3108895454084,3.5));
#3458=CARTESIAN_POINT('',(-17.5000002384186,30.3108895454084,6.5));
#3459=CARTESIAN_POINT('Origin',(-16.0000002384186,27.7128133340551,3.5));
#3460=CARTESIAN_POINT('Origin',(-32.0000004768372,-7.10542746348012E-15,
6.5));
#3461=CARTESIAN_POINT('',(-29.0000004768372,-7.47282150322433E-15,6.5));
#3462=CARTESIAN_POINT('',(-29.0000004768372,-6.43929364870503E-15,5.5));
#3463=CARTESIAN_POINT('',(-29.0000004768372,-7.47282150322433E-15,6.5));
#3464=CARTESIAN_POINT('',(-35.0000004768372,-7.77156127825521E-15,6.5));
#3465=CARTESIAN_POINT('Origin',(-32.0000004768372,-7.10542746348012E-15,
6.5));
#3466=CARTESIAN_POINT('',(-35.0000004768372,-7.77156127825521E-15,3.5));
#3467=CARTESIAN_POINT('',(-35.0000004768372,-7.77156127825521E-15,6.5));
#3468=CARTESIAN_POINT('',(-29.0000004768372,-6.73803342373591E-15,3.5));
#3469=CARTESIAN_POINT('Origin',(-32.0000004768372,-7.10542746348012E-15,
3.5));
#3470=CARTESIAN_POINT('',(-29.0000004768372,-6.43929364870503E-15,6.5));
#3471=CARTESIAN_POINT('Origin',(27.7128133340551,16.0000002384186,6.5));
#3472=CARTESIAN_POINT('',(30.7128133340551,16.0000002384186,6.5));
#3473=CARTESIAN_POINT('',(30.7128133340551,16.0000002384186,3.5));
#3474=CARTESIAN_POINT('',(30.7128133340551,16.0000002384186,6.5));
#3475=CARTESIAN_POINT('',(30.3108895454085,17.5000002384186,6.5));
#3476=CARTESIAN_POINT('Origin',(27.7128133340551,16.0000002384186,6.5));
#3477=CARTESIAN_POINT('',(30.3108895454085,17.5000002384186,3.5));
#3478=CARTESIAN_POINT('',(30.3108895454085,17.5000002384186,6.5));
#3479=CARTESIAN_POINT('Origin',(27.7128133340551,16.0000002384186,3.5));
#3480=CARTESIAN_POINT('Origin',(27.7128133340551,-16.0000002384186,6.5));
#3481=CARTESIAN_POINT('',(30.7128133340551,-16.0000002384186,6.5));
#3482=CARTESIAN_POINT('',(30.7128133340551,-16.0000002384186,3.5));
#3483=CARTESIAN_POINT('',(30.7128133340551,-16.0000002384186,6.5));
#3484=CARTESIAN_POINT('',(30.3108895454084,-17.5000002384186,6.5));
#3485=CARTESIAN_POINT('Origin',(27.7128133340551,-16.0000002384186,6.5));
#3486=CARTESIAN_POINT('',(30.3108895454084,-17.5000002384186,3.5));
#3487=CARTESIAN_POINT('',(30.3108895454084,-17.5000002384186,6.5));
#3488=CARTESIAN_POINT('',(25.1147371227018,-14.5000002384186,3.5));
#3489=CARTESIAN_POINT('Origin',(27.7128133340551,-16.0000002384186,3.5));
#3490=CARTESIAN_POINT('',(25.1147371227018,-14.5000002384186,5.5));
#3491=CARTESIAN_POINT('',(25.1147371227018,-14.5000002384186,6.5));
#3492=CARTESIAN_POINT('',(25.1147371227018,-14.5000002384186,6.5));
#3493=CARTESIAN_POINT('Origin',(27.7128133340551,-16.0000002384186,3.5));
#3494=CARTESIAN_POINT('Origin',(-27.7128133340551,-16.0000002384186,6.5));
#3495=CARTESIAN_POINT('',(-24.7128133340551,-16.0000002384186,6.5));
#3496=CARTESIAN_POINT('',(-24.7128133340551,-16.0000002384186,3.5));
#3497=CARTESIAN_POINT('',(-24.7128133340551,-16.0000002384186,6.5));
#3498=CARTESIAN_POINT('',(-30.3108895454085,-17.5000002384186,6.5));
#3499=CARTESIAN_POINT('Origin',(-27.7128133340551,-16.0000002384186,6.5));
#3500=CARTESIAN_POINT('',(-30.3108895454085,-17.5000002384186,3.5));
#3501=CARTESIAN_POINT('',(-30.3108895454085,-17.5000002384186,6.5));
#3502=CARTESIAN_POINT('',(-25.1147371227018,-14.5000002384186,3.5));
#3503=CARTESIAN_POINT('Origin',(-27.7128133340551,-16.0000002384186,3.5));
#3504=CARTESIAN_POINT('',(-25.1147371227018,-14.5000002384186,5.5));
#3505=CARTESIAN_POINT('',(-25.1147371227018,-14.5000002384186,6.5));
#3506=CARTESIAN_POINT('',(-25.1147371227018,-14.5000002384186,6.5));
#3507=CARTESIAN_POINT('Origin',(-27.7128133340551,-16.0000002384186,3.5));
#3508=CARTESIAN_POINT('Origin',(-16.0000002384186,-27.7128133340551,6.5));
#3509=CARTESIAN_POINT('',(-13.0000002384186,-27.7128133340551,6.5));
#3510=CARTESIAN_POINT('',(-13.0000002384186,-27.7128133340551,3.5));
#3511=CARTESIAN_POINT('',(-13.0000002384186,-27.7128133340551,6.5));
#3512=CARTESIAN_POINT('',(-17.5000002384186,-30.3108895454084,6.5));
#3513=CARTESIAN_POINT('Origin',(-16.0000002384186,-27.7128133340551,6.5));
#3514=CARTESIAN_POINT('',(-17.5000002384186,-30.3108895454084,3.5));
#3515=CARTESIAN_POINT('',(-17.5000002384186,-30.3108895454084,6.5));
#3516=CARTESIAN_POINT('',(-14.5000002384186,-25.1147371227018,3.5));
#3517=CARTESIAN_POINT('Origin',(-16.0000002384186,-27.7128133340551,3.5));
#3518=CARTESIAN_POINT('',(-14.5000002384186,-25.1147371227018,5.5));
#3519=CARTESIAN_POINT('',(-14.5000002384186,-25.1147371227018,6.5));
#3520=CARTESIAN_POINT('',(-14.5000002384186,-25.1147371227018,6.5));
#3521=CARTESIAN_POINT('Origin',(-16.0000002384186,-27.7128133340551,3.5));
#3522=CARTESIAN_POINT('Origin',(-3.91886981566724E-15,-32.0000004768372,
6.5));
#3523=CARTESIAN_POINT('',(3.,-32.0000004768372,6.5));
#3524=CARTESIAN_POINT('',(3.,-32.0000004768372,3.5));
#3525=CARTESIAN_POINT('',(3.,-32.0000004768372,6.5));
#3526=CARTESIAN_POINT('',(-4.28626385541145E-15,-35.0000004768372,6.5));
#3527=CARTESIAN_POINT('Origin',(-3.91886981566724E-15,-32.0000004768372,
6.5));
#3528=CARTESIAN_POINT('',(-4.28626385541145E-15,-35.0000004768372,3.5));
#3529=CARTESIAN_POINT('',(-4.28626385541145E-15,-35.0000004768372,6.5));
#3530=CARTESIAN_POINT('',(-3.55147577592303E-15,-29.0000004768372,3.5));
#3531=CARTESIAN_POINT('Origin',(-3.91886981566724E-15,-32.0000004768372,
3.5));
#3532=CARTESIAN_POINT('',(-3.55147577592303E-15,-29.0000004768372,5.5));
#3533=CARTESIAN_POINT('',(-3.55147577592303E-15,-29.0000004768372,6.5));
#3534=CARTESIAN_POINT('',(-3.55147577592303E-15,-29.0000004768372,6.5));
#3535=CARTESIAN_POINT('Origin',(-3.91886981566724E-15,-32.0000004768372,
3.5));
#3536=CARTESIAN_POINT('Origin',(16.0000002384186,-27.7128133340551,6.5));
#3537=CARTESIAN_POINT('',(19.0000002384186,-27.7128133340551,6.5));
#3538=CARTESIAN_POINT('',(19.0000002384186,-27.7128133340551,3.5));
#3539=CARTESIAN_POINT('',(19.0000002384186,-27.7128133340551,6.5));
#3540=CARTESIAN_POINT('',(17.5000002384186,-30.3108895454085,6.5));
#3541=CARTESIAN_POINT('Origin',(16.0000002384186,-27.7128133340551,6.5));
#3542=CARTESIAN_POINT('',(17.5000002384186,-30.3108895454085,3.5));
#3543=CARTESIAN_POINT('',(17.5000002384186,-30.3108895454085,6.5));
#3544=CARTESIAN_POINT('',(14.5000002384186,-25.1147371227018,3.5));
#3545=CARTESIAN_POINT('Origin',(16.0000002384186,-27.7128133340551,3.5));
#3546=CARTESIAN_POINT('',(14.5000002384186,-25.1147371227018,5.5));
#3547=CARTESIAN_POINT('',(14.5000002384186,-25.1147371227018,6.5));
#3548=CARTESIAN_POINT('',(14.5000002384186,-25.1147371227018,6.5));
#3549=CARTESIAN_POINT('Origin',(16.0000002384186,-27.7128133340551,3.5));
#3550=CARTESIAN_POINT('Origin',(0.,0.,19.5));
#3551=CARTESIAN_POINT('',(38.6514382247251,10.2988505747126,19.5));
#3552=CARTESIAN_POINT('',(42.1153737399353,14.3,19.4999996997));
#3553=CARTESIAN_POINT('Origin',(42.1153737399353,10.8,19.5));
#3554=CARTESIAN_POINT('',(42.0334390693885,7.7,19.4999996997));
#3555=CARTESIAN_POINT('Origin',(42.0334390693885,11.2,19.5));
#3556=CARTESIAN_POINT('',(48.4520632403,7.7,19.4999996997));
#3557=CARTESIAN_POINT('',(17.0712537200409,7.7,19.5));
#3558=CARTESIAN_POINT('',(48.4520632403,14.3,19.4999996997));
#3559=CARTESIAN_POINT('',(48.4520632403,3.85,19.5));
#3560=CARTESIAN_POINT('',(24.22603162015,14.3,19.5));
#3561=CARTESIAN_POINT('',(44.052063240299,11.0050166143016,19.5));
#3562=CARTESIAN_POINT('Origin',(44.952063240299,11.0050166143016,19.5));
#3563=CARTESIAN_POINT('Origin',(0.,0.,19.5));
#3564=CARTESIAN_POINT('',(-42.1153737399353,14.3,19.4999996997));
#3565=CARTESIAN_POINT('',(-38.6514382247251,10.2988505747126,19.5));
#3566=CARTESIAN_POINT('Origin',(-42.1153737399353,10.8,19.5));
#3567=CARTESIAN_POINT('',(-51.5479367597,14.3,19.4999996997));
#3568=CARTESIAN_POINT('',(-15.9727056139255,14.3,19.5));
#3569=CARTESIAN_POINT('',(-51.5479367597,7.7,19.4999996997));
#3570=CARTESIAN_POINT('',(-51.5479367597,7.15,19.5));
#3571=CARTESIAN_POINT('',(-42.0334390693885,7.7,19.4999996997));
#3572=CARTESIAN_POINT('',(-25.77396837985,7.7,19.5));
#3573=CARTESIAN_POINT('Origin',(-42.0334390693885,11.2,19.5));
#3574=CARTESIAN_POINT('',(-45.852063240299,11.0050166143016,19.5));
#3575=CARTESIAN_POINT('Origin',(-44.952063240299,11.0050166143016,19.5));
#3576=CARTESIAN_POINT('Origin',(0.,0.,19.5));
#3577=CARTESIAN_POINT('',(-38.6514381078925,-10.2988510131836,19.5));
#3578=CARTESIAN_POINT('',(-42.115373617552,-14.3000004768372,19.4999996997));
#3579=CARTESIAN_POINT('Origin',(-42.115373617552,-10.8000004768372,19.5));
#3580=CARTESIAN_POINT('',(-42.0334389423331,-7.70000047683716,19.4999996997));
#3581=CARTESIAN_POINT('Origin',(-42.0334389423331,-11.2000004768372,19.5));
#3582=CARTESIAN_POINT('',(-51.5479367597,-7.70000047683716,19.4999996997));
#3583=CARTESIAN_POINT('',(-17.0712422759491,-7.70000047683716,19.5));
#3584=CARTESIAN_POINT('',(-51.5479367597,-14.3000004768372,19.4999996997));
#3585=CARTESIAN_POINT('',(-51.5479367597,-3.85000023841858,19.5));
#3586=CARTESIAN_POINT('',(-25.77396837985,-14.3000004768372,19.5));
#3587=CARTESIAN_POINT('',(-45.852063240299,-11.,19.5));
#3588=CARTESIAN_POINT('Origin',(-44.952063240299,-11.,19.5));
#3589=CARTESIAN_POINT('Origin',(0.,0.,19.5));
#3590=CARTESIAN_POINT('',(42.115373617552,-14.3000004768372,19.4999996997));
#3591=CARTESIAN_POINT('',(38.6514381078925,-10.2988510131836,19.5));
#3592=CARTESIAN_POINT('Origin',(42.115373617552,-10.8000004768372,19.5));
#3593=CARTESIAN_POINT('',(48.4520632403,-14.3000004768372,19.4999996997));
#3594=CARTESIAN_POINT('',(15.9727170580173,-14.3000004768372,19.5));
#3595=CARTESIAN_POINT('',(48.4520632403,-7.70000047683716,19.4999996997));
#3596=CARTESIAN_POINT('',(48.4520632403,-7.15000023841858,19.5));
#3597=CARTESIAN_POINT('',(42.0334389423331,-7.70000047683716,19.4999996997));
#3598=CARTESIAN_POINT('',(24.22603162015,-7.70000047683716,19.5));
#3599=CARTESIAN_POINT('Origin',(42.0334389423331,-11.2000004768372,19.5));
#3600=CARTESIAN_POINT('',(44.052063240299,-11.,19.5));
#3601=CARTESIAN_POINT('Origin',(44.952063240299,-11.,19.5));
#3602=CARTESIAN_POINT('Origin',(48.4520632403,7.7,3.4999367597));
#3603=CARTESIAN_POINT('',(48.4520632403,7.7,10.9393262857916));
#3604=CARTESIAN_POINT('',(48.4520632403,7.7,3.4999367597));
#3605=CARTESIAN_POINT('',(48.4520632403,14.3,10.9393262857916));
#3606=CARTESIAN_POINT('',(48.4520632403,-10.5,10.9393262857916));
#3607=CARTESIAN_POINT('',(48.4520632403,14.3,3.4999367597));
#3608=CARTESIAN_POINT('Origin',(34.1425074400819,7.7,3.4999367597));
#3609=CARTESIAN_POINT('',(42.0334390693885,7.7,6.5));
#3610=CARTESIAN_POINT('',(42.0334390693885,7.7,8.5));
#3611=CARTESIAN_POINT('',(34.1425074400819,7.7,6.5));
#3612=CARTESIAN_POINT('',(34.8705819830292,7.7,6.5));
#3613=CARTESIAN_POINT('',(34.1425074400819,7.7,3.5));
#3614=CARTESIAN_POINT('',(34.1425074400819,7.7,3.4999367597));
#3615=CARTESIAN_POINT('',(55.,7.7,3.5));
#3616=CARTESIAN_POINT('',(17.0712537200409,7.7,3.5));
#3617=CARTESIAN_POINT('Origin',(55.9520632403,7.7,10.9393262857916));
#3618=CARTESIAN_POINT('Origin',(-51.5479367597,7.7,3.4999367597));
#3619=CARTESIAN_POINT('',(-51.5479367597,7.7,9.81381089275482));
#3620=CARTESIAN_POINT('',(-51.5479367597,7.7,3.4999367597));
#3621=CARTESIAN_POINT('',(-55.,7.7,3.5));
#3622=CARTESIAN_POINT('Origin',(-59.0479367597,7.7,9.81381089275482));
#3623=CARTESIAN_POINT('',(-34.1424960497595,7.7,3.5));
#3624=CARTESIAN_POINT('',(-25.77396837985,7.7,3.5));
#3625=CARTESIAN_POINT('',(-34.1424845518983,7.7,6.5));
#3626=CARTESIAN_POINT('',(-34.1424960497595,7.7,6.5));
#3627=CARTESIAN_POINT('',(-42.0334390693885,7.7,6.5));
#3628=CARTESIAN_POINT('',(-26.8369379834445,7.7,6.5));
#3629=CARTESIAN_POINT('',(-42.0334390693885,7.7,8.5));
#3630=CARTESIAN_POINT('Origin',(-51.5479367597,14.3,3.4999367597));
#3631=CARTESIAN_POINT('',(-51.5479367597,14.3,9.81381089275482));
#3632=CARTESIAN_POINT('',(-51.5479367597,14.3,3.4999367597));
#3633=CARTESIAN_POINT('',(-51.5479367597,10.5,9.81381089275482));
#3634=CARTESIAN_POINT('Origin',(-51.5479367597,-7.70000047683716,3.4999367597));
#3635=CARTESIAN_POINT('',(-51.5479367597,-7.70000047683716,9.81381089275482));
#3636=CARTESIAN_POINT('',(-51.5479367597,-7.70000047683716,3.4999367597));
#3637=CARTESIAN_POINT('',(-51.5479367597,-14.3000004768372,9.81381089275482));
#3638=CARTESIAN_POINT('',(-51.5479367597,10.5,9.81381089275482));
#3639=CARTESIAN_POINT('',(-51.5479367597,-14.3000004768372,3.4999367597));
#3640=CARTESIAN_POINT('Origin',(-34.1424845518983,-7.70000047683716,3.4999367597));
#3641=CARTESIAN_POINT('',(-42.0334389423331,-7.70000047683716,6.5));
#3642=CARTESIAN_POINT('',(-42.0334389423331,-7.70000047683716,8.5));
#3643=CARTESIAN_POINT('',(-34.1424959422206,-7.70000047683716,6.5));
#3644=CARTESIAN_POINT('',(-18.1342118795436,-7.70000047683716,6.5));
#3645=CARTESIAN_POINT('',(-34.1424959422206,-7.70000047683716,3.5));
#3646=CARTESIAN_POINT('',(-34.1424959422206,-7.70000047683716,6.5));
#3647=CARTESIAN_POINT('',(-55.,-7.70000047683716,3.5));
#3648=CARTESIAN_POINT('',(-17.0712422759491,-7.70000047683716,3.5));
#3649=CARTESIAN_POINT('Origin',(-59.0479367597,-7.70000047683716,9.81381089275482));
#3650=CARTESIAN_POINT('Origin',(48.4520632403,-7.70000047683716,3.4999367597));
#3651=CARTESIAN_POINT('',(48.4520632403,-7.70000047683716,10.9393262857916));
#3652=CARTESIAN_POINT('',(48.4520632403,-7.70000047683716,3.4999367597));
#3653=CARTESIAN_POINT('',(55.,-7.70000047683716,3.5));
#3654=CARTESIAN_POINT('Origin',(55.9520632403,-7.70000047683716,10.9393262857916));
#3655=CARTESIAN_POINT('',(34.1425074400819,-7.70000047683716,3.5));
#3656=CARTESIAN_POINT('',(24.22603162015,-7.70000047683716,3.5));
#3657=CARTESIAN_POINT('',(34.1425074400819,-7.70000047683716,6.5));
#3658=CARTESIAN_POINT('',(34.1425074400819,-7.70000047683716,3.4999367597));
#3659=CARTESIAN_POINT('',(42.0334389423331,-7.70000047683716,6.5));
#3660=CARTESIAN_POINT('',(42.0253598597531,-7.70000047683716,6.5));
#3661=CARTESIAN_POINT('',(42.0334389423331,-7.70000047683716,8.5));
#3662=CARTESIAN_POINT('Origin',(48.4520632403,-14.3000004768372,3.4999367597));
#3663=CARTESIAN_POINT('',(48.4520632403,-14.3000004768372,10.9393262857916));
#3664=CARTESIAN_POINT('',(48.4520632403,-14.3000004768372,3.4999367597));
#3665=CARTESIAN_POINT('',(48.4520632403,-10.5,10.9393262857916));
#3666=CARTESIAN_POINT('Origin',(-44.952063240299,11.0050166143016,1.5));
#3667=CARTESIAN_POINT('',(-45.852063240299,11.0050166143016,1.5));
#3668=CARTESIAN_POINT('',(-45.852063240299,11.0050166143016,1.5));
#3669=CARTESIAN_POINT('Origin',(-44.952063240299,11.0050166143016,1.5));
#3670=CARTESIAN_POINT('Origin',(-44.952063240299,-11.,1.5));
#3671=CARTESIAN_POINT('',(-45.852063240299,-11.,1.5));
#3672=CARTESIAN_POINT('',(-45.852063240299,-11.,1.5));
#3673=CARTESIAN_POINT('Origin',(-44.952063240299,-11.,1.5));
#3674=CARTESIAN_POINT('Origin',(44.952063240299,11.0050166143016,1.5));
#3675=CARTESIAN_POINT('',(44.052063240299,11.0050166143016,1.5));
#3676=CARTESIAN_POINT('',(44.052063240299,11.0050166143016,1.5));
#3677=CARTESIAN_POINT('Origin',(44.952063240299,11.0050166143016,1.5));
#3678=CARTESIAN_POINT('Origin',(44.952063240299,-11.,1.5));
#3679=CARTESIAN_POINT('',(44.052063240299,-11.,1.5));
#3680=CARTESIAN_POINT('',(44.052063240299,-11.,1.5));
#3681=CARTESIAN_POINT('Origin',(44.952063240299,-11.,1.5));
#3682=CARTESIAN_POINT('Origin',(24.22603162015,16.3,5.5));
#3683=CARTESIAN_POINT('',(55.,16.3,3.5));
#3684=CARTESIAN_POINT('',(50.7883698376378,14.3,5.5));
#3685=CARTESIAN_POINT('Ctrl Pts',(50.7883698376378,14.3,5.5));
#3686=CARTESIAN_POINT('Ctrl Pts',(51.153088820618,14.3,5.15376281780336));
#3687=CARTESIAN_POINT('Ctrl Pts',(51.5771418925728,14.3918440585143,4.82524076985688));
#3688=CARTESIAN_POINT('Ctrl Pts',(52.4654402255486,14.6861486869968,4.27858811461383));
#3689=CARTESIAN_POINT('Ctrl Pts',(52.9298229187889,14.8873768465326,4.06001812302932));
#3690=CARTESIAN_POINT('Ctrl Pts',(53.7757352679618,15.3015959726002,3.74827405757963));
#3691=CARTESIAN_POINT('Ctrl Pts',(54.2847920346387,15.5627186820167,3.61654940754433));
#3692=CARTESIAN_POINT('Ctrl Pts',(54.7449351069208,15.9140444473608,3.53671692084656));
#3693=CARTESIAN_POINT('Ctrl Pts',(54.824083525028,15.980219268781,3.5243577952102));
#3694=CARTESIAN_POINT('Ctrl Pts',(54.9191001940205,16.0898343613534,3.51073216287775));
#3695=CARTESIAN_POINT('Ctrl Pts',(54.9466183873703,16.1280351399631,3.50699670404712));
#3696=CARTESIAN_POINT('Ctrl Pts',(54.9870996446295,16.2093108028325,3.50163595970919));
#3697=CARTESIAN_POINT('Ctrl Pts',(55.,16.2524162012017,3.5));
#3698=CARTESIAN_POINT('Ctrl Pts',(55.,16.3,3.5));
#3699=CARTESIAN_POINT('',(30.9727418490044,16.3,3.5));
#3700=CARTESIAN_POINT('',(24.22603162015,16.3,3.5));
#3701=CARTESIAN_POINT('',(31.9454341160345,14.3,5.5));
#3702=CARTESIAN_POINT('Ctrl Pts',(30.9727418490044,16.3,3.5));
#3703=CARTESIAN_POINT('Ctrl Pts',(31.1041245734285,16.0503508193909,3.5));
#3704=CARTESIAN_POINT('Ctrl Pts',(31.2420017509568,15.7802765635773,3.54948961498513));
#3705=CARTESIAN_POINT('Ctrl Pts',(31.49149443324,15.2763079980243,3.76027072009967));
#3706=CARTESIAN_POINT('Ctrl Pts',(31.6032326300482,15.0425574283692,3.92176057217025));
#3707=CARTESIAN_POINT('Ctrl Pts',(31.7672900926277,14.6926142882312,4.28651388257401));
#3708=CARTESIAN_POINT('Ctrl Pts',(31.8343527216465,14.5460086674553,4.50438354889572));
#3709=CARTESIAN_POINT('Ctrl Pts',(31.9233597612849,14.349616191927,4.9864428966138));
#3710=CARTESIAN_POINT('Ctrl Pts',(31.9454341160345,14.3,5.25067808886251));
#3711=CARTESIAN_POINT('Ctrl Pts',(31.9454341160345,14.3,5.5));
#3712=CARTESIAN_POINT('',(24.22603162015,14.3,5.5));
#3713=CARTESIAN_POINT('Origin',(48.4520632403,14.3,3.4999367597));
#3714=CARTESIAN_POINT('Origin',(55.9520632403,14.3,10.9393262857916));
#3715=CARTESIAN_POINT('',(31.9454341160345,14.3,6.5));
#3716=CARTESIAN_POINT('',(31.9454341160345,14.3,3.4999367597));
#3717=CARTESIAN_POINT('',(42.1153737399353,14.3,6.5));
#3718=CARTESIAN_POINT('',(42.0253598831383,14.3,6.5));
#3719=CARTESIAN_POINT('',(42.1153737399353,14.3,8.5));
#3720=CARTESIAN_POINT('Origin',(-15.9727056139255,16.3,5.5));
#3721=CARTESIAN_POINT('',(-55.,16.3,3.5));
#3722=CARTESIAN_POINT('',(-52.912707702725,14.3,5.5));
#3723=CARTESIAN_POINT('Ctrl Pts',(-55.,16.3,3.5));
#3724=CARTESIAN_POINT('Ctrl Pts',(-55.,16.1678832689958,3.5));
#3725=CARTESIAN_POINT('Ctrl Pts',(-54.9792715847599,16.0380519529175,3.51317439219676));
#3726=CARTESIAN_POINT('Ctrl Pts',(-54.9042677853535,15.788815023277,3.56225360276008));
#3727=CARTESIAN_POINT('Ctrl Pts',(-54.8500561445424,15.6693953002231,3.59818415822092));
#3728=CARTESIAN_POINT('Ctrl Pts',(-54.6554288934244,15.333215674912,3.73263141763126));
#3729=CARTESIAN_POINT('Ctrl Pts',(-54.483148284643,15.1382719480517,3.85909679209064));
#3730=CARTESIAN_POINT('Ctrl Pts',(-54.095746446876,14.7780164558247,4.17403855644992));
#3731=CARTESIAN_POINT('Ctrl Pts',(-53.8427535179598,14.6038557942192,4.40238383494351));
#3732=CARTESIAN_POINT('Ctrl Pts',(-53.3522354726941,14.364335761935,4.9213204193091));
#3733=CARTESIAN_POINT('Ctrl Pts',(-53.1148465252981,14.3,5.21251220588369));
#3734=CARTESIAN_POINT('Ctrl Pts',(-52.912707702725,14.3,5.5));
#3735=CARTESIAN_POINT('',(-31.9454227786681,14.3,5.5));
#3736=CARTESIAN_POINT('',(-15.9727056139255,14.3,5.5));
#3737=CARTESIAN_POINT('',(-30.972730530385,16.3,3.5));
#3738=CARTESIAN_POINT('Ctrl Pts',(-30.972730530385,16.3,3.5));
#3739=CARTESIAN_POINT('Ctrl Pts',(-31.1041132523618,16.0503508193781,3.5));
#3740=CARTESIAN_POINT('Ctrl Pts',(-31.241990427243,15.7802765636475,3.54948961499678));
#3741=CARTESIAN_POINT('Ctrl Pts',(-31.4914831045783,15.2763079984652,3.76027071987425));
#3742=CARTESIAN_POINT('Ctrl Pts',(-31.6032212990869,15.0425574290957,3.92176057169241));
#3743=CARTESIAN_POINT('Ctrl Pts',(-31.7672787585534,14.6926142887764,4.28651388175877));
#3744=CARTESIAN_POINT('Ctrl Pts',(-31.8343413863631,14.546008667742,4.50438354833104));
#3745=CARTESIAN_POINT('Ctrl Pts',(-31.9233484243541,14.3496161919449,4.98644289643068));
#3746=CARTESIAN_POINT('Ctrl Pts',(-31.9454227786681,14.3,5.25067808880736));
#3747=CARTESIAN_POINT('Ctrl Pts',(-31.9454227786681,14.3,5.5));
#3748=CARTESIAN_POINT('',(-15.9727056139255,16.3,3.5));
#3749=CARTESIAN_POINT('Origin',(-31.945411227851,14.3,3.4999367597));
#3750=CARTESIAN_POINT('',(-42.1153737399353,14.3,6.5));
#3751=CARTESIAN_POINT('',(-42.1153737399353,14.3,8.5));
#3752=CARTESIAN_POINT('',(-31.9454227786681,14.3,6.5));
#3753=CARTESIAN_POINT('',(-15.9727056139255,14.3,6.5));
#3754=CARTESIAN_POINT('',(-31.9454227786681,14.3,6.5));
#3755=CARTESIAN_POINT('Origin',(-59.0479367597,14.3,9.81381089275482));
#3756=CARTESIAN_POINT('Origin',(15.9727170580173,-16.3000004768372,5.5));
#3757=CARTESIAN_POINT('',(55.,-16.3000004768372,3.5));
#3758=CARTESIAN_POINT('',(50.7883698376378,-14.3000004768372,5.5));
#3759=CARTESIAN_POINT('Ctrl Pts',(55.,-16.3000004768372,3.5));
#3760=CARTESIAN_POINT('Ctrl Pts',(55.,-16.2524166780389,3.5));
#3761=CARTESIAN_POINT('Ctrl Pts',(54.9870996446295,-16.2093112796697,3.50163595970919));
#3762=CARTESIAN_POINT('Ctrl Pts',(54.9466183873703,-16.1280356168002,3.50699670404712));
#3763=CARTESIAN_POINT('Ctrl Pts',(54.9191001940205,-16.0898348381906,3.51073216287775));
#3764=CARTESIAN_POINT('Ctrl Pts',(54.824083525028,-15.9802197456182,3.5243577952102));
#3765=CARTESIAN_POINT('Ctrl Pts',(54.7449351069208,-15.9140449241979,3.53671692084656));
#3766=CARTESIAN_POINT('Ctrl Pts',(54.2847920346387,-15.5627191588539,3.61654940754433));
#3767=CARTESIAN_POINT('Ctrl Pts',(53.7757352679619,-15.3015964494374,3.74827405757962));
#3768=CARTESIAN_POINT('Ctrl Pts',(52.9298229187889,-14.8873773233697,4.06001812302932));
#3769=CARTESIAN_POINT('Ctrl Pts',(52.4654402255486,-14.686149163834,4.27858811461383));
#3770=CARTESIAN_POINT('Ctrl Pts',(51.5771418925729,-14.3918445353514,4.82524076985688));
#3771=CARTESIAN_POINT('Ctrl Pts',(51.153088820618,-14.3000004768372,5.15376281780337));
#3772=CARTESIAN_POINT('Ctrl Pts',(50.7883698376378,-14.3000004768372,5.5));
#3773=CARTESIAN_POINT('',(31.9454341160345,-14.3000004768372,5.5));
#3774=CARTESIAN_POINT('',(15.9727170580173,-14.3000004768372,5.5));
#3775=CARTESIAN_POINT('',(30.9727418490044,-16.3000004768372,3.5));
#3776=CARTESIAN_POINT('Ctrl Pts',(31.9454341160345,-14.3000004768372,5.5));
#3777=CARTESIAN_POINT('Ctrl Pts',(31.9454341160345,-14.3000004768372,5.25067808886251));
#3778=CARTESIAN_POINT('Ctrl Pts',(31.9233597612849,-14.3496166687642,4.9864428966138));
#3779=CARTESIAN_POINT('Ctrl Pts',(31.8343527216465,-14.5460091442924,4.50438354889572));
#3780=CARTESIAN_POINT('Ctrl Pts',(31.7672900926277,-14.6926147650683,4.28651388257401));
#3781=CARTESIAN_POINT('Ctrl Pts',(31.6032326300482,-15.0425579052063,3.92176057217025));
#3782=CARTESIAN_POINT('Ctrl Pts',(31.49149443324,-15.2763084748614,3.76027072009968));
#3783=CARTESIAN_POINT('Ctrl Pts',(31.2420017509568,-15.7802770404145,3.54948961498513));
#3784=CARTESIAN_POINT('Ctrl Pts',(31.1041245734285,-16.0503512962281,3.5));
#3785=CARTESIAN_POINT('Ctrl Pts',(30.9727418490044,-16.3000004768372,3.5));
#3786=CARTESIAN_POINT('',(15.9727170580173,-16.3000004768372,3.5));
#3787=CARTESIAN_POINT('Origin',(0.,0.,3.5));
#3788=CARTESIAN_POINT('',(55.,21.,3.5));
#3789=CARTESIAN_POINT('',(55.,-10.5,3.5));
#3790=CARTESIAN_POINT('',(40.,36.,3.5));
#3791=CARTESIAN_POINT('Origin',(40.,21.,3.5));
#3792=CARTESIAN_POINT('',(-40.,36.,3.5));
#3793=CARTESIAN_POINT('',(20.,36.,3.5));
#3794=CARTESIAN_POINT('',(-55.,21.,3.5));
#3795=CARTESIAN_POINT('Origin',(-40.,21.,3.5));
#3796=CARTESIAN_POINT('',(-55.,10.5,3.5));
#3797=CARTESIAN_POINT('Origin',(0.,0.,3.5));
#3798=CARTESIAN_POINT('Origin',(0.,0.,3.5));
#3799=CARTESIAN_POINT('Origin',(0.,0.,3.5));
#3800=CARTESIAN_POINT('Origin',(0.,0.,3.5));
#3801=CARTESIAN_POINT('Origin',(0.,0.,3.5));
#3802=CARTESIAN_POINT('',(35.0000005215406,4.44089209850063E-15,3.5));
#3803=CARTESIAN_POINT('Origin',(0.,0.,3.5));
#3804=CARTESIAN_POINT('Origin',(0.,0.,3.5));
#3805=CARTESIAN_POINT('Origin',(0.,0.,3.5));
#3806=CARTESIAN_POINT('Origin',(0.,0.,3.5));
#3807=CARTESIAN_POINT('Origin',(0.,0.,3.5));
#3808=CARTESIAN_POINT('Origin',(0.,0.,3.5));
#3809=CARTESIAN_POINT('',(-30.9727302794402,-16.3000004768372,3.5));
#3810=CARTESIAN_POINT('Origin',(0.,0.,3.5));
#3811=CARTESIAN_POINT('',(-55.,-16.3000004768372,3.5));
#3812=CARTESIAN_POINT('',(-25.77396837985,-16.3000004768372,3.5));
#3813=CARTESIAN_POINT('',(-55.,-21.,3.5));
#3814=CARTESIAN_POINT('',(-55.,10.5,3.5));
#3815=CARTESIAN_POINT('',(-40.,-36.,3.5));
#3816=CARTESIAN_POINT('Origin',(-40.,-21.,3.5));
#3817=CARTESIAN_POINT('',(40.,-36.,3.5));
#3818=CARTESIAN_POINT('',(-20.,-36.,3.5));
#3819=CARTESIAN_POINT('',(55.,-21.,3.5));
#3820=CARTESIAN_POINT('Origin',(40.,-21.,3.5));
#3821=CARTESIAN_POINT('',(55.,-10.5,3.5));
#3822=CARTESIAN_POINT('Origin',(1.14440917897696E-5,-2.38418579323607E-7,
3.5));
#3823=CARTESIAN_POINT('',(55.,-10.5,3.5));
#3824=CARTESIAN_POINT('Origin',(1.14440917897696E-5,-2.38418579323607E-7,
3.5));
#3825=CARTESIAN_POINT('',(46.6000006705523,27.9999995827675,3.5));
#3826=CARTESIAN_POINT('Origin',(45.0000006705523,27.9999995827675,3.5));
#3827=CARTESIAN_POINT('',(46.6000006705523,-28.0000004172325,3.5));
#3828=CARTESIAN_POINT('Origin',(45.0000006705523,-28.0000004172325,3.5));
#3829=CARTESIAN_POINT('',(-43.4000006705523,-28.0000004172325,3.5));
#3830=CARTESIAN_POINT('Origin',(-45.0000006705523,-28.0000004172325,3.5));
#3831=CARTESIAN_POINT('',(-43.4000006705523,27.9999995827675,3.5));
#3832=CARTESIAN_POINT('Origin',(-45.0000006705523,27.9999995827675,3.5));
#3833=CARTESIAN_POINT('Origin',(-25.77396837985,-16.3000004768372,5.5));
#3834=CARTESIAN_POINT('',(-52.912707702725,-14.3000004768372,5.5));
#3835=CARTESIAN_POINT('Ctrl Pts',(-52.912707702725,-14.3000004768372,5.5));
#3836=CARTESIAN_POINT('Ctrl Pts',(-53.1148465252981,-14.3000004768372,5.21251220588369));
#3837=CARTESIAN_POINT('Ctrl Pts',(-53.3522354726941,-14.3643362387721,4.9213204193091));
#3838=CARTESIAN_POINT('Ctrl Pts',(-53.8427535179598,-14.6038562710564,4.40238383494351));
#3839=CARTESIAN_POINT('Ctrl Pts',(-54.095746446876,-14.7780169326619,4.17403855644992));
#3840=CARTESIAN_POINT('Ctrl Pts',(-54.483148284643,-15.1382724248889,3.85909679209064));
#3841=CARTESIAN_POINT('Ctrl Pts',(-54.6554288934244,-15.3332161517492,3.73263141763126));
#3842=CARTESIAN_POINT('Ctrl Pts',(-54.8500561445424,-15.6693957770602,3.59818415822092));
#3843=CARTESIAN_POINT('Ctrl Pts',(-54.9042677853535,-15.7888155001141,3.56225360276008));
#3844=CARTESIAN_POINT('Ctrl Pts',(-54.9792715847599,-16.0380524297547,3.51317439219676));
#3845=CARTESIAN_POINT('Ctrl Pts',(-55.,-16.167883745833,3.5));
#3846=CARTESIAN_POINT('Ctrl Pts',(-55.,-16.3000004768372,3.5));
#3847=CARTESIAN_POINT('',(-31.9454225652174,-14.3000004768372,5.5));
#3848=CARTESIAN_POINT('Ctrl Pts',(-31.9454225652174,-14.3000004768372,5.5));
#3849=CARTESIAN_POINT('Ctrl Pts',(-31.9454225652174,-14.3000004768372,5.25067808891765));
#3850=CARTESIAN_POINT('Ctrl Pts',(-31.9233482100322,-14.3496166687463,4.98644289679691));
#3851=CARTESIAN_POINT('Ctrl Pts',(-31.8343411687463,-14.5460091440056,4.5043835494604));
#3852=CARTESIAN_POINT('Ctrl Pts',(-31.7672785385184,-14.6926147645231,4.28651388338925));
#3853=CARTESIAN_POINT('Ctrl Pts',(-31.603221072826,-15.0425579044798,3.92176057264808));
#3854=CARTESIAN_POINT('Ctrl Pts',(-31.4914828737182,-15.2763084744205,3.7602707203251));
#3855=CARTESIAN_POINT('Ctrl Pts',(-31.241990186487,-15.7802770403443,3.54948961497348));
#3856=CARTESIAN_POINT('Ctrl Pts',(-31.1041130063115,-16.0503512962409,3.5));
#3857=CARTESIAN_POINT('Ctrl Pts',(-30.9727302794402,-16.3000004768372,3.5));
#3858=CARTESIAN_POINT('',(-25.77396837985,-14.3000004768372,5.5));
#3859=CARTESIAN_POINT('Origin',(0.,0.,6.5));
#3860=CARTESIAN_POINT('',(-31.945411227851,-14.3000004768372,6.5));
#3861=CARTESIAN_POINT('Origin',(0.,0.,6.5));
#3862=CARTESIAN_POINT('',(-31.9454225652174,-14.3000004768372,6.5));
#3863=CARTESIAN_POINT('Origin',(-59.0479367597,10.5,9.81381089275482));
#3864=CARTESIAN_POINT('',(-55.,10.5,3.5));
#3865=CARTESIAN_POINT('Origin',(0.,0.,3.5));
#3866=CARTESIAN_POINT('',(-55.,10.5,3.5));
#3867=CARTESIAN_POINT('Origin',(0.,0.,3.5));
#3868=CARTESIAN_POINT('Origin',(0.,0.,3.5));
#3869=CARTESIAN_POINT('Origin',(-59.0479367597,10.5,9.81381089275482));
#3870=CARTESIAN_POINT('Origin',(-59.0479367597,-14.3000004768372,9.81381089275482));
#3871=CARTESIAN_POINT('',(-55.,10.5,3.5));
#3872=CARTESIAN_POINT('Origin',(55.9520632403,-10.5,10.9393262857916));
#3873=CARTESIAN_POINT('Origin',(55.9520632403,-14.3000004768372,10.9393262857916));
#3874=CARTESIAN_POINT('',(55.,-10.5,3.5));
#3875=CARTESIAN_POINT('Origin',(55.9520632403,-10.5,10.9393262857916));
#3876=CARTESIAN_POINT('',(55.,-10.5,3.5));
#3877=CARTESIAN_POINT('Origin',(-42.115373617552,-10.8000004768372,8.5));
#3878=CARTESIAN_POINT('',(-42.115373617552,-14.3000004768372,6.5));
#3879=CARTESIAN_POINT('',(-42.115373617552,-14.3000004768372,8.5));
#3880=CARTESIAN_POINT('',(-38.6514381078925,-10.2988510131836,6.5));
#3881=CARTESIAN_POINT('Origin',(-42.115373617552,-10.8000004768372,6.5));
#3882=CARTESIAN_POINT('',(-38.6514381078925,-10.2988510131836,8.5));
#3883=CARTESIAN_POINT('Origin',(-51.5479367597,-14.3000004768372,3.4999367597));
#3884=CARTESIAN_POINT('',(-25.77396837985,-14.3000004768372,6.5));
#3885=CARTESIAN_POINT('Origin',(-42.1153737399353,10.8,8.5));
#3886=CARTESIAN_POINT('',(-38.6514382247251,10.2988505747126,6.5));
#3887=CARTESIAN_POINT('',(-38.6514382247251,10.2988505747126,8.5));
#3888=CARTESIAN_POINT('Origin',(-42.1153737399353,10.8,6.5));
#3889=CARTESIAN_POINT('Origin',(-42.0334390693885,11.2,8.5));
#3890=CARTESIAN_POINT('Origin',(-42.0334390693885,11.2,6.5));
#3891=CARTESIAN_POINT('Origin',(-42.0334389423331,-11.2000004768372,8.5));
#3892=CARTESIAN_POINT('Origin',(-42.0334389423331,-11.2000004768372,6.5));
#3893=CARTESIAN_POINT('Origin',(42.115373617552,-10.8000004768372,8.5));
#3894=CARTESIAN_POINT('',(38.6514381078925,-10.2988510131836,6.5));
#3895=CARTESIAN_POINT('',(38.6514381078925,-10.2988510131836,8.5));
#3896=CARTESIAN_POINT('',(42.115373617552,-14.3000004768372,6.5));
#3897=CARTESIAN_POINT('Origin',(42.115373617552,-10.8000004768372,6.5));
#3898=CARTESIAN_POINT('',(42.115373617552,-14.3000004768372,8.5));
#3899=CARTESIAN_POINT('Origin',(31.9454341160345,-14.3000004768372,3.4999367597));
#3900=CARTESIAN_POINT('',(31.9454341160345,-14.3000004768372,6.5));
#3901=CARTESIAN_POINT('',(33.7720452976204,-14.3000004768372,6.5));
#3902=CARTESIAN_POINT('',(31.9454341160345,-14.3000004768372,3.4999367597));
#3903=CARTESIAN_POINT('Origin',(42.0334389423331,-11.2000004768372,8.5));
#3904=CARTESIAN_POINT('Origin',(42.0334389423331,-11.2000004768372,6.5));
#3905=CARTESIAN_POINT('Origin',(42.1153737399353,10.8,8.5));
#3906=CARTESIAN_POINT('',(38.6514382247251,10.2988505747126,6.5));
#3907=CARTESIAN_POINT('Origin',(42.1153737399353,10.8,6.5));
#3908=CARTESIAN_POINT('',(38.6514382247251,10.2988505747126,8.5));
#3909=CARTESIAN_POINT('Origin',(42.0334390693885,11.2,8.5));
#3910=CARTESIAN_POINT('Origin',(42.0334390693885,11.2,6.5));
#3911=CARTESIAN_POINT('Origin',(35.5986564792062,-11.0000004768372,6.5));
#3912=CARTESIAN_POINT('Origin',(1.14440917897696E-5,-2.38418579323607E-7,
6.5));
#3913=CARTESIAN_POINT('Origin',(35.5986565259765,11.,6.5));
#3914=CARTESIAN_POINT('Origin',(1.14440917897696E-5,-2.38418579323607E-7,
6.5));
#3915=CARTESIAN_POINT('Origin',(1.14440917897696E-5,-2.38418579323607E-7,
3.4999367597));
#3916=CARTESIAN_POINT('Origin',(1.14440917897696E-5,-2.38418579323607E-7,
3.4999367597));
#3917=CARTESIAN_POINT('Origin',(0.,0.,5.5));
#3918=CARTESIAN_POINT('',(-14.5000002384186,25.1147371227018,5.5));
#3919=CARTESIAN_POINT('',(-25.1147371227018,14.5000002384186,5.5));
#3920=CARTESIAN_POINT('Origin',(0.,0.,5.5));
#3921=CARTESIAN_POINT('',(0.,29.0000004768372,5.5));
#3922=CARTESIAN_POINT('Origin',(0.,0.,5.5));
#3923=CARTESIAN_POINT('',(14.5000002384186,25.1147371227018,5.5));
#3924=CARTESIAN_POINT('Origin',(0.,0.,5.5));
#3925=CARTESIAN_POINT('',(25.1147371227018,14.5000002384186,5.5));
#3926=CARTESIAN_POINT('Origin',(0.,0.,5.5));
#3927=CARTESIAN_POINT('',(29.0000004768372,-6.43929364870503E-15,5.5));
#3928=CARTESIAN_POINT('Origin',(0.,0.,5.5));
#3929=CARTESIAN_POINT('Origin',(0.,0.,5.5));
#3930=CARTESIAN_POINT('Origin',(0.,0.,5.5));
#3931=CARTESIAN_POINT('Origin',(0.,0.,5.5));
#3932=CARTESIAN_POINT('Origin',(0.,0.,5.5));
#3933=CARTESIAN_POINT('Origin',(0.,0.,5.5));
#3934=CARTESIAN_POINT('Origin',(0.,0.,5.5));
#3935=CARTESIAN_POINT('Origin',(0.,0.,5.5));
#3936=CARTESIAN_POINT('',(27.,3.30654635769785E-15,5.5));
#3937=CARTESIAN_POINT('Origin',(0.,0.,5.5));
#3938=CARTESIAN_POINT('Origin',(0.,0.,6.5));
#3939=CARTESIAN_POINT('',(27.,3.30654635769785E-15,6.5));
#3940=CARTESIAN_POINT('',(27.,-3.30654635769785E-15,6.5));
#3941=CARTESIAN_POINT('Origin',(0.,0.,6.5));
#3942=CARTESIAN_POINT('Origin',(16.0000002384186,-27.7128133340551,6.5));
#3943=CARTESIAN_POINT('Origin',(16.0000002384186,-27.7128133340551,3.5));
#3944=CARTESIAN_POINT('',(17.5000002384186,-30.3108895454085,6.5));
#3945=CARTESIAN_POINT('Origin',(16.0000002384186,-27.7128133340551,6.5));
#3946=CARTESIAN_POINT('Origin',(0.,0.,6.5));
#3947=CARTESIAN_POINT('',(-4.28626385541145E-15,-35.0000004768372,6.5));
#3948=CARTESIAN_POINT('Origin',(0.,0.,6.5));
#3949=CARTESIAN_POINT('Origin',(-3.91886981566724E-15,-32.0000004768372,
6.5));
#3950=CARTESIAN_POINT('Origin',(-3.91886981566724E-15,-32.0000004768372,
3.5));
#3951=CARTESIAN_POINT('Origin',(-3.91886981566724E-15,-32.0000004768372,
6.5));
#3952=CARTESIAN_POINT('Origin',(0.,0.,6.5));
#3953=CARTESIAN_POINT('',(-17.5000002384186,-30.3108895454084,6.5));
#3954=CARTESIAN_POINT('Origin',(0.,0.,6.5));
#3955=CARTESIAN_POINT('Origin',(-16.0000002384186,-27.7128133340551,6.5));
#3956=CARTESIAN_POINT('Origin',(-16.0000002384186,-27.7128133340551,3.5));
#3957=CARTESIAN_POINT('Origin',(-16.0000002384186,-27.7128133340551,6.5));
#3958=CARTESIAN_POINT('Origin',(0.,0.,6.5));
#3959=CARTESIAN_POINT('',(-30.3108895454085,-17.5000002384186,6.5));
#3960=CARTESIAN_POINT('Origin',(0.,0.,6.5));
#3961=CARTESIAN_POINT('Origin',(-27.7128133340551,-16.0000002384186,6.5));
#3962=CARTESIAN_POINT('Origin',(-27.7128133340551,-16.0000002384186,3.5));
#3963=CARTESIAN_POINT('Origin',(-27.7128133340551,-16.0000002384186,6.5));
#3964=CARTESIAN_POINT('Origin',(0.,0.,6.5));
#3965=CARTESIAN_POINT('',(-35.0000004768372,-7.77156127825521E-15,6.5));
#3966=CARTESIAN_POINT('Origin',(0.,0.,6.5));
#3967=CARTESIAN_POINT('Origin',(0.,0.,6.5));
#3968=CARTESIAN_POINT('Origin',(0.,0.,6.5));
#3969=CARTESIAN_POINT('Origin',(0.,0.,6.5));
#3970=CARTESIAN_POINT('Origin',(0.,0.,6.5));
#3971=CARTESIAN_POINT('',(-30.3108895454084,17.5000002384186,6.5));
#3972=CARTESIAN_POINT('Origin',(27.7128133340551,-16.0000002384186,6.5));
#3973=CARTESIAN_POINT('Origin',(27.7128133340551,-16.0000002384186,3.5));
#3974=CARTESIAN_POINT('',(30.3108895454084,-17.5000002384186,6.5));
#3975=CARTESIAN_POINT('Origin',(27.7128133340551,-16.0000002384186,6.5));
#3976=CARTESIAN_POINT('Origin',(27.7128133340551,-16.0000002384186,3.5));
#3977=CARTESIAN_POINT('',(29.4128133340551,-16.0000002384186,3.5));
#3978=CARTESIAN_POINT('Origin',(27.7128133340551,-16.0000002384186,3.5));
#3979=CARTESIAN_POINT('Origin',(27.7128133340551,16.0000002384186,6.5));
#3980=CARTESIAN_POINT('',(25.1147371227018,14.5000002384186,3.5));
#3981=CARTESIAN_POINT('Origin',(27.7128133340551,16.0000002384186,3.5));
#3982=CARTESIAN_POINT('',(25.1147371227018,14.5000002384186,6.5));
#3983=CARTESIAN_POINT('',(25.1147371227018,14.5000002384186,6.5));
#3984=CARTESIAN_POINT('Origin',(27.7128133340551,16.0000002384186,3.5));
#3985=CARTESIAN_POINT('',(30.3108895454085,17.5000002384186,6.5));
#3986=CARTESIAN_POINT('Origin',(27.7128133340551,16.0000002384186,6.5));
#3987=CARTESIAN_POINT('Origin',(27.7128133340551,16.0000002384186,3.5));
#3988=CARTESIAN_POINT('',(29.4128133340551,16.0000002384186,3.5));
#3989=CARTESIAN_POINT('Origin',(27.7128133340551,16.0000002384186,3.5));
#3990=CARTESIAN_POINT('Origin',(32.0000004768372,-7.10542746348012E-15,
6.5));
#3991=CARTESIAN_POINT('',(29.0000004768372,-6.43929364870503E-15,3.5));
#3992=CARTESIAN_POINT('',(29.0000004768372,-6.43929364870503E-15,6.5));
#3993=CARTESIAN_POINT('Origin',(32.0000004768372,-7.10542746348012E-15,
3.5));
#3994=CARTESIAN_POINT('',(35.0000005215406,4.28626386088604E-15,6.5));
#3995=CARTESIAN_POINT('',(35.0000004768372,-7.77156127825521E-15,6.5));
#3996=CARTESIAN_POINT('Origin',(32.0000004768372,-7.10542746348012E-15,
6.5));
#3997=CARTESIAN_POINT('',(35.0000004768372,-7.77156127825521E-15,6.5));
#3998=CARTESIAN_POINT('Origin',(32.0000004768372,-7.10542746348012E-15,
3.5));
#3999=CARTESIAN_POINT('',(29.0000004768372,-6.43929364870503E-15,6.5));
#4000=CARTESIAN_POINT('Origin',(32.0000004768372,-7.21644966006352E-15,
3.5));
#4001=CARTESIAN_POINT('',(33.7000004768372,-6.89723750762507E-15,3.5));
#4002=CARTESIAN_POINT('Origin',(32.0000004768372,-7.10542746348012E-15,
3.5));
#4003=CARTESIAN_POINT('Origin',(-32.0000004768372,-7.10542746348012E-15,
6.5));
#4004=CARTESIAN_POINT('',(-29.0000004768372,-6.43929364870503E-15,6.5));
#4005=CARTESIAN_POINT('Origin',(-32.0000004768372,-7.10542746348012E-15,
3.5));
#4006=CARTESIAN_POINT('Origin',(-32.0000004768372,-7.10542746348012E-15,
6.5));
#4007=CARTESIAN_POINT('Origin',(-32.0000004768372,-7.21644966006352E-15,
3.5));
#4008=CARTESIAN_POINT('',(-30.3000004768372,-6.89723750762507E-15,3.5));
#4009=CARTESIAN_POINT('Origin',(-32.0000004768372,-7.10542746348012E-15,
3.5));
#4010=CARTESIAN_POINT('Origin',(-16.0000002384186,27.7128133340551,6.5));
#4011=CARTESIAN_POINT('',(-14.5000002384186,25.1147371227018,3.5));
#4012=CARTESIAN_POINT('Origin',(-16.0000002384186,27.7128133340551,3.5));
#4013=CARTESIAN_POINT('',(-14.5000002384186,25.1147371227018,6.5));
#4014=CARTESIAN_POINT('',(-14.5000002384186,25.1147371227018,6.5));
#4015=CARTESIAN_POINT('Origin',(-16.0000002384186,27.7128133340551,3.5));
#4016=CARTESIAN_POINT('',(-17.5000002384186,30.3108895454084,6.5));
#4017=CARTESIAN_POINT('Origin',(-16.0000002384186,27.7128133340551,6.5));
#4018=CARTESIAN_POINT('Origin',(-16.0000002384186,27.7128133340551,3.5));
#4019=CARTESIAN_POINT('',(-14.3000002384186,27.7128133340551,3.5));
#4020=CARTESIAN_POINT('Origin',(-16.0000002384186,27.7128133340551,3.5));
#4021=CARTESIAN_POINT('Origin',(16.0000002384186,27.7128133340551,6.5));
#4022=CARTESIAN_POINT('',(14.5000002384186,25.1147371227018,3.5));
#4023=CARTESIAN_POINT('Origin',(16.0000002384186,27.7128133340551,3.5));
#4024=CARTESIAN_POINT('',(14.5000002384186,25.1147371227018,6.5));
#4025=CARTESIAN_POINT('',(14.5000002384186,25.1147371227018,6.5));
#4026=CARTESIAN_POINT('Origin',(16.0000002384186,27.7128133340551,3.5));
#4027=CARTESIAN_POINT('',(17.5000002384186,30.3108895454084,6.5));
#4028=CARTESIAN_POINT('Origin',(16.0000002384186,27.7128133340551,6.5));
#4029=CARTESIAN_POINT('Origin',(16.0000002384186,27.7128133340551,3.5));
#4030=CARTESIAN_POINT('',(17.7000002384186,27.7128133340551,3.5));
#4031=CARTESIAN_POINT('Origin',(16.0000002384186,27.7128133340551,3.5));
#4032=CARTESIAN_POINT('Origin',(-16.0000002384186,-27.7128133340551,3.5));
#4033=CARTESIAN_POINT('',(-14.3000002384186,-27.7128133340551,3.5));
#4034=CARTESIAN_POINT('Origin',(-16.0000002384186,-27.7128133340551,3.5));
#4035=CARTESIAN_POINT('Origin',(16.0000002384186,-27.7128133340551,3.5));
#4036=CARTESIAN_POINT('',(17.7000002384186,-27.7128133340551,3.5));
#4037=CARTESIAN_POINT('Origin',(16.0000002384186,-27.7128133340551,3.5));
#4038=CARTESIAN_POINT('Origin',(0.,32.0000004768372,6.5));
#4039=CARTESIAN_POINT('',(0.,29.0000004768372,3.5));
#4040=CARTESIAN_POINT('Origin',(0.,32.0000004768372,3.5));
#4041=CARTESIAN_POINT('',(0.,29.0000004768372,6.5));
#4042=CARTESIAN_POINT('',(0.,29.0000004768372,6.5));
#4043=CARTESIAN_POINT('Origin',(0.,32.0000004768372,3.5));
#4044=CARTESIAN_POINT('',(0.,35.0000004768372,6.5));
#4045=CARTESIAN_POINT('Origin',(0.,32.0000004768372,6.5));
#4046=CARTESIAN_POINT('Origin',(0.,32.0000004768372,3.5));
#4047=CARTESIAN_POINT('',(1.7,32.0000004768372,3.5));
#4048=CARTESIAN_POINT('Origin',(0.,32.0000004768372,3.5));
#4049=CARTESIAN_POINT('Origin',(-3.88578058618805E-15,-32.0000004768372,
3.5));
#4050=CARTESIAN_POINT('',(1.7,-32.0000004768372,3.5));
#4051=CARTESIAN_POINT('Origin',(-3.91886981566724E-15,-32.0000004768372,
3.5));
#4052=CARTESIAN_POINT('Origin',(-27.7128133340551,-16.0000002384186,3.5));
#4053=CARTESIAN_POINT('',(-26.0128133340551,-16.0000002384186,3.5));
#4054=CARTESIAN_POINT('Origin',(-27.7128133340551,-16.0000002384186,3.5));
#4055=CARTESIAN_POINT('Origin',(-27.7128133340551,16.0000002384186,6.5));
#4056=CARTESIAN_POINT('',(-25.1147371227018,14.5000002384186,3.5));
#4057=CARTESIAN_POINT('Origin',(-27.7128133340551,16.0000002384186,3.5));
#4058=CARTESIAN_POINT('',(-25.1147371227018,14.5000002384186,6.5));
#4059=CARTESIAN_POINT('',(-25.1147371227018,14.5000002384186,6.5));
#4060=CARTESIAN_POINT('Origin',(-27.7128133340551,16.0000002384186,3.5));
#4061=CARTESIAN_POINT('Origin',(-27.7128133340551,16.0000002384186,6.5));
#4062=CARTESIAN_POINT('Origin',(-27.7128133340551,16.0000002384186,3.5));
#4063=CARTESIAN_POINT('',(-26.0128133340551,16.0000002384186,3.5));
#4064=CARTESIAN_POINT('Origin',(-27.7128133340551,16.0000002384186,3.5));
#4065=CARTESIAN_POINT('Origin',(0.,0.,6.5));
#4066=CARTESIAN_POINT('Origin',(0.,0.,6.5));
#4067=CARTESIAN_POINT('Origin',(0.,0.,6.5));
#4068=CARTESIAN_POINT('Origin',(0.,0.,6.5));
#4069=CARTESIAN_POINT('Origin',(0.,0.,6.5));
#4070=CARTESIAN_POINT('Origin',(0.,0.,6.5));
#4071=CARTESIAN_POINT('Origin',(0.,0.,6.5));
#4072=CARTESIAN_POINT('Origin',(0.,0.,6.5));
#4073=CARTESIAN_POINT('Origin',(0.,0.,6.5));
#4074=CARTESIAN_POINT('Origin',(0.,0.,6.5));
#4075=CARTESIAN_POINT('Origin',(0.,0.,6.5));
#4076=CARTESIAN_POINT('Origin',(0.,0.,6.5));
#4077=CARTESIAN_POINT('Origin',(0.,0.,6.5));
#4078=CARTESIAN_POINT('Origin',(0.,0.,6.5));
#4079=CARTESIAN_POINT('Origin',(0.,0.,6.5));
#4080=CARTESIAN_POINT('Origin',(-40.,21.,1.5));
#4081=CARTESIAN_POINT('',(-40.,36.,1.5));
#4082=CARTESIAN_POINT('',(-40.,36.,1.5));
#4083=CARTESIAN_POINT('',(-55.,21.,1.5));
#4084=CARTESIAN_POINT('Origin',(-40.,21.,1.5));
#4085=CARTESIAN_POINT('',(-55.,21.,1.5));
#4086=CARTESIAN_POINT('Origin',(40.,36.,1.5));
#4087=CARTESIAN_POINT('',(40.,36.,1.5));
#4088=CARTESIAN_POINT('',(40.,36.,1.5));
#4089=CARTESIAN_POINT('',(40.,36.,1.5));
#4090=CARTESIAN_POINT('Origin',(40.,21.,1.5));
#4091=CARTESIAN_POINT('',(55.,21.,1.5));
#4092=CARTESIAN_POINT('',(55.,21.,1.5));
#4093=CARTESIAN_POINT('Origin',(40.,21.,1.5));
#4094=CARTESIAN_POINT('Origin',(55.,-21.,1.5));
#4095=CARTESIAN_POINT('',(55.,-21.,1.5));
#4096=CARTESIAN_POINT('',(55.,-21.,1.5));
#4097=CARTESIAN_POINT('',(55.,-21.,1.5));
#4098=CARTESIAN_POINT('Origin',(45.0000006705523,27.9999995827675,1.5));
#4099=CARTESIAN_POINT('',(46.6000006705523,27.9999995827675,1.5));
#4100=CARTESIAN_POINT('',(46.6000006705523,27.9999995827675,1.5));
#4101=CARTESIAN_POINT('Origin',(45.0000006705523,27.9999995827675,1.5));
#4102=CARTESIAN_POINT('Origin',(16.0000002384186,-27.7128133340551,1.5));
#4103=CARTESIAN_POINT('',(17.7000002384186,-27.7128133340551,1.5));
#4104=CARTESIAN_POINT('',(17.7000002384186,-27.7128133340551,1.5));
#4105=CARTESIAN_POINT('Origin',(16.0000002384186,-27.7128133340551,1.5));
#4106=CARTESIAN_POINT('Origin',(-3.91886981566724E-15,-32.0000004768372,
1.5));
#4107=CARTESIAN_POINT('',(1.7,-32.0000004768372,1.5));
#4108=CARTESIAN_POINT('',(1.7,-32.0000004768372,1.5));
#4109=CARTESIAN_POINT('Origin',(-3.91886981566724E-15,-32.0000004768372,
1.5));
#4110=CARTESIAN_POINT('Origin',(-45.0000006705523,27.9999995827675,1.5));
#4111=CARTESIAN_POINT('',(-43.4000006705523,27.9999995827675,1.5));
#4112=CARTESIAN_POINT('',(-43.4000006705523,27.9999995827675,1.5));
#4113=CARTESIAN_POINT('Origin',(-45.0000006705523,27.9999995827675,1.5));
#4114=CARTESIAN_POINT('Origin',(27.7128133340551,16.0000002384186,1.5));
#4115=CARTESIAN_POINT('',(29.4128133340551,16.0000002384186,1.5));
#4116=CARTESIAN_POINT('',(29.4128133340551,16.0000002384186,1.5));
#4117=CARTESIAN_POINT('Origin',(27.7128133340551,16.0000002384186,1.5));
#4118=CARTESIAN_POINT('Origin',(32.0000004768372,-7.10542746348012E-15,
1.5));
#4119=CARTESIAN_POINT('',(33.7000004768372,-6.89723750762507E-15,1.5));
#4120=CARTESIAN_POINT('',(33.7000004768372,-6.89723750762507E-15,1.5));
#4121=CARTESIAN_POINT('Origin',(32.0000004768372,-7.10542746348012E-15,
1.5));
#4122=CARTESIAN_POINT('Origin',(-27.7128133340551,-16.0000002384186,1.5));
#4123=CARTESIAN_POINT('',(-26.0128133340551,-16.0000002384186,1.5));
#4124=CARTESIAN_POINT('',(-26.0128133340551,-16.0000002384186,1.5));
#4125=CARTESIAN_POINT('Origin',(-27.7128133340551,-16.0000002384186,1.5));
#4126=CARTESIAN_POINT('Origin',(-16.0000002384186,27.7128133340551,1.5));
#4127=CARTESIAN_POINT('',(-14.3000002384186,27.7128133340551,1.5));
#4128=CARTESIAN_POINT('',(-14.3000002384186,27.7128133340551,1.5));
#4129=CARTESIAN_POINT('Origin',(-16.0000002384186,27.7128133340551,1.5));
#4130=CARTESIAN_POINT('Origin',(0.,0.,1.5));
#4131=CARTESIAN_POINT('',(25.1147370839875,-14.5000002160668,1.5));
#4132=CARTESIAN_POINT('',(25.1147370839875,-14.5000002160668,1.5));
#4133=CARTESIAN_POINT('Origin',(0.,0.,1.5));
#4134=CARTESIAN_POINT('Origin',(0.,32.0000004768372,1.5));
#4135=CARTESIAN_POINT('',(1.7,32.0000004768372,1.5));
#4136=CARTESIAN_POINT('',(1.7,32.0000004768372,1.5));
#4137=CARTESIAN_POINT('Origin',(0.,32.0000004768372,1.5));
#4138=CARTESIAN_POINT('Origin',(-32.0000004768372,-7.10542746348012E-15,
1.5));
#4139=CARTESIAN_POINT('',(-30.3000004768372,-6.89723750762507E-15,1.5));
#4140=CARTESIAN_POINT('',(-30.3000004768372,-6.89723750762507E-15,1.5));
#4141=CARTESIAN_POINT('Origin',(-32.0000004768372,-7.10542746348012E-15,
1.5));
#4142=CARTESIAN_POINT('Origin',(-45.0000006705523,-28.0000004172325,1.5));
#4143=CARTESIAN_POINT('',(-43.4000006705523,-28.0000004172325,1.5));
#4144=CARTESIAN_POINT('',(-43.4000006705523,-28.0000004172325,1.5));
#4145=CARTESIAN_POINT('Origin',(-45.0000006705523,-28.0000004172325,1.5));
#4146=CARTESIAN_POINT('Origin',(-16.0000002384186,-27.7128133340551,1.5));
#4147=CARTESIAN_POINT('',(-14.3000002384186,-27.7128133340551,1.5));
#4148=CARTESIAN_POINT('',(-14.3000002384186,-27.7128133340551,1.5));
#4149=CARTESIAN_POINT('Origin',(-16.0000002384186,-27.7128133340551,1.5));
#4150=CARTESIAN_POINT('Origin',(-27.7128133340551,16.0000002384186,1.5));
#4151=CARTESIAN_POINT('',(-26.0128133340551,16.0000002384186,1.5));
#4152=CARTESIAN_POINT('',(-26.0128133340551,16.0000002384186,1.5));
#4153=CARTESIAN_POINT('Origin',(-27.7128133340551,16.0000002384186,1.5));
#4154=CARTESIAN_POINT('Origin',(16.0000002384186,27.7128133340551,1.5));
#4155=CARTESIAN_POINT('',(17.7000002384186,27.7128133340551,1.5));
#4156=CARTESIAN_POINT('',(17.7000002384186,27.7128133340551,1.5));
#4157=CARTESIAN_POINT('Origin',(16.0000002384186,27.7128133340551,1.5));
#4158=CARTESIAN_POINT('Origin',(45.0000006705523,-28.0000004172325,1.5));
#4159=CARTESIAN_POINT('',(46.6000006705523,-28.0000004172325,1.5));
#4160=CARTESIAN_POINT('',(46.6000006705523,-28.0000004172325,1.5));
#4161=CARTESIAN_POINT('Origin',(45.0000006705523,-28.0000004172325,1.5));
#4162=CARTESIAN_POINT('Origin',(27.7128133340551,-16.0000002384186,1.5));
#4163=CARTESIAN_POINT('',(29.4128133340551,-16.0000002384186,1.5));
#4164=CARTESIAN_POINT('',(29.4128133340551,-16.0000002384186,1.5));
#4165=CARTESIAN_POINT('Origin',(27.7128133340551,-16.0000002384186,1.5));
#4166=CARTESIAN_POINT('Origin',(40.,-21.,1.5));
#4167=CARTESIAN_POINT('',(40.,-36.,1.5));
#4168=CARTESIAN_POINT('',(40.,-36.,1.5));
#4169=CARTESIAN_POINT('Origin',(40.,-21.,1.5));
#4170=CARTESIAN_POINT('Origin',(-40.,-36.,1.5));
#4171=CARTESIAN_POINT('',(-40.,-36.,1.5));
#4172=CARTESIAN_POINT('',(-40.,-36.,1.5));
#4173=CARTESIAN_POINT('',(-40.,-36.,1.5));
#4174=CARTESIAN_POINT('Origin',(-40.,-21.,1.5));
#4175=CARTESIAN_POINT('',(-55.,-21.,1.5));
#4176=CARTESIAN_POINT('',(-55.,-21.,1.5));
#4177=CARTESIAN_POINT('Origin',(-40.,-21.,1.5));
#4178=CARTESIAN_POINT('Origin',(-55.,21.,1.5));
#4179=CARTESIAN_POINT('',(-55.,21.,1.5));
#4180=CARTESIAN_POINT('Origin',(0.,0.,1.5));
#4181=UNCERTAINTY_MEASURE_WITH_UNIT(LENGTH_MEASURE(0.01),#4185,
'DISTANCE_ACCURACY_VALUE',
'Maximum model space distance between geometric entities at asserted c
onnectivities');
#4182=UNCERTAINTY_MEASURE_WITH_UNIT(LENGTH_MEASURE(0.01),#4185,
'DISTANCE_ACCURACY_VALUE',
'Maximum model space distance between geometric entities at asserted c
onnectivities');
#4183=(
GEOMETRIC_REPRESENTATION_CONTEXT(3)
GLOBAL_UNCERTAINTY_ASSIGNED_CONTEXT((#4181))
GLOBAL_UNIT_ASSIGNED_CONTEXT((#4185,#4186,#4187))
REPRESENTATION_CONTEXT('','3D')
);
#4184=(
GEOMETRIC_REPRESENTATION_CONTEXT(3)
GLOBAL_UNCERTAINTY_ASSIGNED_CONTEXT((#4182))
GLOBAL_UNIT_ASSIGNED_CONTEXT((#4185,#4186,#4187))
REPRESENTATION_CONTEXT('','3D')
);
#4185=(
LENGTH_UNIT()
NAMED_UNIT(*)
SI_UNIT(.MILLI.,.METRE.)
);
#4186=(
NAMED_UNIT(*)
PLANE_ANGLE_UNIT()
SI_UNIT($,.RADIAN.)
);
#4187=(
NAMED_UNIT(*)
SI_UNIT($,.STERADIAN.)
SOLID_ANGLE_UNIT()
);
#4188=SHAPE_DEFINITION_REPRESENTATION(#4189,#4190);
#4189=PRODUCT_DEFINITION_SHAPE('',$,#4192);
#4190=SHAPE_REPRESENTATION('',(#2363),#4183);
#4191=PRODUCT_DEFINITION_CONTEXT('part definition',#4196,'design');
#4192=PRODUCT_DEFINITION('Acuator Host-Join','Acuator Host-Join v15',#4193,
#4191);
#4193=PRODUCT_DEFINITION_FORMATION('',$,#4198);
#4194=PRODUCT_RELATED_PRODUCT_CATEGORY('Acuator Host-Join v15',
'Acuator Host-Join v15',(#4198));
#4195=APPLICATION_PROTOCOL_DEFINITION('international standard',
'automotive_design',2009,#4196);
#4196=APPLICATION_CONTEXT(
'Core Data for Automotive Mechanical Design Process');
#4197=PRODUCT_CONTEXT('part definition',#4196,'mechanical');
#4198=PRODUCT('Acuator Host-Join','Acuator Host-Join v15',$,(#4197));
#4199=PRESENTATION_STYLE_ASSIGNMENT((#4200));
#4200=SURFACE_STYLE_USAGE(.BOTH.,#4201);
#4201=SURFACE_SIDE_STYLE('',(#4202));
#4202=SURFACE_STYLE_FILL_AREA(#4203);
#4203=FILL_AREA_STYLE('Steel - Satin',(#4204));
#4204=FILL_AREA_STYLE_COLOUR('Steel - Satin',#4205);
#4205=COLOUR_RGB('Steel - Satin',0.627450980392157,0.627450980392157,0.627450980392157);
ENDSEC;
END-ISO-10303-21;
